cat_slug,rank,name,name_en,brand,ebay_usd,krw,margin,weight_g,ebay_cat_id,seo_tags,change,source_slugs
kpop-goods,1,방탄소년단 공식 응원봉,BTS Official Light Stick ARMY Bomb,Weverse Shop,65.99,28000,57,350,18314,kpop lightstick;bts merch;army bomb,0,domeggook-com;hallyugoods-com;fancykorea-com
kpop-goods,2,블랙핑크 포토카드 세트,BLACKPINK Photo Card Set,YG SELECT,25,10500,58,80,18314,blackpink pc;kpop photocards;yg merch,0,domeggook-com;hallyugoods-com;fancykorea-com
kpop-goods,3,NCT 앨범 포스터,NCT Album Poster,SMTOWN &STORE,15,6000,60,120,18314,nct poster;kpop poster;sm entertainment,0,domeggook-com;hallyugoods-com;fancykorea-com
kpop-goods,4,스트레이 키즈 미니 인형,Stray Kids Mini Doll,JYP Shop,35,14000,60,200,18314,stray kids merch;kpop doll;jyp entertainment,0,domeggook-com;hallyugoods-com;fancykorea-com
kpop-goods,5,아이브 공식 포토카드,IVE Official Photo Card,STARSHIP SQUARE,12,5000,58,50,18314,ive pc;kpop girl group;starship,0,domeggook-com;hallyugoods-com;fancykorea-com
kpop-goods,6,세븐틴 앨범 포토북,SEVENTEEN Album Photobook,Pledis Shop,28,11500,59,300,18314,seventeen merch;kpop photobook;pledis,0,domeggook-com;hallyugoods-com;fancykorea-com
kpop-goods,7,투모로우바이투게더 키링,TXT Keyring,Weverse Shop,20,8000,60,70,18314,txt merch;kpop keyring;bighit,0,domeggook-com;hallyugoods-com;fancykorea-com
kpop-goods,8,뉴진스 앨범 CD,NewJeans Album CD,ADOR,30,12500,58,250,18314,newjeans album;kpop cd;ador,0,domeggook-com;hallyugoods-com;fancykorea-com
kpop-goods,9,에스파 공식 포스터,aespa Official Poster,SMTOWN &STORE,18,7500,58,100,18314,aespa poster;kpop merch;sm entertainment,5,domeggook-com;hallyugoods-com;fancykorea-com
kpop-goods,10,르세라핌 포토카드,LE SSERAFIM Photo Card,SOURCE MUSIC,10,4000,60,40,18314,le sserafim pc;kpop girl group;source music,0,domeggook-com;hallyugoods-com;fancykorea-com
kpop-goods,11,K-POP 아이돌 스티커 세트,K-POP Idol Sticker Set,COKODIVE,8,3000,62,30,18314,kpop stickers;idol merch;kpop stationery,0,domeggook-com;hallyugoods-com;fancykorea-com
kpop-goods,12,K-POP 앨범 포토카드 바인더,K-POP Album Photo Card Binder,WITHMUU,15,6000,60,150,18314,photocard binder;kpop collector;pc holder,0,domeggook-com;hallyugoods-com;fancykorea-com
kpop-goods,13,K-POP 아이돌 응원 슬로건,K-POP Idol Cheering Slogan,MAKESTAR,22,9000,59,180,18314,kpop slogan;fan merch;concert goods,0,domeggook-com;hallyugoods-com;fancykorea-com
kpop-goods,14,K-POP 아이돌 폰케이스,K-POP Idol Phone Case,MUSIC PLANT,28,11000,61,90,18314,kpop phone case;idol phone accessory;custom case,0,domeggook-com;hallyugoods-com;fancykorea-com
kpop-goods,15,K-POP 아이돌 배지 세트,K-POP Idol Badge Set,EVERLINE,10,4000,60,50,18314,kpop badge;idol pin;merch pin,0,domeggook-com;hallyugoods-com;fancykorea-com
kpop-goods,16,K-POP 아이돌 포토 프레임,K-POP Idol Photo Frame,DEAR MY MUSE,18,7000,61,180,18314,kpop photo frame;idol display;pc holder,0,domeggook-com;hallyugoods-com;fancykorea-com
kpop-goods,17,K-POP 아이돌 마스크 스트랩,K-POP Idol Mask Strap,MUSIC KOREA,7,2500,64,30,18314,kpop mask strap;idol accessory;face mask holder,0,domeggook-com;hallyugoods-com;fancykorea-com
kpop-goods,18,K-POP 아이돌 담요,K-POP Idol Blanket,BEATROAD,40,16000,60,400,18314,kpop blanket;idol throw;fan blanket,0,domeggook-com;hallyugoods-com;fancykorea-com
kpop-goods,19,K-POP 아이돌 컵홀더,K-POP Idol Cup Holder,JOEUN MUSIC,5,1800,64,40,18314,kpop cup holder;idol event;fan cafe,0,domeggook-com;hallyugoods-com;fancykorea-com
kpop-goods,20,K-POP 아이돌 엽서 세트,K-POP Idol Postcard Set,Ktown4u,12,4800,60,60,18314,kpop postcard;idol stationery;fan gift,0,domeggook-com;hallyugoods-com;fancykorea-com
kpop-goods,21,K-POP 아이돌 미니 포스터,K-POP Idol Mini Poster,Ktown4u,9,3500,61,50,18314,kpop mini poster;idol decor;wall art,0,domeggook-com;hallyugoods-com;fancykorea-com
kpop-goods,22,K-POP 아이돌 포토카드 홀더,K-POP Idol Photo Card Holder,COKODIVE,14,5500,61,80,18314,photocard holder;kpop pc storage;idol card case,0,domeggook-com;hallyugoods-com;fancykorea-com
kpop-goods,23,K-POP 아이돌 뱃지,K-POP Idol Badge,WITHMUU,6,2200,63,30,18314,kpop pin;idol badge;merch accessory,0,domeggook-com;hallyugoods-com;fancykorea-com
kpop-goods,24,K-POP 아이돌 포토카드 앨범,K-POP Idol Photo Card Album,MAKESTAR,20,8000,60,200,18314,photocard album;kpop collector;pc binder,0,domeggook-com;hallyugoods-com;fancykorea-com
kpop-goods,25,K-POP 아이돌 포토카드 슬리브,K-POP Idol Photo Card Sleeve,MUSIC PLANT,5,1800,64,20,18314,photocard sleeve;kpop pc protection;card protector,0,domeggook-com;hallyugoods-com;fancykorea-com
kpop-goods,26,K-POP 아이돌 포토카드 스탠드,K-POP Idol Photo Card Stand,EVERLINE,10,4000,60,70,18314,photocard stand;kpop pc display;idol card holder,0,domeggook-com;hallyugoods-com;fancykorea-com
kpop-goods,27,K-POP 아이돌 포토카드 탑로더,K-POP Idol Photo Card Toploader,DEAR MY MUSE,8,3000,62,30,18314,photocard toploader;kpop pc protection;card case,0,domeggook-com;hallyugoods-com;fancykorea-com
kpop-goods,28,K-POP 아이돌 포토카드 월렛,K-POP Idol Photo Card Wallet,MUSIC KOREA,15,6000,60,100,18314,photocard wallet;kpop pc storage;idol card wallet,0,domeggook-com;hallyugoods-com;fancykorea-com
kpop-goods,29,K-POP 아이돌 포토카드 키링,K-POP Idol Photo Card Keyring,BEATROAD,12,4800,60,50,18314,photocard keyring;kpop pc accessory;idol keychain,0,domeggook-com;hallyugoods-com;fancykorea-com
kpop-goods,30,K-POP 아이돌 포토카드 세트 (비공식),K-POP Idol Photo Card Set (Unofficial),COKODIVE,7,2500,64,40,18314,kpop unofficial pc;idol fanmade;cheap photocards,0,domeggook-com;hallyugoods-com;fancykorea-com
k-beauty-skincare,1,조선미녀 맑은쌀 선크림,Beauty of Joseon Relief Sun Rice,조선미녀,18.5,7800,42,220,11233,korean sunscreen;kbeauty;rice extract,0,domeggook-com;ownerclan-com;koreacosmetic-co-kr
k-beauty-skincare,2,라운드랩 독도 토너,Round Lab 1025 Dokdo Toner,라운드랩,22,9000,45,300,11233,dokdo toner;korean toner;sensitive skin,0,domeggook-com;ownerclan-com;koreacosmetic-co-kr
k-beauty-skincare,3,아누아 어성초 토너,Anua Heartleaf 77% Soothing Toner,아누아,25,10500,43,320,11233,anua toner;heartleaf;calming toner,0,domeggook-com;ownerclan-com;koreacosmetic-co-kr
k-beauty-skincare,4,토리든 다이브인 저분자 히알루론산 세럼,Torriden DIVE-IN Low Molecular Hyaluronic Acid Serum,토리든,28,12000,42,150,11233,torriden serum;hyaluronic acid;hydration serum,8,domeggook-com;ownerclan-com;koreacosmetic-co-kr
k-beauty-skincare,5,코스알엑스 퓨어핏 시카 세럼,COSRX Pure Fit Cica Serum,코스알엑스,20,8500,43,120,11233,cosrx cica;cica serum;acne prone skin,0,domeggook-com;ownerclan-com;koreacosmetic-co-kr
k-beauty-skincare,6,메디힐 티트리 케어 솔루션 에센셜 마스크,Mediheal Teatree Care Solution Essential Mask,메디힐,18,7500,44,250,11233,mediheal mask;teatree mask;sheet mask,0,domeggook-com;ownerclan-com;koreacosmetic-co-kr
k-beauty-skincare,7,닥터자르트 시카페어 크림,Dr. Jart+ Cicapair Cream,닥터자르트,35,15000,41,180,11233,dr jart cica;cicapair;redness relief,-2,domeggook-com;ownerclan-com;koreacosmetic-co-kr
k-beauty-skincare,8,이니스프리 그린티 씨드 세럼,Innisfree Green Tea Seed Serum,이니스프리,24,10000,44,200,11233,innisfree green tea;hydrating serum;korean serum,-4,domeggook-com;ownerclan-com;koreacosmetic-co-kr
k-beauty-skincare,9,설화수 윤조 에센스,Sulwhasoo First Care Activating Serum,설화수,70,30000,41,250,11233,sulwhasoo serum;korean luxury;anti aging,0,domeggook-com;ownerclan-com;koreacosmetic-co-kr
k-beauty-skincare,10,라네즈 워터 슬리핑 마스크,Laneige Water Sleeping Mask,라네즈,28,12000,42,280,11233,laneige sleeping mask;hydration mask;overnight mask,-7,domeggook-com;ownerclan-com;koreacosmetic-co-kr
k-beauty-skincare,11,넘버즈인 3번 맑은 광채 촉촉 에센스,numbuzin No.3 Skin Softening Serum,넘버즈인,26,11000,43,150,11233,numbuzin serum;skin softening;korean essence,0,domeggook-com;ownerclan-com;koreacosmetic-co-kr
k-beauty-skincare,12,마녀공장 퓨어 클렌징 오일,Manyo Factory Pure Cleansing Oil,마녀공장,29,12500,42,350,11233,manyo cleansing oil;korean cleansing;double cleanse,-3,domeggook-com;ownerclan-com;koreacosmetic-co-kr
k-beauty-skincare,13,에스트라 아토베리어365 크림,Aestura Atobarrier 365 Cream,에스트라,32,14000,40,200,11233,aestura cream;atobarrier;sensitive skin moisturizer,0,domeggook-com;ownerclan-com;koreacosmetic-co-kr
k-beauty-skincare,14,한율 어린쑥 수분진정 크림,Hanyul Pure Artemisia Calming Water Cream,한율,27,11500,43,180,11233,hanyul artemisia;calming cream;korean moisturizer,0,domeggook-com;ownerclan-com;koreacosmetic-co-kr
k-beauty-skincare,15,아이오페 바이오 에센스,IOPE Bio Essence Intensive Conditioning,아이오페,45,19000,43,250,11233,iope essence;korean anti aging;skin conditioning,-9,domeggook-com;ownerclan-com;koreacosmetic-co-kr
k-beauty-skincare,16,센텔라 카밍 토너,Centella Calming Toner,라운드랩,20,8500,43,280,11233,centella toner;calming skincare;korean toner,0,domeggook-com;ownerclan-com;koreacosmetic-co-kr
k-beauty-skincare,17,비타민 C 브라이트닝 세럼,Vitamin C Brightening Serum,코스알엑스,25,10500,43,100,11233,vitamin c serum;brightening serum;korean skincare,0,domeggook-com;ownerclan-com;koreacosmetic-co-kr
k-beauty-skincare,18,콜라겐 탄력 크림,Collagen Firming Cream,설화수,55,23000,43,220,11233,collagen cream;firming cream;anti aging,0,domeggook-com;ownerclan-com;koreacosmetic-co-kr
k-beauty-skincare,19,히알루론산 수분 앰플,Hyaluronic Acid Hydrating Ampoule,토리든,23,9500,44,100,11233,hyaluronic ampoule;hydration booster;korean ampoule,0,domeggook-com;ownerclan-com;koreacosmetic-co-kr
k-beauty-skincare,20,진정 시카 패드,Calming Cica Pad,메디힐,17,7000,45,150,11233,cica pad;toner pad;calming skin,0,domeggook-com;ownerclan-com;koreacosmetic-co-kr
k-beauty-skincare,21,프로폴리스 에너지 앰플,Propolis Energy Ampoule,코스알엑스,22,9000,45,100,11233,propolis ampoule;skin barrier;korean ampoule,0,domeggook-com;ownerclan-com;koreacosmetic-co-kr
k-beauty-skincare,22,갈락토미세스 에센스,Galactomyces Ferment Essence,마녀공장,30,12500,43,150,11233,galactomyces essence;fermented skincare;korean essence,0,domeggook-com;ownerclan-com;koreacosmetic-co-kr
k-beauty-skincare,23,세라마이드 보습 로션,Ceramide Moisturizing Lotion,에스트라,26,11000,43,250,11233,ceramide lotion;moisture barrier;dry skin,0,domeggook-com;ownerclan-com;koreacosmetic-co-kr
k-beauty-skincare,24,녹두 딥 클렌징 오일,Mung Bean Deep Cleansing Oil,조선미녀,21,8800,43,280,11233,mung bean oil;korean cleansing oil;deep cleanse,0,domeggook-com;ownerclan-com;koreacosmetic-co-kr
k-beauty-skincare,25,어성초 진정 앰플,Heartleaf Calming Ampoule,아누아,24,10000,44,120,11233,heartleaf ampoule;calming skin;korean ampoule,0,domeggook-com;ownerclan-com;koreacosmetic-co-kr
k-beauty-skincare,26,달팽이 점액 필터링 에센스,Snail Mucin Essence,코스알엑스,19,8000,43,150,11233,snail mucin;korean essence;skin repair,0,domeggook-com;ownerclan-com;koreacosmetic-co-kr
k-beauty-skincare,27,병풀 추출물 크림,Centella Asiatica Extract Cream,닥터자르트,30,12500,43,180,11233,centella cream;cica cream;skin soothing,0,domeggook-com;ownerclan-com;koreacosmetic-co-kr
k-beauty-skincare,28,그린티 퓨어 클렌징 폼,Green Tea Pure Cleansing Foam,이니스프리,15,6000,48,180,11233,green tea cleanser;korean cleansing foam;innisfree,0,domeggook-com;ownerclan-com;koreacosmetic-co-kr
k-beauty-skincare,29,수분 젤 크림,Hydrating Gel Cream,라네즈,27,11500,43,150,11233,gel cream;hydrating moisturizer;korean gel,0,domeggook-com;ownerclan-com;koreacosmetic-co-kr
k-beauty-skincare,30,인삼 리페어 세럼,Ginseng Repair Serum,설화수,65,27000,43,200,11233,ginseng serum;korean anti aging;herbal serum,0,domeggook-com;ownerclan-com;koreacosmetic-co-kr
trading-cards,1,포켓몬 카드 게임 확장팩,Pokemon Card Game Booster Pack,포켓몬코리아,6.99,2800,60,50,2611,pokemon cards;booster pack;korean pokemon,0,domeggook-com;1000za-kr;cardmarket-co-kr
trading-cards,2,유희왕 오피셜 카드 게임 스트럭처 덱,Yu-Gi-Oh! Official Card Game Structure Deck,대원미디어,25,10000,60,200,2611,yugioh deck;structure deck;korean yugioh,0,domeggook-com;1000za-kr;cardmarket-co-kr
trading-cards,3,매직 더 개더링 부스터 박스,Magic: The Gathering Booster Box,코리아보드게임즈,120,50000,58,500,2611,mtg booster box;magic cards;korean mtg,0,domeggook-com;1000za-kr;cardmarket-co-kr
trading-cards,4,디지몬 카드 게임 스타터 덱,Digimon Card Game Starter Deck,대원미디어,18,7500,58,150,2611,digimon cards;starter deck;korean digimon,0,domeggook-com;1000za-kr;cardmarket-co-kr
trading-cards,5,뱅가드 카드 게임 트라이얼 덱,Cardfight!! Vanguard Trial Deck,카드킹덤,20,8000,60,180,2611,vanguard cards;trial deck;korean vanguard,5,domeggook-com;1000za-kr;cardmarket-co-kr
trading-cards,6,포켓몬 카드 게임 프리미엄 컬렉션,Pokemon Card Game Premium Collection,포켓몬코리아,40,16000,60,300,2611,pokemon collection;premium box;korean pokemon,0,domeggook-com;1000za-kr;cardmarket-co-kr
trading-cards,7,유희왕 오피셜 카드 게임 듀얼리스트 팩,Yu-Gi-Oh! Official Card Game Duelist Pack,대원미디어,15,6000,60,100,2611,yugioh pack;duelist pack;korean yugioh,0,domeggook-com;1000za-kr;cardmarket-co-kr
trading-cards,8,매직 더 개더링 커맨더 덱,Magic: The Gathering Commander Deck,코리아보드게임즈,45,18000,60,350,2611,mtg commander;commander deck;korean mtg,0,domeggook-com;1000za-kr;cardmarket-co-kr
trading-cards,9,디지몬 카드 게임 부스터 박스,Digimon Card Game Booster Box,대원미디어,70,29000,58,450,2611,digimon booster box;korean digimon;card box,0,domeggook-com;1000za-kr;cardmarket-co-kr
trading-cards,10,뱅가드 카드 게임 부스터 팩,Cardfight!! Vanguard Booster Pack,카드킹덤,5,2000,60,40,2611,vanguard booster;cardfight pack;korean vanguard,-5,domeggook-com;1000za-kr;cardmarket-co-kr
trading-cards,11,포켓몬 카드 게임 싱글 카드,Pokemon Card Game Single Card,포켓몬코리아,10,4000,60,30,2611,pokemon single;rare pokemon;korean pokemon,0,domeggook-com;1000za-kr;cardmarket-co-kr
trading-cards,12,유희왕 오피셜 카드 게임 싱글 카드,Yu-Gi-Oh! Official Card Game Single Card,대원미디어,8,3200,60,30,2611,yugioh single;rare yugioh;korean yugioh,0,domeggook-com;1000za-kr;cardmarket-co-kr
trading-cards,13,매직 더 개더링 싱글 카드,Magic: The Gathering Single Card,코리아보드게임즈,12,4800,60,30,2611,mtg single;rare magic;korean mtg,0,domeggook-com;1000za-kr;cardmarket-co-kr
trading-cards,14,디지몬 카드 게임 싱글 카드,Digimon Card Game Single Card,대원미디어,7,2800,60,30,2611,digimon single;rare digimon;korean digimon,0,domeggook-com;1000za-kr;cardmarket-co-kr
trading-cards,15,뱅가드 카드 게임 싱글 카드,Cardfight!! Vanguard Single Card,카드킹덤,6,2400,60,30,2611,vanguard single;rare vanguard;korean vanguard,0,domeggook-com;1000za-kr;cardmarket-co-kr
trading-cards,16,TCG 카드 슬리브,TCG Card Sleeves,TCG샵,8,3000,62,80,2611,card sleeves;tcg accessories;card protection,0,domeggook-com;1000za-kr;cardmarket-co-kr
trading-cards,17,TCG 카드 바인더,TCG Card Binder,카드캐슬,20,8000,60,300,2611,card binder;tcg storage;card album,0,domeggook-com;1000za-kr;cardmarket-co-kr
trading-cards,18,TCG 플레이 매트,TCG Playmat,팝콘에듀,25,10000,60,250,2611,playmat;tcg mat;card game accessory,0,domeggook-com;1000za-kr;cardmarket-co-kr
trading-cards,19,TCG 카드 케이스,TCG Card Case,미카코리아,12,4800,60,100,2611,card case;deck box;tcg storage,0,domeggook-com;1000za-kr;cardmarket-co-kr
trading-cards,20,TCG 카드 프로텍터,TCG Card Protector,학산문화사,7,2800,60,60,2611,card protector;tcg sleeves;card guard,0,domeggook-com;1000za-kr;cardmarket-co-kr
trading-cards,21,TCG 카드 디스플레이 스탠드,TCG Card Display Stand,젬블로,15,6000,60,120,2611,card display;tcg stand;card holder,0,domeggook-com;1000za-kr;cardmarket-co-kr
trading-cards,22,TCG 카드 분할기,TCG Card Divider,엔스카이 코리아,5,2000,60,30,2611,card divider;tcg organizer;card separator,0,domeggook-com;1000za-kr;cardmarket-co-kr
trading-cards,23,TCG 카드 보관함,TCG Card Storage Box,카드냥,18,7000,61,200,2611,card storage;tcg box;card organizer,0,domeggook-com;1000za-kr;cardmarket-co-kr
trading-cards,24,TCG 카드 매트,TCG Card Mat,롤링다이스,22,9000,59,220,2611,card mat;tcg playmat;gaming mat,0,domeggook-com;1000za-kr;cardmarket-co-kr
trading-cards,25,TCG 카드 앨범,TCG Card Album,AK 커뮤니케이션즈,28,11000,61,350,2611,card album;tcg collector;card book,0,domeggook-com;1000za-kr;cardmarket-co-kr
trading-cards,26,TCG 카드 홀더,TCG Card Holder,티머니,10,4000,60,70,2611,card holder;tcg accessory;card display,0,domeggook-com;1000za-kr;cardmarket-co-kr
trading-cards,27,TCG 카드 덱 박스,TCG Card Deck Box,TCG샵,14,5500,61,100,2611,deck box;tcg storage;card container,0,domeggook-com;1000za-kr;cardmarket-co-kr
trading-cards,28,TCG 카드 보호 필름,TCG Card Protector Film,카드캐슬,6,2400,60,40,2611,card film;tcg protection;card cover,0,domeggook-com;1000za-kr;cardmarket-co-kr
trading-cards,29,TCG 카드 플레이 세트,TCG Card Play Set,팝콘에듀,35,14000,60,400,2611,card play set;tcg starter;card game kit,0,domeggook-com;1000za-kr;cardmarket-co-kr
trading-cards,30,TCG 카드 컬렉션 박스,TCG Card Collection Box,미카코리아,40,16000,60,450,2611,card collection box;tcg storage;card display box,0,domeggook-com;1000za-kr;cardmarket-co-kr
auto-parts,1,현대모비스 순정 에어 필터,Hyundai Mobis Genuine Air Filter,현대모비스,25,10000,60,200,33612,hyundai air filter;kia air filter;genuine parts,0,domeggook-com;mobis-co-kr-customer-parts-search-do;auton-kr
auto-parts,2,HL만도 브레이크 패드 세트,HL Mando Brake Pad Set,HL만도,70,28000,60,1500,33612,mando brake pads;korean brake parts;hyundai kia brakes,0,domeggook-com;carpos-co-kr;auton-kr
auto-parts,3,한온시스템 에어컨 필터,Hanon Systems Cabin Air Filter,한온시스템,30,12000,60,250,33612,hanon cabin filter;kia cabin filter;hyundai filter,-1,domeggook-com;carpos-co-kr;auton-kr
auto-parts,4,현대위아 오일 필터,Hyundai Wia Oil Filter,현대위아,15,6000,60,100,33612,hyundai oil filter;kia oil filter;engine oil filter,-1,domeggook-com;mobis-co-kr-customer-parts-search-do;auton-kr
auto-parts,5,현대트랜시스 자동변속기 오일,Hyundai Transys Automatic Transmission Fluid,현대트랜시스,40,16000,60,1000,33612,hyundai atf;kia atf;transmission fluid,0,domeggook-com;mobis-co-kr-customer-parts-search-do;auton-kr
auto-parts,6,에스엘 헤드라이트 어셈블리,SL Headlight Assembly,에스엘,150,60000,60,2500,33612,hyundai headlight;kia headlight;sl lighting,0,domeggook-com;carpos-co-kr;auton-kr
auto-parts,7,현대케피코 연료 필터,Hyundai KEFICO Fuel Filter,현대케피코,35,14000,60,300,33612,hyundai fuel filter;kia fuel filter;kefico parts,0,domeggook-com;mobis-co-kr-customer-parts-search-do;auton-kr
auto-parts,8,화신 서스펜션 암,Hwashin Suspension Arm,화신,80,32000,60,2000,33612,hyundai suspension;kia suspension;control arm,0,domeggook-com;carpos-co-kr;auton-kr
auto-parts,9,서연이화 도어 핸들,Seoyon E-Hwa Door Handle,서연이화,45,18000,60,400,33612,hyundai door handle;kia door handle;exterior parts,0,domeggook-com;carpos-co-kr;auton-kr
auto-parts,10,파츠로 엔진 오일,Partsro Engine Oil,파츠로,50,20000,60,4000,33612,engine oil;synthetic oil;korean motor oil,0,domeggook-com;auton-kr;parts-korea-com
auto-parts,11,자동차 와이퍼 블레이드,Car Wiper Blades,오토엔,20,8000,60,300,33612,wiper blades;hyundai wiper;kia wiper,0,domeggook-com;auton-kr;parts-korea-com
auto-parts,12,자동차 에어컨 컴프레서,Car AC Compressor,한온시스템,300,120000,60,4000,33612,ac compressor;hyundai ac;kia ac,0,domeggook-com;carpos-co-kr;auton-kr
auto-parts,13,자동차 배터리,Car Battery,경창산업,100,40000,60,10000,33612,car battery;automotive battery;korean battery,0,domeggook-com;auton-kr;parts-korea-com
auto-parts,14,자동차 스파크 플러그,Car Spark Plugs,현대케피코,40,16000,60,200,33612,spark plugs;hyundai spark;kia spark,0,domeggook-com;mobis-co-kr-customer-parts-search-do;auton-kr
auto-parts,15,자동차 브레이크 디스크,Car Brake Disc Rotor,HL만도,90,36000,60,5000,33612,brake rotor;disc brake;korean brake parts,0,domeggook-com;carpos-co-kr;auton-kr
auto-parts,16,자동차 휠 캡,Car Wheel Cap,지파츠,15,6000,60,100,33612,wheel cap;hub cap;car accessories,0,domeggook-com;auton-kr;parts-korea-com
auto-parts,17,자동차 사이드 미러,Car Side Mirror,서연이화,70,28000,60,800,33612,side mirror;rear view mirror;hyundai mirror,0,domeggook-com;carpos-co-kr;auton-kr
auto-parts,18,자동차 범퍼,Car Bumper,화신,200,80000,60,8000,33612,car bumper;front bumper;rear bumper,0,domeggook-com;carpos-co-kr;auton-kr
auto-parts,19,자동차 라디에이터,Car Radiator,현대위아,120,48000,60,3000,33612,car radiator;engine cooling;hyundai radiator,0,domeggook-com;mobis-co-kr-customer-parts-search-do;auton-kr
auto-parts,20,자동차 워터 펌프,Car Water Pump,현대모비스,60,24000,60,1000,33612,water pump;engine cooling;hyundai water pump,0,domeggook-com;mobis-co-kr-customer-parts-search-do;auton-kr
auto-parts,21,자동차 연료 펌프,Car Fuel Pump,현대케피코,80,32000,60,1200,33612,fuel pump;hyundai fuel;kia fuel,0,domeggook-com;mobis-co-kr-customer-parts-search-do;auton-kr
auto-parts,22,자동차 점화 코일,Car Ignition Coil,현대모비스,50,20000,60,400,33612,ignition coil;hyundai ignition;kia ignition,0,domeggook-com;mobis-co-kr-customer-parts-search-do;auton-kr
auto-parts,23,자동차 에어백 센서,Car Airbag Sensor,유라코퍼레이션,90,36000,60,200,33612,airbag sensor;safety sensor;korean auto sensor,0,domeggook-com;auton-kr;parts-korea-com
auto-parts,24,자동차 퓨즈 박스,Car Fuse Box,경창산업,60,24000,60,500,33612,fuse box;electrical parts;car fuse,0,domeggook-com;auton-kr;parts-korea-com
auto-parts,25,자동차 스티어링 휠,Car Steering Wheel,현대모비스,250,100000,60,2000,33612,steering wheel;hyundai steering;kia steering,0,domeggook-com;mobis-co-kr-customer-parts-search-do;auton-kr
auto-parts,26,자동차 타이어 공기압 센서,Car Tire Pressure Sensor (TPMS),지파츠,40,16000,60,100,33612,tpms sensor;tire pressure;car sensor,0,domeggook-com;auton-kr;parts-korea-com
auto-parts,27,자동차 후방 카메라,Car Rear View Camera,카닥,70,28000,60,300,33612,rear view camera;backup camera;car camera,0,domeggook-com;auton-kr;parts-korea-com
auto-parts,28,자동차 블랙박스,Car Dash Cam (Black Box),카닥,120,48000,60,500,33612,dash cam;black box;car recorder,0,domeggook-com;auton-kr;parts-korea-com
auto-parts,29,자동차 공기청정기,Car Air Purifier,오토엔,50,20000,60,400,33612,car air purifier;cabin air cleaner;car interior,0,domeggook-com;auton-kr;parts-korea-com
auto-parts,30,자동차 스마트키 케이스,Car Smart Key Case,오토엔,20,8000,60,80,33612,smart key case;key fob cover;car key accessory,0,domeggook-com;auton-kr;parts-korea-com
k-beauty-makeup,1,롬앤 쥬시 래스팅 틴트,Rom&nd Juicy Lasting Tint,롬앤,13,5500,43,50,11233,romand tint;korean lip tint;juicy tint,1,domeggook-com;ownerclan-com;koreacosmetic-co-kr
k-beauty-makeup,2,클리오 킬커버 파운웨어 쿠션,Clio Kill Cover Founwear Cushion,클리오,28,12000,42,150,11233,clio cushion;korean cushion;kill cover,-1,domeggook-com;ownerclan-com;koreacosmetic-co-kr
k-beauty-makeup,3,에뛰드 플레이 컬러 아이즈 팔레트,Etude Play Color Eyes Palette,에뛰드,22,9000,45,100,11233,etude eyeshadow;korean eyeshadow;play color eyes,0,domeggook-com;ownerclan-com;koreacosmetic-co-kr
k-beauty-makeup,4,페리페라 잉크 더 에어리 벨벳 틴트,Peripera Ink The Airy Velvet Tint,페리페라,10,4000,60,40,11233,peripera tint;airy velvet;korean lip makeup,0,domeggook-com;ownerclan-com;koreacosmetic-co-kr
k-beauty-makeup,5,3CE 벨벳 립 틴트,3CE Velvet Lip Tint,3CE,18,7500,58,50,11233,3ce tint;velvet tint;korean lip product,1,domeggook-com;ownerclan-com;koreacosmetic-co-kr
k-beauty-makeup,6,헤라 블랙 쿠션,Hera Black Cushion,헤라,45,19000,43,180,11233,hera cushion;black cushion;korean luxury makeup,-3,domeggook-com;ownerclan-com;koreacosmetic-co-kr
k-beauty-makeup,7,데이지크 섀도우 팔레트,Dasique Shadow Palette,데이지크,30,12500,43,120,11233,dasique palette;korean eyeshadow;glitter palette,0,domeggook-com;ownerclan-com;koreacosmetic-co-kr
k-beauty-makeup,8,어뮤즈 듀 틴트,Amuse Dew Tint,어뮤즈,20,8500,43,50,11233,amuse tint;dewy tint;korean vegan makeup,1,domeggook-com;ownerclan-com;koreacosmetic-co-kr
k-beauty-makeup,9,에스쁘아 프로 테일러 비 벨벳 쿠션,Espoir Pro Tailor Be Velvet Cushion,에스쁘아,32,13500,43,150,11233,espoir cushion;velvet cushion;korean base makeup,2,domeggook-com;ownerclan-com;koreacosmetic-co-kr
k-beauty-makeup,10,힌스 무드 인핸서 리퀴드 글로우,Hince Mood Enhancer Liquid Glow,힌스,25,10500,43,60,11233,hince lip glow;liquid glow;korean lip gloss,2,domeggook-com;ownerclan-com;koreacosmetic-co-kr
k-beauty-makeup,11,웨이크메이크 소프트 블러링 아이 팔레트,Wakemake Soft Blurring Eye Palette,웨이크메이크,27,11500,43,110,11233,wakemake eyeshadow;blurring palette;korean eye makeup,0,domeggook-com;ownerclan-com;koreacosmetic-co-kr
k-beauty-makeup,12,라카 스무스 매트 립스틱,Laka Smooth Matte Lipstick,라카,19,8000,43,40,11233,laka lipstick;matte lipstick;korean gender neutral,0,domeggook-com;ownerclan-com;koreacosmetic-co-kr
k-beauty-makeup,13,정샘물 에센셜 스킨 누더 쿠션,Jung Saem Mool Essential Skin Nuder Cushion,정샘물,40,17000,43,160,11233,jungsaemmool cushion;skin nuder;korean makeup artist,-3,domeggook-com;ownerclan-com;koreacosmetic-co-kr
k-beauty-makeup,14,투쿨포스쿨 아트클래스 바이 로댕 쉐딩,Too Cool For School Artclass By Rodin Shading,투쿨포스쿨,16,6500,46,80,11233,toocoolforschool shading;rodin contour;korean contour,0,domeggook-com;ownerclan-com;koreacosmetic-co-kr
k-beauty-makeup,15,릴리바이레드 러브빔 치크,Lilybyred Luv Beam Cheek,릴리바이레드,12,5000,44,60,11233,lilybyred blush;korean blush;cream blush,0,domeggook-com;ownerclan-com;koreacosmetic-co-kr
k-beauty-makeup,16,글로우 립 틴트,Glow Lip Tint,롬앤,14,5800,44,50,11233,glow tint;korean lip gloss;hydrating tint,0,domeggook-com;ownerclan-com;koreacosmetic-co-kr
k-beauty-makeup,17,커버력 좋은 쿠션 파운데이션,High Coverage Cushion Foundation,클리오,29,12500,42,150,11233,full coverage cushion;korean foundation;long lasting,0,domeggook-com;ownerclan-com;koreacosmetic-co-kr
k-beauty-makeup,18,데일리 아이섀도우 팔레트,Daily Eyeshadow Palette,에뛰드,20,8500,43,100,11233,daily eyeshadow;neutral palette;korean makeup,0,domeggook-com;ownerclan-com;koreacosmetic-co-kr
k-beauty-makeup,19,벨벳 립 틴트,Velvet Lip Tint,페리페라,11,4500,59,40,11233,velvet tint;matte lip;korean lip tint,0,domeggook-com;ownerclan-com;koreacosmetic-co-kr
k-beauty-makeup,20,매트 립스틱,Matte Lipstick,3CE,17,7000,59,40,11233,matte lipstick;korean lipstick;bold lip,0,domeggook-com;ownerclan-com;koreacosmetic-co-kr
k-beauty-makeup,21,롱래스팅 쿠션,Long-Lasting Cushion,헤라,48,20000,44,180,11233,longwear cushion;korean base;hera makeup,0,domeggook-com;ownerclan-com;koreacosmetic-co-kr
k-beauty-makeup,22,글리터 아이섀도우,Glitter Eyeshadow,데이지크,18,7500,58,50,11233,glitter makeup;korean glitter;sparkle eyeshadow,0,domeggook-com;ownerclan-com;koreacosmetic-co-kr
k-beauty-makeup,23,비건 립 틴트,Vegan Lip Tint,어뮤즈,21,8800,43,50,11233,vegan tint;clean beauty;korean vegan,0,domeggook-com;ownerclan-com;koreacosmetic-co-kr
k-beauty-makeup,24,촉촉한 파운데이션,Hydrating Foundation,에스쁘아,35,14500,44,150,11233,hydrating foundation;dewy foundation;korean base,0,domeggook-com;ownerclan-com;koreacosmetic-co-kr
k-beauty-makeup,25,쉬머 블러셔,Shimmer Blush,힌스,22,9000,45,70,11233,shimmer blush;korean blush;glowy cheek,0,domeggook-com;ownerclan-com;koreacosmetic-co-kr
k-beauty-makeup,26,음영 아이섀도우 팔레트,Contour Eyeshadow Palette,웨이크메이크,25,10500,43,110,11233,contour palette;neutral eyeshadow;korean eye makeup,0,domeggook-com;ownerclan-com;koreacosmetic-co-kr
k-beauty-makeup,27,립밤 틴트,Lip Balm Tint,라카,16,6500,46,40,11233,lip balm tint;hydrating lip;korean lip product,0,domeggook-com;ownerclan-com;koreacosmetic-co-kr
k-beauty-makeup,28,컨실러 팔레트,Concealer Palette,정샘물,30,12500,43,80,11233,concealer palette;korean concealer;color correcting,0,domeggook-com;ownerclan-com;koreacosmetic-co-kr
k-beauty-makeup,29,파우더 팩트,Powder Pact,투쿨포스쿨,20,8000,60,100,11233,powder pact;setting powder;korean face makeup,0,domeggook-com;ownerclan-com;koreacosmetic-co-kr
k-beauty-makeup,30,젤 아이라이너,Gel Eyeliner,릴리바이레드,10,4000,60,30,11233,gel eyeliner;korean eyeliner;waterproof eyeliner,0,domeggook-com;ownerclan-com;koreacosmetic-co-kr
computer-parts,1,삼성전자 980 PRO NVMe M.2 SSD 1TB,Samsung 980 PRO NVMe M.2 SSD 1TB,삼성전자,120,65000,45,50,17007,samsung ssd;nvme m.2;1tb ssd,0,compuzone-co-kr;icoda-co-kr;domeggook-com
computer-parts,2,SK하이닉스 Gold P31 NVMe SSD 1TB,SK Hynix Gold P31 NVMe SSD 1TB,SK하이닉스,110,60000,40,50,17007,sk hynix ssd;nvme p31;1tb storage,0,joyzen-co-kr;pcdirect-co-kr;ownerclan-com
computer-parts,3,이엠텍 지포스 RTX 4070 그래픽카드,EMTEK GeForce RTX 4070 Graphics Card,이엠텍,650,350000,38,1200,27386,rtx 4070;emtek gpu;gaming graphics,0,compuzone-co-kr;icoda-co-kr;domeggook-com
computer-parts,4,한미마이크로닉스 Classic II 750W 파워,Micronics Classic II 750W Power Supply,한미마이크로닉스,85,45000,47,1500,3675,750w psu;micronics power;pc power supply,0,joyzen-co-kr;pcdirect-co-kr;dometopia-com
computer-parts,5,앱코 HACKER K660 기계식 키보드,ABKO HACKER K660 Mechanical Keyboard,앱코,70,38000,45,1000,185125,abko keyboard;mechanical keyboard;gaming keyboard,0,domeggook-com;ownerclan-com;sellmoa-com
computer-parts,6,잘만 CNPS10X OPTIMA II CPU 쿨러,Zalman CNPS10X OPTIMA II CPU Cooler,잘만,45,25000,44,800,43031,zalman cooler;cpu air cooler;pc cooling,0,compuzone-co-kr;icoda-co-kr;domema-com
computer-parts,7,3RSYS L700 RGB 미들타워 케이스,3RSYS L700 RGB Mid-Tower Case,3RSYS,95,50000,47,7000,44304,3rsys case;rgb pc case;mid tower,-2,joyzen-co-kr;pcdirect-co-kr;onchannel-co-kr
computer-parts,8,로지텍 코리아 G PRO X SUPERLIGHT 마우스,Logitech Korea G PRO X SUPERLIGHT Mouse,로지텍 코리아,130,70000,46,150,17007,logitech mouse;superlight gaming;wireless mouse,0,domeggook-com;ownerclan-com;sellmoa-com
computer-parts,9,제닉스 ARENA-X ZERO 게이밍 의자,Xenics ARENA-X ZERO Gaming Chair,제닉스,250,130000,48,20000,11754,xenics chair;gaming chair;ergonomic chair,0,dometopia-com;domema-com;onchannel-co-kr
computer-parts,10,맥스틸 TRON G10 PRO 게이밍 마우스,MAXTILL TRON G10 PRO Gaming Mouse,맥스틸,35,18000,48,200,17007,maxtill mouse;gaming peripheral;wired mouse,0,domeggook-com;ownerclan-com;sellmoa-com
computer-parts,11,아이구주 HATCH 6 플렉스 메쉬 케이스,iGuju HATCH 6 FLEX MESH PC Case,아이구주,80,42000,47,6000,44304,iguju case;mesh pc case;computer chassis,2,compuzone-co-kr;icoda-co-kr;dometopia-com
computer-parts,12,갤럭시 코리아 GALAX 지포스 RTX 4060,GALAX GeForce RTX 4060 Graphics Card,갤럭시 코리아,400,210000,47,1000,27386,galax rtx 4060;nvidia gpu;pc gaming,0,joyzen-co-kr;pcdirect-co-kr;domeggook-com
computer-parts,13,조텍 코리아 GAMING 지포스 RTX 3050,ZOTAC GAMING GeForce RTX 3050,조텍 코리아,280,150000,46,900,27386,zotac rtx 3050;gaming gpu;graphics card,0,compuzone-co-kr;icoda-co-kr;ownerclan-com
computer-parts,14,커세어 코리아 K70 RGB MK.2 기계식 키보드,Corsair K70 RGB MK.2 Mechanical Keyboard,커세어 코리아,150,80000,46,1300,185125,corsair keyboard;rgb mechanical;k70 mk2,0,domeggook-com;sellmoa-com;onchannel-co-kr
computer-parts,15,한성컴퓨터 TFG ART 게이밍 모니터 27인치,Hansung Computer TFG ART 27-inch Gaming Monitor,한성컴퓨터,220,110000,50,5000,80053,hansung monitor;gaming display;27 inch monitor,-6,compuzone-co-kr;icoda-co-kr;dometopia-com
computer-parts,16,삼성전자 DDR5 PC용 메모리 16GB,Samsung DDR5 PC Memory 16GB,삼성전자,60,30000,50,30,17007,samsung ram;ddr5 16gb;pc memory,0,domeggook-com;ownerclan-com;compuzone-co-kr
computer-parts,17,SK하이닉스 노트북용 SSD 500GB,SK Hynix Laptop SSD 500GB,SK하이닉스,70,35000,50,40,17007,sk hynix laptop;500gb ssd;notebook storage,0,joyzen-co-kr;pcdirect-co-kr;domema-com
computer-parts,18,이엠텍 RTX 3060 그래픽카드,EMTEK RTX 3060 Graphics Card,이엠텍,350,180000,48,1100,27386,emtek rtx;3060 gpu;video card,0,compuzone-co-kr;icoda-co-kr;onchannel-co-kr
computer-parts,19,마이크로닉스 PC 케이스,Micronics PC Case,한미마이크로닉스,60,30000,50,5000,44304,micronics case;computer chassis;desktop case,0,domeggook-com;ownerclan-com;dometopia-com
computer-parts,20,앱코 게이밍 헤드셋,ABKO Gaming Headset,앱코,40,20000,50,400,11232,abko headset;gaming audio;pc headset,0,sellmoa-com;domema-com;onchannel-co-kr
computer-parts,21,잘만 CPU 쿨러,Zalman CPU Cooler,잘만,30,15000,50,700,43031,zalman fan;cpu cooling;pc fan,0,compuzone-co-kr;icoda-co-kr;domeggook-com
computer-parts,22,3RSYS 시스템 팬,3RSYS System Fan,3RSYS,15,7000,53,100,43031,3rsys fan;pc cooling fan;case fan,0,joyzen-co-kr;pcdirect-co-kr;ownerclan-com
computer-parts,23,로지텍 무선 키보드,Logitech Wireless Keyboard,로지텍 코리아,50,25000,50,800,185125,logitech wireless;pc keyboard;office keyboard,0,domeggook-com;sellmoa-com;dometopia-com
computer-parts,24,제닉스 게이밍 책상,Xenics Gaming Desk,제닉스,180,90000,50,15000,11754,xenics desk;gaming furniture;computer desk,0,domema-com;onchannel-co-kr;ownerclan-com
computer-parts,25,맥스틸 게이밍 마우스패드,MAXTILL Gaming Mouse Pad,맥스틸,20,9000,55,300,17007,maxtill pad;gaming mat;mousepad,0,domeggook-com;sellmoa-com;compuzone-co-kr
computer-parts,26,아이구주 파워서플라이,iGuju Power Supply,아이구주,70,35000,50,1300,3675,iguju psu;pc power;power supply unit,0,icoda-co-kr;joyzen-co-kr;dometopia-com
computer-parts,27,갤럭시 코리아 SSD 1TB,GALAX SSD 1TB,갤럭시 코리아,90,45000,50,60,17007,galax ssd;1tb storage;solid state drive,0,pcdirect-co-kr;domeggook-com;ownerclan-com
computer-parts,28,조텍 코리아 미니 PC,ZOTAC Mini PC,조텍 코리아,300,150000,50,1000,17007,zotac mini;compact pc;small form factor,0,compuzone-co-kr;icoda-co-kr;sellmoa-com
computer-parts,29,커세어 게이밍 마우스,Corsair Gaming Mouse,커세어 코리아,60,30000,50,180,17007,corsair mouse;gaming peripheral;rgb mouse,0,domeggook-com;domema-com;onchannel-co-kr
computer-parts,30,한성컴퓨터 노트북 스탠드,Hansung Computer Laptop Stand,한성컴퓨터,25,12000,52,400,17007,hansung stand;laptop accessory;cooling stand,0,dometopia-com;ownerclan-com;compuzone-co-kr
k-fashion,1,마르디 메크르디 플라워 티셔츠,Mardi Mercredi Flower T-shirt,마르디 메크르디,80,40000,50,250,15687,mardi mercredi;korean fashion;flower tee,0,sinsangmarket-kr;linkshops-com;domeggook-com
k-fashion,2,아더에러 시그니처 로고 후드티,ADER ERROR Signature Logo Hoodie,아더에러,250,130000,48,800,15724,ader error;korean streetwear;designer hoodie,0,ownerclan-com
k-fashion,3,젠틀몬스터 선글라스,Gentle Monster Sunglasses,젠틀몬스터,300,150000,50,150,175785,gentle monster;korean eyewear;designer sunglasses,0,sinsangmarket-kr;linkshops-com;dometopia-com
k-fashion,4,커버낫 C 로고 맨투맨,Covernat C Logo Sweatshirt,커버낫,70,35000,50,500,15724,covernat;korean casual;logo sweatshirt,1,domeggook-com;ownerclan-com;sellmoa-com
k-fashion,5,디스이즈네버댓 로고 티셔츠,thisisneverthat Logo T-shirt,디스이즈네버댓,60,30000,50,200,15687,thisisneverthat;korean streetwear;graphic tee,0,sinsangmarket-kr;linkshops-com;domema-com
k-fashion,6,우영미 로고 반팔 티셔츠,Wooyoungmi Logo Short Sleeve T-shirt,우영미,180,90000,50,300,15687,wooyoungmi;korean designer;luxury tee,0,onchannel-co-kr
k-fashion,7,앤더슨벨 유니섹스 스웨터,Andersson Bell Unisex Sweater,앤더슨벨,150,75000,50,600,15724,andersson bell;korean knitwear;unisex fashion,0,sinsangmarket-kr;linkshops-com;domeggook-com
k-fashion,8,LMC 로고 후드티,LMC Logo Hoodie,LMC,90,45000,50,700,15724,lmc hoodie;korean streetwear;street fashion,0,ownerclan-com;sellmoa-com;dometopia-com
k-fashion,9,OIOI 시그니처 로고 맨투맨,OIOI Signature Logo Sweatshirt,OIOI,75,38000,49,550,15724,oioi sweatshirt;korean brand;casual wear,0,domeggook-com;domema-com;onchannel-co-kr
k-fashion,10,키르시 빅 체리 티셔츠,Kirsh Big Cherry T-shirt,키르시,50,25000,50,220,15687,kirsh cherry;korean fashion;cute tee,0,sinsangmarket-kr;linkshops-com;domeggook-com
k-fashion,11,널디 트랙 세트,NERDY Track Set,널디,180,90000,50,1000,15724,nerdy track;kpop fashion;athletic set,0,ownerclan-com;sellmoa-com;dometopia-com
k-fashion,12,무신사 스탠다드 슬랙스,Musinsa Standard Slacks,무신사,65,32000,51,400,57991,musinsa pants;korean casual;mens slacks,-2,domeggook-com;sinsangmarket-kr;linkshops-com
k-fashion,13,W컨셉 디자이너 원피스,W Concept Designer Dress,W컨셉,120,60000,50,450,63861,w concept;korean dress;womens fashion,-2,domema-com;onchannel-co-kr;ownerclan-com
k-fashion,14,크림(KREAM) 한정판 스니커즈,KREAM Limited Edition Sneakers,크림(KREAM),400,200000,50,1000,15709,kream sneakers;limited edition;resell shoes,0,domeggook-com
k-fashion,15,솔드아웃 리셀 의류,Soldout Resell Apparel,솔드아웃,100,50000,50,300,15687,soldout fashion;resell clothing;korean vintage,0,sinsangmarket-kr
k-fashion,16,한국 스트릿웨어 후드티,Korean Streetwear Hoodie,무신사,70,35000,50,600,15724,korean hoodie;street fashion;oversized hoodie,0,domeggook-com;sinsangmarket-kr;linkshops-com
k-fashion,17,K-패션 데님 재킷,K-Fashion Denim Jacket,커버낫,90,45000,50,800,57988,korean denim;denim jacket;oversized jacket,4,ownerclan-com;sellmoa-com;dometopia-com
k-fashion,18,한국 디자이너 스커트,Korean Designer Skirt,W컨셉,85,42000,51,300,63861,korean skirt;midi skirt;womens fashion,0,domema-com;onchannel-co-kr;sinsangmarket-kr
k-fashion,19,K-팝 아이돌 스타일 티셔츠,K-Pop Idol Style T-shirt,널디,55,27000,51,200,15687,kpop fashion;idol style;graphic tee,0,domeggook-com;linkshops-com;gotomall-kr
k-fashion,20,한국 캐주얼 맨투맨,Korean Casual Sweatshirt,OIOI,68,33000,51,480,15724,korean sweatshirt;casual wear;unisex top,0,ownerclan-com;sellmoa-com;dometopia-com
k-fashion,21,동대문 스타일 블라우스,Dongdaemun Style Blouse,W컨셉,45,20000,56,180,53159,dongdaemun fashion;korean blouse;womens top,0,sinsangmarket-kr;linkshops-com;ddm-domae-com
k-fashion,22,강남 스타일 미니 드레스,Gangnam Style Mini Dress,W컨셉,75,35000,53,250,63861,gangnam dress;korean mini dress;party dress,0,domema-com;onchannel-co-kr;gotomall-kr
k-fashion,23,홍대 스트릿 패션 팬츠,Hongdae Street Fashion Pants,디스이즈네버댓,80,40000,50,400,57991,hongdae pants;korean streetwear;cargo pants,0,domeggook-com;ownerclan-com;sellmoa-com
k-fashion,24,K-뷰티 인플루언서 스타일 가디건,K-Beauty Influencer Style Cardigan,마르디 메크르디,60,28000,53,350,53159,korean cardigan;influencer fashion;knitwear,0,sinsangmarket-kr;linkshops-com;dometopia-com
k-fashion,25,한국 유니섹스 오버핏 코트,Korean Unisex Oversized Coat,앤더슨벨,180,90000,50,1200,57988,korean coat;oversized outerwear;unisex fashion,0,domema-com;onchannel-co-kr;ownerclan-com
k-fashion,26,K-드라마 여주인공 스타일 원피스,K-Drama Heroine Style Dress,W컨셉,110,55000,50,400,63861,kdrama dress;korean elegant;womens dress,0,sinsangmarket-kr;linkshops-com;gotomall-kr
k-fashion,27,한국 빈티지 스타일 셔츠,Korean Vintage Style Shirt,커버낫,50,25000,50,280,57991,korean vintage;retro shirt;mens casual,0,domeggook-com;sellmoa-com;dometopia-com
k-fashion,28,K-힙합 스타일 볼캡,K-Hip Hop Style Ball Cap,LMC,35,16000,54,100,175785,korean ball cap;hip hop fashion;baseball cap,0,ownerclan-com;domema-com;onchannel-co-kr
k-fashion,29,한국 오피스룩 블레이저,Korean Office Look Blazer,W컨셉,100,50000,50,600,57988,korean blazer;office fashion;womens blazer,0,sinsangmarket-kr;linkshops-com;ddm-domae-com
k-fashion,30,K-패션 양말 세트,K-Fashion Socks Set,키르시,20,9000,55,80,175785,korean socks;fashion socks;cute socks,-5,domeggook-com;gotomall-kr;sellmoa-com
inner-beauty,1,정관장 홍삼정 에브리타임,Cheong Kwan Jang Korean Red Ginseng Extract Everytime,정관장,120,60000,50,500,11776,red ginseng;korean supplement;cheong kwan jang,0,hfood-co-kr;vitaminshop-co-kr;domeggook-com
inner-beauty,2,종근당건강 락토핏 생유산균 골드,Chong Kun Dang Lacto-Fit Probiotics Gold,종근당건강,40,20000,50,150,11776,lactofit;probiotics;korean health,0,innerbeautydomae-com;healthnbeauty-co-kr;ownerclan-com
inner-beauty,3,뉴트리원 루테인 지아잔틴 164,Nutrione Lutein Zeaxanthin 164,뉴트리원,35,18000,48,80,11776,lutein;zeaxanthin;eye health,0,hfood-co-kr;vitaminshop-co-kr;sellmoa-com
inner-beauty,4,바이탈뷰티 메타그린 슬림,Vitalbeautie Metagreen Slim,바이탈뷰티,60,30000,50,120,11776,metagreen;diet supplement;vitalbeautie,0,domeggook-com;dometopia-com;onchannel-co-kr
inner-beauty,5,에버콜라겐 인앤업 플러스,Evercollagen In & Up Plus,에버콜라겐,50,25000,50,100,11776,evercollagen;korean collagen;inner beauty,-3,innerbeautydomae-com;healthnbeauty-co-kr;domema-com
inner-beauty,6,비비랩 저분자 콜라겐,BB LAB Low Molecular Collagen,비비랩,30,15000,50,90,11776,bb lab collagen;fish collagen;skin health,-5,hfood-co-kr;vitaminshop-co-kr;ownerclan-com
inner-beauty,7,오쏘몰 이뮨 드링크,Orthomol Immune Drink,오쏘몰,80,40000,50,400,11776,orthomol;immune support;liquid vitamin,0,domeggook-com;sellmoa-com;dometopia-com
inner-beauty,8,고려은단 비타민C 1000,Korea Eundan Vitamin C 1000,고려은단,25,12000,52,180,11776,korea eundan;vitamin c;immune vitamin,0,innerbeautydomae-com;healthnbeauty-co-kr;onchannel-co-kr
inner-beauty,9,유한양행 삐콤씨 액티브,Yuhan Corporation Bicom C Active,유한양행,45,22000,51,150,11776,yuhan bicom c;multivitamin;energy supplement,0,hfood-co-kr;vitaminshop-co-kr;domema-com
inner-beauty,10,grn+ 초록이 분홍이,grn+ Green & Pink Diet Pills,grn+,55,28000,49,130,11776,grn plus;diet pills;weight loss,0,domeggook-com;ownerclan-com;sellmoa-com
inner-beauty,11,GC녹십자 비맥스 메타,GC Biopharma Bemax Meta,GC녹십자,65,32000,51,160,11776,bemax meta;vitamin b;energy vitamin,0,innerbeautydomae-com;healthnbeauty-co-kr;dometopia-com
inner-beauty,12,세노비스 트리플러스,Cenovis Triplus,세노비스,70,35000,50,200,11776,cenovis;omega 3;multivitamin,0,hfood-co-kr;vitaminshop-co-kr;onchannel-co-kr
inner-beauty,13,대웅제약 우루사 200mg,Daewoong Pharmaceutical Ursa 200mg,대웅제약,50,25000,50,100,11776,ursa;liver supplement;daewoong,0,domeggook-com;ownerclan-com;domema-com
inner-beauty,14,뉴오리진 코어 리셋 다이어트,New Origin Core Reset Diet,뉴오리진,80,40000,50,150,11776,new origin;diet supplement;weight management,0,innerbeautydomae-com;healthnbeauty-co-kr;sellmoa-com
inner-beauty,15,보령컨슈머헬스케어 갱년기 여성 건강,Boryung Consumer Healthcare Menopause Health,보령컨슈머헬스케어,75,38000,49,140,11776,menopause support;womens health;boryung,0,hfood-co-kr;vitaminshop-co-kr;dometopia-com
inner-beauty,16,한국 홍삼 스틱,Korean Red Ginseng Stick,정관장,90,45000,50,300,11776,red ginseng stick;korean health;energy booster,0,domeggook-com;hfood-co-kr;vitaminshop-co-kr
inner-beauty,17,프로바이오틱스 유산균,Probiotics Lactic Acid Bacteria,종근당건강,38,19000,50,140,11776,probiotics;gut health;lactic acid,0,ownerclan-com;innerbeautydomae-com;healthnbeauty-co-kr
inner-beauty,18,눈 건강 루테인,Eye Health Lutein,뉴트리원,32,16000,50,70,11776,lutein supplement;vision support;eye vitamin,0,sellmoa-com;dometopia-com;hfood-co-kr
inner-beauty,19,체지방 감소 다이어트 보조제,Body Fat Reduction Diet Aid,바이탈뷰티,58,29000,50,110,11776,diet supplement;fat burner;weight loss,0,domema-com;onchannel-co-kr;domeggook-com
inner-beauty,20,피쉬 콜라겐 파우더,Fish Collagen Powder,에버콜라겐,28,14000,50,80,11776,collagen powder;marine collagen;skin elasticity,0,innerbeautydomae-com;healthnbeauty-co-kr;vitaminshop-co-kr
inner-beauty,21,액상 비타민 멀티팩,Liquid Vitamin Multipack,오쏘몰,75,37000,51,350,11776,liquid vitamin;multivitamin;immune boost,0,ownerclan-com;sellmoa-com;hfood-co-kr
inner-beauty,22,고함량 비타민C,High Potency Vitamin C,고려은단,22,10000,55,170,11776,vitamin c;immune support;antioxidant,0,dometopia-com;onchannel-co-kr;domeggook-com
inner-beauty,23,활력 비타민 B군,Vitality Vitamin B Complex,유한양행,42,20000,52,140,11776,vitamin b complex;energy vitamin;fatigue relief,0,domema-com;innerbeautydomae-com;healthnbeauty-co-kr
inner-beauty,24,체중 관리 보조제,Weight Management Supplement,grn+,52,26000,50,120,11776,weight control;diet aid;metabolism booster,0,hfood-co-kr;vitaminshop-co-kr;ownerclan-com
inner-beauty,25,간 건강 영양제,Liver Health Supplement,대웅제약,48,24000,50,90,11776,liver support;detox supplement;hepatic health,0,sellmoa-com;dometopia-com;domeggook-com
inner-beauty,26,갱년기 여성 영양제,Menopausal Women's Supplement,보령컨슈머헬스케어,70,35000,50,130,11776,menopause relief;womens supplement;hormone balance,0,onchannel-co-kr;domema-com;innerbeautydomae-com
inner-beauty,27,오메가3 영양제,Omega-3 Supplement,세노비스,40,20000,50,150,11776,omega 3;fish oil;heart health,0,healthnbeauty-co-kr;hfood-co-kr;vitaminshop-co-kr
inner-beauty,28,혈당 관리 보조제,Blood Sugar Management Aid,뉴오리진,60,30000,50,100,11776,blood sugar;glucose control;diabetes support,0,domeggook-com;ownerclan-com;sellmoa-com
inner-beauty,29,관절 건강 글루코사민,Joint Health Glucosamine,GC녹십자,35,17000,51,120,11776,glucosamine;joint support;cartilage health,0,dometopia-com;onchannel-co-kr;domema-com
inner-beauty,30,면역력 강화 프로폴리스,Immunity Boosting Propolis,고려은단,25,12000,52,60,11776,propolis;immune booster;natural immunity,0,innerbeautydomae-com;healthnbeauty-co-kr;hfood-co-kr
drones,1,디제이아이 코리아 DJI Mini 3 Pro 드론,DJI Korea DJI Mini 3 Pro Drone,디제이아이 코리아,800,400000,50,700,177026,dji mini 3 pro;mini drone;camera drone,0,store-dji-com-kr;helsel-co-kr;domeggook-com
drones,2,헬셀 드론 레이싱 세트,Helsel Drone Racing Set,헬셀,300,150000,50,1000,177026,racing drone;fpv drone;helsel drone,0,helsel-co-kr;dronestore-co-kr;ownerclan-com
drones,3,엑스드론 입문용 드론,X-Drone Entry-Level Drone,엑스드론,100,50000,50,300,177026,beginner drone;x-drone;toy drone,0,domeggook-com;sellmoa-com;dometopia-com
drones,4,두산모빌리티이노베이션 수소연료전지 드론,Doosan Mobility Innovation Hydrogen Fuel Cell Drone,두산모빌리티이노베이션,5000,2500000,50,10000,177026,hydrogen drone;industrial drone;doosan drone,-3,onchannel-co-kr;domema-com;helsel-co-kr
drones,5,파블로항공 드론 배송 시스템,Pablo Air Drone Delivery System,파블로항공,8000,4000000,50,20000,177026,drone delivery;logistics drone;pablo air,0,dronestore-co-kr;store-dji-com-kr;rclife-co-kr
drones,6,유콘시스템 정찰용 드론,UCONSYSTEM Surveillance Drone,유콘시스템,3000,1500000,50,5000,177026,surveillance drone;military drone;uconsys,-4,helsel-co-kr;dronestore-co-kr;ownerclan-com
drones,7,한화시스템 다목적 드론,Hanwha Systems Multi-purpose Drone,한화시스템,4000,2000000,50,7000,177026,hanwha drone;utility drone;industrial uav,-2,onchannel-co-kr;domema-com;domeggook-com
drones,8,LIG넥스원 국방 드론,LIG Nex1 Defense Drone,LIG넥스원,10000,5000000,50,15000,177026,defense drone;military uav;lig nex1,0,dronestore-co-kr;store-dji-com-kr;rclife-co-kr
drones,9,대한항공 무인항공기,Korean Air Unmanned Aerial Vehicle,대한항공,12000,6000000,50,20000,177026,korean air uav;large drone;aerospace drone,0,helsel-co-kr;dronestore-co-kr;ownerclan-com
drones,10,네온테크 산업용 드론,Neontech Industrial Drone,네온테크,6000,3000000,50,8000,177026,industrial drone;neontech;heavy lift drone,-6,onchannel-co-kr;domema-com;domeggook-com
drones,11,프리뉴 농업용 드론,Preneue Agricultural Drone,프리뉴,7000,3500000,50,10000,177026,agriculture drone;farming drone;preneue,-3,dronestore-co-kr;helsel-co-kr;ownerclan-com
drones,12,디자인실버 교육용 드론,Design Silver Educational Drone,디자인실버,150,75000,50,400,177026,educational drone;stem drone;design silver,0,domeggook-com;sellmoa-com;dometopia-com
drones,13,드론월드 어린이용 드론,Drone World Kids Drone,드론월드,50,25000,50,150,177026,kids drone;toy drone;drone world,0,domema-com;onchannel-co-kr;domeggook-com
drones,14,피앤유드론 촬영용 드론,PNU Drone Filming Drone,피앤유드론,1500,750000,50,3000,177026,filming drone;cinematic drone;pnu drone,0,dronestore-co-kr;helsel-co-kr;store-dji-com-kr
drones,15,한국항공우주산업(KAI) 군용 드론,Korea Aerospace Industries (KAI) Military Drone,한국항공우주산업(KAI),15000,7500000,50,25000,177026,military drone;kai drone;aerospace uav,0,rclife-co-kr;ownerclan-com;dronestore-co-kr
drones,16,DJI 드론 배터리,DJI Drone Battery,디제이아이 코리아,80,40000,50,200,177026,dji battery;drone accessory;replacement battery,0,store-dji-com-kr;helsel-co-kr;domeggook-com
drones,17,드론 프로펠러 가드,Drone Propeller Guard,헬셀,20,9000,55,50,177026,propeller guard;drone protection;safety accessory,0,dronestore-co-kr;ownerclan-com;sellmoa-com
drones,18,드론 착륙 패드,Drone Landing Pad,엑스드론,30,14000,53,150,177026,landing pad;drone mat;portable landing,0,dometopia-com;domema-com;onchannel-co-kr
drones,19,드론 카메라 필터 세트,Drone Camera Filter Set,디제이아이 코리아,40,20000,50,80,177026,drone filter;camera lens;nd filter,0,store-dji-com-kr;helsel-co-kr;domeggook-com
drones,20,드론 조종기 스트랩,Drone Remote Controller Strap,헬셀,15,7000,53,30,177026,remote strap;drone controller;accessory,0,dronestore-co-kr;ownerclan-com;sellmoa-com
drones,21,드론 휴대용 케이스,Drone Portable Case,엑스드론,60,30000,50,500,177026,drone case;travel case;protective case,0,dometopia-com;domema-com;onchannel-co-kr
drones,22,드론 충전 허브,Drone Charging Hub,디제이아이 코리아,50,25000,50,180,177026,charging hub;drone charger;multi battery,0,store-dji-com-kr;helsel-co-kr;domeggook-com
drones,23,드론 수리 부품 키트,Drone Repair Parts Kit,헬셀,45,22000,51,100,177026,drone repair;parts kit;maintenance,0,dronestore-co-kr;ownerclan-com;sellmoa-com
drones,24,드론 랜딩 기어 확장,Drone Landing Gear Extension,엑스드론,25,12000,52,70,177026,landing gear;drone extension;height extender,0,dometopia-com;domema-com;onchannel-co-kr
drones,25,드론 GPS 모듈,Drone GPS Module,디제이아이 코리아,70,35000,50,40,177026,gps module;drone navigation;positioning,0,store-dji-com-kr;helsel-co-kr;domeggook-com
drones,26,드론 FPV 고글,Drone FPV Goggles,헬셀,200,100000,50,300,177026,fpv goggles;drone view;first person view,0,dronestore-co-kr;ownerclan-com;sellmoa-com
drones,27,드론 짐벌 보호 커버,Drone Gimbal Protector Cover,엑스드론,18,8000,56,30,177026,gimbal protector;drone camera;lens cover,0,dometopia-com;domema-com;onchannel-co-kr
drones,28,드론 신호 증폭기,Drone Signal Booster,디제이아이 코리아,65,32000,51,100,177026,signal booster;range extender;drone signal,0,store-dji-com-kr;helsel-co-kr;domeggook-com
drones,29,드론 LED 라이트 키트,Drone LED Light Kit,헬셀,22,10000,55,60,177026,drone led;night flight;lighting kit,0,dronestore-co-kr;ownerclan-com;sellmoa-com
drones,30,드론 모터 교체 부품,Drone Motor Replacement Parts,엑스드론,30,15000,50,50,177026,drone motor;replacement parts;uav motor,0,dometopia-com;domema-com;onchannel-co-kr
lego-blocks,1,레고 코리아 시티 경찰서,LEGO Korea City Police Station,레고 코리아,120,60000,50,1500,19310,lego city;police station;building blocks,0,lego-com-ko-kr;toysrus-lottemart-com-wholesale;domeggook-com
lego-blocks,2,옥스포드 블록 한국 전통 가옥,Oxford Blocks Korean Traditional House,옥스포드,80,40000,50,1000,19310,oxford blocks;korean house;building toy,27,toynmom-com;itoy-co-kr;ownerclan-com
lego-blocks,3,맥포머스 브레인 마스터 세트,Magformers Brain Master Set,맥포머스,150,75000,50,2000,19310,magformers;magnetic blocks;stem toy,10,domeggook-com;sellmoa-com;dometopia-com
lego-blocks,4,레고랜드 코리아 테마파크 한정판,Legoland Korea Theme Park Limited Edition,레고랜드 코리아,200,100000,50,1800,19310,legoland exclusive;limited edition;theme park set,0,lego-com-ko-kr;toysrus-lottemart-com-wholesale;onchannel-co-kr
lego-blocks,5,손오공 헬로카봇 로봇 장난감,Sonokong Hello Carbot Robot Toy,손오공,70,35000,50,800,220,hello carbot;robot toy;korean toy,0,domema-com;toynmom-com;itoy-co-kr
lego-blocks,6,영실업 시크릿쥬쥬 요정의 성,Young Toys Secret Jouju Fairy Castle,영실업,90,45000,50,1200,19310,secret jouju;fairy castle;girls toy,0,domeggook-com;ownerclan-com;sellmoa-com
lego-blocks,7,아이링고 베이직 세트,iRiNGO Basic Set,아이링고,60,30000,50,700,19310,iringo;construction toy;creative blocks,0,dometopia-com;onchannel-co-kr;domema-com
lego-blocks,8,클릭포머스 스탠다드 세트,Clickformers Standard Set,클릭포머스,75,38000,49,900,19310,clickformers;magnetic construction;stem toy,0,toynmom-com;itoy-co-kr;domeggook-com
lego-blocks,9,브릭캠퍼스 건축물 시리즈,Brick Campus Architecture Series,브릭캠퍼스,110,55000,50,1300,19310,brick campus;architecture blocks;adult lego,0,ownerclan-com;sellmoa-com;dometopia-com
lego-blocks,10,브릭나라 커스텀 블록 피규어,Brick Nara Custom Block Figure,브릭나라,40,20000,50,200,19310,brick nara;custom blocks;mini figure,0,domema-com;onchannel-co-kr;domeggook-com
lego-blocks,11,미미월드 미미 인형의 집,Mimi World Mimi Dollhouse,미미월드,85,42000,51,1000,19310,mimi dollhouse;korean doll;girls toy,0,toynmom-com;itoy-co-kr;ownerclan-com
lego-blocks,12,아이코닉스 뽀로로 블록 세트,Iconix Pororo Block Set,아이코닉스,50,25000,50,600,19310,pororo blocks;korean character;toddler blocks,0,domeggook-com;sellmoa-com;dometopia-com
lego-blocks,13,블럭팡 대형 블록 세트,Block Pang Large Block Set,블럭팡,100,50000,50,2500,19310,block pang;large blocks;kids construction,0,onchannel-co-kr;domema-com;toysrus-lottemart-com-wholesale
lego-blocks,14,톡톡블럭 픽셀 아트 세트,Toktok Blocks Pixel Art Set,톡톡블럭,30,15000,50,300,19310,toktok blocks;pixel art;creative toy,0,toynmom-com;itoy-co-kr;domeggook-com
lego-blocks,15,레고 코리아 스타워즈 시리즈,LEGO Korea Star Wars Series,레고 코리아,180,90000,50,1700,19310,lego star wars;collectible lego;space blocks,0,lego-com-ko-kr;toysrus-lottemart-com-wholesale;ownerclan-com
lego-blocks,16,옥스포드 블록 군대 시리즈,Oxford Blocks Army Series,옥스포드,70,35000,50,900,19310,oxford army;military blocks;building toy,0,domeggook-com;sellmoa-com;dometopia-com
lego-blocks,17,맥포머스 도형 블록,Magformers Geometric Blocks,맥포머스,95,48000,49,1100,19310,magformers shapes;magnetic toy;educational blocks,0,onchannel-co-kr;domema-com;toynmom-com
lego-blocks,18,레고랜드 코리아 미니 피규어,Legoland Korea Minifigure,레고랜드 코리아,25,12000,52,50,19310,legoland minifigure;lego character;collectible toy,0,lego-com-ko-kr;toysrus-lottemart-com-wholesale;itoy-co-kr
lego-blocks,19,손오공 터닝메카드,Sonokong Turning Mecard,손오공,45,22000,51,300,220,turning mecard;korean robot;action figure,0,domeggook-com;ownerclan-com;sellmoa-com
lego-blocks,20,영실업 콩순이 인형,Young Toys Kongsuni Doll,영실업,35,17000,51,400,220,kongsuni doll;korean doll;toddler toy,0,dometopia-com;onchannel-co-kr;domema-com
lego-blocks,21,아이링고 바퀴 세트,iRiNGO Wheel Set,아이링고,20,9000,55,100,19310,iringo wheels;building accessory;toy parts,0,toynmom-com;itoy-co-kr;domeggook-com
lego-blocks,22,클릭포머스 자동차 만들기,Clickformers Car Building Set,클릭포머스,55,27000,51,600,19310,clickformers car;magnetic car;vehicle blocks,0,ownerclan-com;sellmoa-com;dometopia-com
lego-blocks,23,브릭캠퍼스 미니 건축물,Brick Campus Mini Architecture,브릭캠퍼스,60,30000,50,500,19310,mini architecture;brick model;display blocks,0,onchannel-co-kr;domema-com;toysrus-lottemart-com-wholesale
lego-blocks,24,브릭나라 동물 블록,Brick Nara Animal Blocks,브릭나라,30,15000,50,250,19310,animal blocks;brick animal;kids blocks,0,toynmom-com;itoy-co-kr;domeggook-com
lego-blocks,25,미미월드 미미 코디 인형,Mimi World Mimi Dress-up Doll,미미월드,40,20000,50,300,220,mimi doll;dress up toy;korean doll,0,ownerclan-com;sellmoa-com;dometopia-com
lego-blocks,26,아이코닉스 타요 버스 블록,Iconix Tayo Bus Blocks,아이코닉스,48,24000,50,500,19310,tayo bus;korean character;vehicle blocks,0,onchannel-co-kr;domema-com;toysrus-lottemart-com-wholesale
lego-blocks,27,블럭팡 캐릭터 블록,Block Pang Character Blocks,블럭팡,28,13000,54,200,19310,character blocks;cartoon blocks;kids toy,0,toynmom-com;itoy-co-kr;domeggook-com
lego-blocks,28,톡톡블럭 3D 입체 블록,Toktok Blocks 3D Stereo Blocks,톡톡블럭,38,18000,53,400,19310,3d blocks;stereo blocks;creative toy,0,ownerclan-com;sellmoa-com;dometopia-com
lego-blocks,29,레고 코리아 프렌즈 시리즈,LEGO Korea Friends Series,레고 코리아,90,45000,50,1000,19310,lego friends;girls lego;play set,0,lego-com-ko-kr;toysrus-lottemart-com-wholesale;onchannel-co-kr
lego-blocks,30,옥스포드 블록 소방서,Oxford Blocks Fire Station,옥스포드,75,38000,49,1100,19310,oxford fire station;fire blocks;emergency toy,0,domema-com;toynmom-com;itoy-co-kr
k-food,1,농심 신라면 멀티팩,Nongshim Shin Ramyun Multi-pack,농심,15.99,6500,59,600,18378,korean ramen;shin ramyun;spicy noodles,0,domeggook-com;ownerclan-com;foodn-co-kr
k-food,2,삼양 불닭볶음면 5개입,Samyang Buldak Ramen 5-pack,삼양식품,17.5,7200,58,700,18378,buldak noodles;spicy korean;samyang ramen,0,domeggook-com;dometopia-com;sjw-co-kr
k-food,3,오리온 초코파이 정,Orion Choco Pie Original,오리온,12,4800,60,350,25299,korean snack;choco pie;orion,0,ownerclan-com;sellmoa-com;supercat-co-kr
k-food,4,롯데웰푸드 빼빼로 아몬드,Lotte Pepero Almond,롯데웰푸드,8.99,3500,61,150,25299,pepero sticks;korean chocolate;lotte,0,domeggook-com;domema-com;jnb-food-co-kr
k-food,5,CJ제일제당 비비고 만두,CJ Bibigo Mandu Dumplings,CJ제일제당,25,10000,60,800,18378,bibigo dumplings;korean food;frozen mandu,-4,ownerclan-com;foodn-co-kr;domaechanggo-com
k-food,6,오뚜기 진라면 매운맛,Ottogi Jin Ramen Spicy,오뚜기,14.5,5800,60,550,18378,jin ramen;ottogi noodles;korean instant,0,domeggook-com;sellmoa-com;supercat-co-kr
k-food,7,동원F&B 양반김,Dongwon Yangban Seaweed,동원F&B,9.99,4000,60,100,18378,korean seaweed;roasted nori;dongwon,17,ownerclan-com;dometopia-com;foodn-co-kr
k-food,8,풀무원 얇은피 만두,Pulmuone Thin Skin Dumplings,풀무원,22,8800,60,750,18378,pulmuone mandu;korean dumplings;thin skin,17,domeggook-com;sjw-co-kr;domaechanggo-com
k-food,9,해태제과 홈런볼,Haitai Homerun Ball,해태제과,7.5,3000,60,120,25299,korean snack;homerun ball;haitai,4,ownerclan-com;domema-com;supercat-co-kr
k-food,10,크라운제과 마이쮸,Crown Mychew Candy,크라운제과,6,2400,60,80,25299,korean candy;mychew;crown,0,domeggook-com;sellmoa-com;jnb-food-co-kr
k-food,11,대상 청정원 순창 고추장,Chungjungone Sunchang Gochujang,대상 청정원,19.99,8000,60,500,18378,gochujang;korean chili paste;chungjungone,11,ownerclan-com;foodn-co-kr;dometopia-com
k-food,12,샘표 간장,Sempio Soy Sauce,샘표,16,6400,60,700,18378,korean soy sauce;sempio;cooking sauce,0,domeggook-com;sjw-co-kr;domaechanggo-com
k-food,13,빙그레 바나나맛우유,Binggrae Banana Milk,빙그레,18,7200,60,1000,18378,banana milk;korean drink;binggrae,1,ownerclan-com;sellmoa-com;supercat-co-kr
k-food,14,팔도 비빔면 5개입,Paldo Bibim Men 5-pack,팔도,16.5,6600,60,650,18378,paldo bibim;cold noodles;korean ramen,0,domeggook-com;domema-com;foodn-co-kr
k-food,15,동서식품 맥심 모카골드 커피믹스,Dongsuh Maxim Mocha Gold Coffee Mix,동서식품,28,11200,60,1200,18378,maxim coffee;korean coffee mix;dongsuh,0,ownerclan-com;dometopia-com;sjw-co-kr
k-food,16,CJ제일제당 햇반,CJ Hetbahn Cooked Rice,CJ제일제당,20,8000,60,1500,18378,korean instant rice;hetbahn;cj food,0,domeggook-com;foodn-co-kr;domaechanggo-com
k-food,17,농심 새우깡,Nongshim Saewookkang Shrimp Crackers,농심,7,2800,60,100,25299,shrimp crackers;korean snack;nongshim,0,ownerclan-com;sellmoa-com;supercat-co-kr
k-food,18,삼양 까르보 불닭볶음면,Samyang Carbo Buldak Ramen,삼양식품,18,7200,60,700,18378,carbo buldak;samyang noodles;creamy spicy,0,domeggook-com;dometopia-com;sjw-co-kr
k-food,19,오리온 포카칩,Orion PokaChip Potato Chips,오리온,6.5,2600,60,100,25299,korean potato chips;pokachip;orion snack,1,ownerclan-com;domema-com;jnb-food-co-kr
k-food,20,롯데웰푸드 자일리톨 껌,Lotte Xylitol Gum,롯데웰푸드,9.5,3800,60,150,25299,xylitol gum;korean gum;lotte,3,domeggook-com;sellmoa-com;supercat-co-kr
k-food,21,오뚜기 3분 카레,Ottogi 3-Minute Curry,오뚜기,10,4000,60,400,18378,korean instant curry;ottogi;3 minute food,-3,ownerclan-com;foodn-co-kr;dometopia-com
k-food,22,동원F&B 참치캔,Dongwon Tuna Can,동원F&B,15,6000,60,500,18378,korean tuna;dongwon;canned food,-13,domeggook-com;sjw-co-kr;domaechanggo-com
k-food,23,풀무원 냉면,Pulmuone Naengmyeon Cold Noodles,풀무원,19,7600,60,800,18378,korean cold noodles;naengmyeon;pulmuone,-13,ownerclan-com;sellmoa-com;supercat-co-kr
k-food,24,해태제과 맛동산,Haitai Matdongsan Snack,해태제과,8,3200,60,150,25299,korean traditional snack;matdongsan;haitai,4,domeggook-com;domema-com;jnb-food-co-kr
k-food,25,크라운제과 죠리퐁,Crown Jori Pong Cereal Snack,크라운제과,7,2800,60,120,25299,korean cereal snack;joripong;crown,0,ownerclan-com;foodn-co-kr;dometopia-com
k-food,26,대상 청정원 미역,Chungjungone Dried Seaweed,대상 청정원,12,4800,60,200,18378,korean dried seaweed;miyeok;chungjungone,0,domeggook-com;sjw-co-kr;domaechanggo-com
k-food,27,샘표 태양초 고추장,Sempio Taeyangcho Gochujang,샘표,17,6800,60,500,18378,korean chili paste;sempio gochujang;sun-dried,0,ownerclan-com;sellmoa-com;supercat-co-kr
k-food,28,빙그레 메로나 아이스크림,Binggrae Melona Ice Cream,빙그레,25,10000,60,1000,18378,melona ice cream;korean dessert;binggrae,1,domeggook-com;domema-com;foodn-co-kr
k-food,29,팔도 뽀로로 음료수,Paldo Pororo Drink,팔도,14,5600,60,800,18378,pororo drink;korean kids drink;paldo,0,ownerclan-com;dometopia-com;sjw-co-kr
k-food,30,동서식품 오레오 오즈 시리얼,Dongsuh Oreo O's Cereal,동서식품,16,6400,60,500,18378,oreo o's;korean cereal;dongsuh,0,domeggook-com;sellmoa-com;supercat-co-kr
k-beauty-devices,1,메디큐브 에이지알 더마샷,Medicube Age-R Derma Shot,메디큐브,350,140000,60,450,185010,medicube device;skin tightening;kbeauty device,0,domeggook-com;ownerclan-com;beautyn-co-kr
k-beauty-devices,2,LG 프라엘 더마 LED 마스크,LG Pra.L Derma LED Mask,LG 프라엘,900,360000,60,800,185010,lg pra.l;led mask;anti-aging device,0,dometopia-com;sellmoa-com;koreabeauty-net
k-beauty-devices,3,셀리턴 LED 마스크 프리미엄,Cellreturn LED Mask Premium,셀리턴,1200,480000,60,900,185010,cellreturn mask;led therapy;skin rejuvenation,0,supercat-co-kr;domema-com;beautyplus-co-kr
k-beauty-devices,4,바나브 UP6 멀티 디바이스,Vanav UP6 Multi Device,바나브,280,112000,60,400,185010,vanav device;skin care tool;multi-functional,0,domeggook-com;ownerclan-com;beautyn-co-kr
k-beauty-devices,5,DPC 스킨샷 LED 마스크,DPC Skin Shot LED Mask,DPC,450,180000,60,600,185010,dpc led mask;skin elasticity;korean beauty tool,3,dometopia-com;sellmoa-com;koreabeauty-net
k-beauty-devices,6,메이크온 스킨 라이트 테라피,Makeon Skin Light Therapy,메이크온,180,72000,60,300,185010,makeon device;light therapy;skin tone,0,supercat-co-kr;domema-com;beautyplus-co-kr
k-beauty-devices,7,에끌레어 갈바닉 마사지기,Eclaire Galvanic Massager,에끌레어,120,48000,60,250,185010,galvanic device;eclaire;facial massager,0,domeggook-com;ownerclan-com;beautyn-co-kr
k-beauty-devices,8,누페이스 트리니티,NuFACE Trinity Facial Toning Device,누페이스,325,130000,60,400,185010,nuface trinity;microcurrent;facial toning,0,dometopia-com;sellmoa-com;koreabeauty-net
k-beauty-devices,9,아띠베뷰티 홈케어 디바이스,Attibeauty Home Care Device,아띠베뷰티,250,100000,60,380,185010,attibeauty;home spa;skin care device,0,supercat-co-kr;domema-com;beautyplus-co-kr
k-beauty-devices,10,듀얼소닉 맥시멈,Dualsonic Maximum HIFU Device,듀얼소닉,1500,600000,60,1000,185010,dualsonic hifu;face lifting;anti-aging,-6,domeggook-com;ownerclan-com;beautyn-co-kr
k-beauty-devices,11,리클레어 갈바닉 워터필링기,Reclar Galvanic Water Peeler,리클레어,160,64000,60,200,185010,reclar peeler;water peeling;skin scrubber,0,dometopia-com;sellmoa-com;koreabeauty-net
k-beauty-devices,12,오아 스킨케어 마사지기,OA Skincare Massager,오아,80,32000,60,180,185010,oa massager;facial care;vibration device,0,supercat-co-kr;domema-com;beautyplus-co-kr
k-beauty-devices,13,엘리닉 인텐시브 LED 마스크,Elinig Intensive LED Mask,엘리닉,700,280000,60,750,185010,elinig mask;led skin therapy;intensive care,-2,domeggook-com;ownerclan-com;beautyn-co-kr
k-beauty-devices,14,실큰 페이스타이트,Silk'n Facetite Anti-Aging Device,실큰,299,119600,60,350,185010,silkn facetite;rf device;collagen boost,0,dometopia-com;sellmoa-com;koreabeauty-net
k-beauty-devices,15,뉴스킨 갈바닉 스파 시스템,Nu Skin Galvanic Spa System,뉴스킨,270,108000,60,300,185010,nuskin galvanic;anti-aging spa;facial treatment,0,supercat-co-kr;domema-com;beautyplus-co-kr
k-beauty-devices,16,메디큐브 에이지알 부스터힐러,Medicube Age-R Booster-Healer,메디큐브,290,116000,60,400,185010,medicube booster;skin absorption;kbeauty device,0,domeggook-com;ownerclan-com;beautyn-co-kr
k-beauty-devices,17,LG 프라엘 인텐시브 멀티케어,LG Pra.L Intensive Multi Care,LG 프라엘,600,240000,60,600,185010,lg pra.l device;multi care;skin elasticity,0,dometopia-com;sellmoa-com;koreabeauty-net
k-beauty-devices,18,셀리턴 넥클레이,Cellreturn Necklay LED Device,셀리턴,500,200000,60,500,185010,cellreturn neck;neck care device;led therapy,0,supercat-co-kr;domema-com;beautyplus-co-kr
k-beauty-devices,19,바나브 핫앤쿨 스킨핏,Vanav Hot & Cool Skinfit,바나브,200,80000,60,300,185010,vanav hot cool;skin tightening;pore care,0,domeggook-com;ownerclan-com;beautyn-co-kr
k-beauty-devices,20,DPC 스킨아이론,DPC Skin Iron,DPC,300,120000,60,400,185010,dpc skin iron;facial lifting;wrinkle care,0,dometopia-com;sellmoa-com;koreabeauty-net
k-beauty-devices,21,메이크온 클렌징 인핸서,Makeon Cleansing Enhancer,메이크온,150,60000,60,250,185010,makeon cleanser;deep cleansing;facial brush,0,supercat-co-kr;domema-com;beautyplus-co-kr
k-beauty-devices,22,에끌레어 EMS 마사지기,Eclaire EMS Massager,에끌레어,100,40000,60,200,185010,ems device;eclaire;muscle stimulation,0,domeggook-com;ownerclan-com;beautyn-co-kr
k-beauty-devices,23,누페이스 미니,NuFACE Mini Facial Toning Device,누페이스,200,80000,60,300,185010,nuface mini;microcurrent;portable device,0,dometopia-com;sellmoa-com;koreabeauty-net
k-beauty-devices,24,아띠베뷰티 울트라 리프팅,Attibeauty Ultra Lifting Device,아띠베뷰티,350,140000,60,450,185010,attibeauty lifting;hifu device;face contouring,0,supercat-co-kr;domema-com;beautyplus-co-kr
k-beauty-devices,25,듀얼소닉 프로,Dualsonic Pro Skin Device,듀얼소닉,1800,720000,60,1100,185010,dualsonic pro;professional hifu;anti-aging,0,domeggook-com;ownerclan-com;beautyn-co-kr
k-beauty-devices,26,리클레어 LED 마스크,Reclar LED Mask,리클레어,400,160000,60,550,185010,reclar led mask;skin therapy;wrinkle care,0,dometopia-com;sellmoa-com;koreabeauty-net
k-beauty-devices,27,오아 진동 클렌저,OA Vibrating Cleanser,오아,60,24000,60,150,185010,oa cleanser;sonic brush;deep pore cleaning,0,supercat-co-kr;domema-com;beautyplus-co-kr
k-beauty-devices,28,엘리닉 갈바닉 디바이스,Elinig Galvanic Device,엘리닉,180,72000,60,280,185010,elinig galvanic;skin firming;nutrient absorption,0,domeggook-com;ownerclan-com;beautyn-co-kr
k-beauty-devices,29,실큰 고주파 마사지기,Silk'n RF Massager,실큰,250,100000,60,320,185010,silkn rf;radio frequency;collagen stimulation,0,dometopia-com;sellmoa-com;koreabeauty-net
k-beauty-devices,30,뉴스킨 루미스파,Nu Skin LumiSpa Cleansing Device,뉴스킨,220,88000,60,300,185010,nuskin lumispa;cleansing device;skin renewal,0,supercat-co-kr;domema-com;beautyplus-co-kr
character-goods,1,카카오프렌즈 라이언 인형,Kakao Friends Ryan Plush Doll,카카오프렌즈,35,14000,60,250,1468,kakao ryan;korean character;plush toy,0,domeggook-com;ownerclan-com;store-kakaofriends-com
character-goods,2,라인프렌즈 브라운 피규어,Line Friends Brown Figure,라인프렌즈,28,11200,60,180,1468,line brown;kpop character;collectible figure,0,dometopia-com;sellmoa-com;artbox-co-kr-main-index-asp
character-goods,3,BT21 타타 쿠션,BT21 Tata Cushion Pillow,BT21,40,16000,60,300,1468,bt21 tata;bts character;kpop merchandise,0,supercat-co-kr;domema-com;1000za-kr
character-goods,4,뽀로로 스티커북,Pororo Sticker Book,뽀로로,15,6000,60,100,1468,pororo stickers;korean cartoon;kids activity,0,domeggook-com;ownerclan-com;domaechanggo-com
character-goods,5,핑크퐁 아기상어 봉제인형,Pinkfong Baby Shark Plush Toy,핑크퐁,25,10000,60,200,1468,baby shark;pinkfong;kids plush,0,dometopia-com;sellmoa-com;supercat-co-kr
character-goods,6,타요 버스 미니카,Tayo Bus Mini Car Toy,타요,18,7200,60,150,1468,tayo bus;korean toy;mini car,0,domeggook-com;ownerclan-com;1000za-kr
character-goods,7,오버액션토끼 에어팟 케이스,Overaction Rabbit Airpods Case,오버액션토끼,20,8000,60,50,1468,overaction rabbit;airpods case;korean character,0,dometopia-com;sellmoa-com;artbox-co-kr-main-index-asp
character-goods,8,몰랑이 다이어리,Molang Diary Planner,몰랑이,12,4800,60,120,1468,molang diary;korean stationery;cute planner,0,supercat-co-kr;domema-com;domaechanggo-com
character-goods,9,에스더버니 키링,Esther Bunny Keychain,에스더버니,10,4000,60,30,1468,esther bunny;korean keychain;cute accessory,0,domeggook-com;ownerclan-com;1000za-kr
character-goods,10,최고심 폰케이스,Choigosim Phone Case,최고심,22,8800,60,60,1468,choigosim case;korean phone case;cute design,0,dometopia-com;sellmoa-com;artbox-co-kr-main-index-asp
character-goods,11,무직타이거 노트북 파우치,Muziktiger Laptop Pouch,무직타이거,45,18000,60,200,1468,muziktiger pouch;korean laptop bag;tiger character,0,supercat-co-kr;domema-com;domaechanggo-com
character-goods,12,다이노탱 마스킹 테이프,Dinotaeng Masking Tape Set,다이노탱,8,3200,60,40,1468,dinotaeng tape;korean stationery;cute masking tape,0,domeggook-com;ownerclan-com;1000za-kr
character-goods,13,버터패밀리 머그컵,Butter Family Mug Cup,버터패밀리,16,6400,60,300,1468,butter family mug;korean homeware;cute cup,0,dometopia-com;sellmoa-com;artbox-co-kr-main-index-asp
character-goods,14,뿌까 파우치,Pucca Pouch Bag,뿌까,14,5600,60,80,1468,pucca pouch;korean cartoon;makeup bag,0,supercat-co-kr;domema-com;domaechanggo-com
character-goods,15,유미의 세포들 피규어,Yumi's Cells Figure Set,유미의 세포들,50,20000,60,350,1468,yumi's cells;korean webtoon;collectible figures,0,domeggook-com;ownerclan-com;store-kakaofriends-com
character-goods,16,카카오프렌즈 어피치 키링,Kakao Friends Apeach Keychain,카카오프렌즈,15,6000,60,40,1468,kakao apeach;korean character;keyring,0,dometopia-com;sellmoa-com;store-kakaofriends-com
character-goods,17,라인프렌즈 샐리 펜,Line Friends Sally Pen,라인프렌즈,10,4000,60,30,1468,line sally;korean stationery;character pen,0,supercat-co-kr;domema-com;artbox-co-kr-main-index-asp
character-goods,18,BT21 망 폰 그립톡,BT21 Mang Phone Grip Tok,BT21,18,7200,60,50,1468,bt21 mang;bts phone grip;kpop accessory,0,domeggook-com;ownerclan-com;1000za-kr
character-goods,19,뽀로로 색칠공부,Pororo Coloring Book,뽀로로,9,3600,60,80,1468,pororo coloring;kids book;korean cartoon,0,dometopia-com;sellmoa-com;domaechanggo-com
character-goods,20,핑크퐁 아기상어 스티커,Pinkfong Baby Shark Stickers,핑크퐁,7,2800,60,20,1468,baby shark stickers;pinkfong;kids stationery,0,supercat-co-kr;domema-com;supercat-co-kr
character-goods,21,타요 꼬마버스 장난감 세트,Tayo Little Bus Toy Set,타요,30,12000,60,400,1468,tayo toy set;korean kids toy;bus characters,0,domeggook-com;ownerclan-com;1000za-kr
character-goods,22,오버액션토끼 노트,Overaction Rabbit Notebook,오버액션토끼,8,3200,60,100,1468,overaction rabbit;korean notebook;cute stationery,0,dometopia-com;sellmoa-com;artbox-co-kr-main-index-asp
character-goods,23,몰랑이 젤펜,Molang Gel Pen,몰랑이,6,2400,60,20,1468,molang pen;korean gel pen;cute writing,0,supercat-co-kr;domema-com;domaechanggo-com
character-goods,24,에스더버니 스티커,Esther Bunny Stickers,에스더버니,7,2800,60,20,1468,esther bunny;korean stickers;cute bunny,0,domeggook-com;ownerclan-com;1000za-kr
character-goods,25,최고심 마우스패드,Choigosim Mouse Pad,최고심,15,6000,60,100,1468,choigosim pad;korean mousepad;cute desk,0,dometopia-com;sellmoa-com;artbox-co-kr-main-index-asp
character-goods,26,무직타이거 폰 그립,Muziktiger Phone Grip,무직타이거,18,7200,60,50,1468,muziktiger grip;korean phone accessory;tiger design,0,supercat-co-kr;domema-com;domaechanggo-com
character-goods,27,다이노탱 에어팟 케이스,Dinotaeng Airpods Case,다이노탱,20,8000,60,50,1468,dinotaeng airpods;korean character;cute case,0,domeggook-com;ownerclan-com;1000za-kr
character-goods,28,버터패밀리 젤리 케이스,Butter Family Jelly Case,버터패밀리,18,7200,60,60,1468,butter family case;korean phone case;jelly design,0,dometopia-com;sellmoa-com;artbox-co-kr-main-index-asp
character-goods,29,뿌까 인형,Pucca Plush Doll,뿌까,25,10000,60,200,1468,pucca doll;korean character;plush toy,0,supercat-co-kr;domema-com;domaechanggo-com
character-goods,30,유미의 세포들 폰 그립,Yumi's Cells Phone Grip,유미의 세포들,18,7200,60,50,1468,yumi's cells grip;korean webtoon;phone accessory,0,domeggook-com;ownerclan-com;store-kakaofriends-com
smartphone-acc,1,슈피겐 아이폰 케이스,Spigen iPhone Case,슈피겐,25,10000,60,80,9394,spigen case;iphone cover;protective case,0,domeggook-com;ownerclan-com;phonecase-co-kr
smartphone-acc,2,링케 갤럭시 케이스,Ringke Galaxy Case,링케,22,8800,60,70,9394,ringke case;galaxy cover;clear case,0,dometopia-com;sellmoa-com;mobileacc-co-kr
smartphone-acc,3,신지모루 맥세이프 카드지갑,Sinjimoru MagSafe Wallet,신지모루,28,11200,60,60,9394,sinjimoru wallet;magsafe accessory;card holder,0,supercat-co-kr;domema-com;iphonewholesale-co-kr
smartphone-acc,4,빅쏘 강화유리 필름,Bicso Tempered Glass Screen Protector,빅쏘,15,6000,60,30,9394,bicso screen protector;tempered glass;phone film,0,domeggook-com;ownerclan-com;phonecase-co-kr
smartphone-acc,5,아라리 아이폰 투명 케이스,Araree iPhone Clear Case,아라리,20,8000,60,70,9394,araree case;iphone clear;transparent cover,0,dometopia-com;sellmoa-com;mobileacc-co-kr
smartphone-acc,6,케이스티파이 아이폰 케이스,Casetify iPhone Case,케이스티파이,50,20000,60,90,9394,casetify iphone;designer case;custom phone,0,supercat-co-kr;domema-com;iphonewholesale-co-kr
smartphone-acc,7,UAG 갤럭시 러기드 케이스,UAG Galaxy Rugged Case,UAG,45,18000,60,120,9394,uag case;rugged phone;galaxy protection,0,domeggook-com;ownerclan-com;phonecase-co-kr
smartphone-acc,8,디팍스 아이폰 그립톡 케이스,D.PARKS iPhone Griptok Case,디팍스,30,12000,60,80,9394,d.parks case;griptok iphone;korean phone case,0,dometopia-com;sellmoa-com;mobileacc-co-kr
smartphone-acc,9,만렙 고속충전 케이블,Manlab Fast Charging Cable,만렙,18,7200,60,50,9394,manlab cable;fast charger;usb-c cable,0,supercat-co-kr;domema-com;iphonewholesale-co-kr
smartphone-acc,10,주파집 무선 충전기,Jupazip Wireless Charger,주파집,35,14000,60,150,9394,jupazip charger;wireless charging;phone stand,0,domeggook-com;ownerclan-com;phonecase-co-kr
smartphone-acc,11,베루스 아이폰 카드 수납 케이스,Verus iPhone Card Slot Case,베루스,28,11200,60,90,9394,verus case;card holder iphone;wallet case,0,dometopia-com;sellmoa-com;mobileacc-co-kr
smartphone-acc,12,팝소켓 폰 그립,PopSockets Phone Grip,팝소켓,12,4800,60,30,9394,popsockets;phone grip;phone stand,0,supercat-co-kr;domema-com;iphonewholesale-co-kr
smartphone-acc,13,아이페이스 아이폰 범퍼 케이스,iFace iPhone Bumper Case,아이페이스,25,10000,60,100,9394,iface case;iphone bumper;shockproof cover,0,domeggook-com;ownerclan-com;phonecase-co-kr
smartphone-acc,14,엘라고 에어팟 프로 케이스,Elago AirPods Pro Case,엘라고,18,7200,60,40,9394,elago airpods;airpods pro cover;silicone case,0,dometopia-com;sellmoa-com;mobileacc-co-kr
smartphone-acc,15,슬래시비 맥세이프 충전기,Slash B MagSafe Charger,슬래시비,40,16000,60,100,9394,slash b charger;magsafe wireless;fast charger,0,supercat-co-kr;domema-com;iphonewholesale-co-kr
smartphone-acc,16,슈피겐 갤럭시 강화유리,Spigen Galaxy Tempered Glass,슈피겐,16,6400,60,30,9394,spigen glass;galaxy screen;protective film,0,domeggook-com;ownerclan-com;phonecase-co-kr
smartphone-acc,17,링케 아이폰 카메라 보호 필름,Ringke iPhone Camera Protector,링케,10,4000,60,10,9394,ringke camera;iphone lens;camera film,0,dometopia-com;sellmoa-com;mobileacc-co-kr
smartphone-acc,18,신지모루 차량용 스마트폰 거치대,Sinjimoru Car Phone Mount,신지모루,20,8000,60,100,9394,sinjimoru mount;car phone holder;magnetic mount,0,supercat-co-kr;domema-com;iphonewholesale-co-kr
smartphone-acc,19,빅쏘 아이폰 케이스,Bicso iPhone Case,빅쏘,18,7200,60,70,9394,bicso iphone;clear case;slim cover,0,domeggook-com;ownerclan-com;phonecase-co-kr
smartphone-acc,20,아라리 갤럭시 폴드 케이스,Araree Galaxy Fold Case,아라리,40,16000,60,100,9394,araree fold;galaxy z fold;hinge protection,0,dometopia-com;sellmoa-com;mobileacc-co-kr
smartphone-acc,21,케이스티파이 갤럭시 케이스,Casetify Galaxy Case,케이스티파이,48,19200,60,90,9394,casetify galaxy;custom case;phone protection,0,supercat-co-kr;domema-com;iphonewholesale-co-kr
smartphone-acc,22,UAG 아이폰 러기드 케이스,UAG iPhone Rugged Case,UAG,48,19200,60,120,9394,uag iphone;rugged case;military grade,0,domeggook-com;ownerclan-com;phonecase-co-kr
smartphone-acc,23,디팍스 갤럭시 그립톡 케이스,D.PARKS Galaxy Griptok Case,디팍스,28,11200,60,80,9394,d.parks galaxy;griptok case;korean design,0,dometopia-com;sellmoa-com;mobileacc-co-kr
smartphone-acc,24,만렙 C타입 충전기,Manlab Type-C Charger,만렙,22,8800,60,80,9394,manlab charger;usb-c adapter;fast charging,0,supercat-co-kr;domema-com;iphonewholesale-co-kr
smartphone-acc,25,주파집 차량용 무선 충전 거치대,Jupazip Car Wireless Charging Mount,주파집,45,18000,60,200,9394,jupazip car charger;wireless mount;auto clamp,0,domeggook-com;ownerclan-com;phonecase-co-kr
smartphone-acc,26,베루스 갤럭시 범퍼 케이스,Verus Galaxy Bumper Case,베루스,26,10400,60,90,9394,verus galaxy;bumper case;shock absorption,0,dometopia-com;sellmoa-com;mobileacc-co-kr
smartphone-acc,27,팝소켓 스마트폰 홀더,PopSockets Smartphone Holder,팝소켓,10,4000,60,30,9394,popsockets holder;phone accessory;collapsible grip,0,supercat-co-kr;domema-com;iphonewholesale-co-kr
smartphone-acc,28,아이페이스 갤럭시 케이스,iFace Galaxy Case,아이페이스,24,9600,60,100,9394,iface galaxy;protective cover;korean case,0,domeggook-com;ownerclan-com;phonecase-co-kr
smartphone-acc,29,엘라고 아이폰 충전 스탠드,Elago iPhone Charging Stand,엘라고,25,10000,60,150,9394,elago stand;iphone dock;charging holder,0,dometopia-com;sellmoa-com;mobileacc-co-kr
smartphone-acc,30,슬래시비 아이폰 케이스,Slash B iPhone Case,슬래시비,30,12000,60,80,9394,slash b case;iphone cover;stylish design,0,supercat-co-kr;domema-com;iphonewholesale-co-kr
k-beauty-haircare,1,아모스프로페셔널 녹차실감 샴푸,Amos Professional Green Tea Shampoo,아모스프로페셔널,30,12000,60,500,183477,amos shampoo;green tea hair;scalp care,0,domeggook-com;ownerclan-com;hairzzang-com
k-beauty-haircare,2,미쟝센 퍼펙트 세럼 오리지널,Mise en Scène Perfect Serum Original,미쟝센,15,6000,60,150,183477,mise en scene serum;hair oil;korean haircare,2,dometopia-com;sellmoa-com;beautyncare-co-kr
k-beauty-haircare,3,케라시스 살롱케어 앰플,Kerasys Salon Care Ampoule,케라시스,25,10000,60,200,183477,kerasys ampoule;hair treatment;damaged hair,0,supercat-co-kr;domema-com;miyongjeryo-com
k-beauty-haircare,4,려 자양윤모 탈모증상완화 샴푸,Ryo Jayangyunmo Anti-Hair Loss Shampoo,려,28,11200,60,450,183477,ryo shampoo;hair loss care;korean herbal,-1,domeggook-com;ownerclan-com;hairzzang-com
k-beauty-haircare,5,닥터포헤어 폴리젠 샴푸,Dr.FORHAIR Folligen Shampoo,닥터포헤어,35,14000,60,500,183477,dr forhair;folligen shampoo;scalp health,0,dometopia-com;sellmoa-com;beautyncare-co-kr
k-beauty-haircare,6,TS샴푸 올뉴TS샴푸,TS Shampoo All New TS Shampoo,TS샴푸,40,16000,60,600,183477,ts shampoo;anti-hair loss;korean shampoo,0,supercat-co-kr;domema-com;miyongjeryo-com
k-beauty-haircare,7,쿤달 네이처 샴푸,Kundal Nature Shampoo,쿤달,20,8000,60,500,183477,kundal shampoo;natural ingredients;fragrance hair,0,domeggook-com;ownerclan-com;hairzzang-com
k-beauty-haircare,8,엘라스틴 퍼퓸 샴푸,Elastine Perfume Shampoo,엘라스틴,18,7200,60,400,183477,elastine shampoo;perfume hair;fragrant shampoo,17,dometopia-com;sellmoa-com;beautyncare-co-kr
k-beauty-haircare,9,아로마티카 로즈마리 스칼프 스케일링 샴푸,Aromatica Rosemary Scalp Scaling Shampoo,아로마티카,22,8800,60,400,183477,aromatica shampoo;rosemary scalp;vegan haircare,0,supercat-co-kr;domema-com;miyongjeryo-com
k-beauty-haircare,10,헤드스파7 트리트먼트,Headspa 7 Treatment,헤드스파7,28,11200,60,300,183477,headspa7;hair treatment;7 second hair,0,domeggook-com;ownerclan-com;hairzzang-com
k-beauty-haircare,11,이브로쉐 라즈베리 헤어 식초,Yves Rocher Raspberry Rinsing Vinegar,이브로쉐,18,7200,60,250,183477,yves rocher;hair vinegar;raspberry rinse,0,dometopia-com;sellmoa-com;beautyncare-co-kr
k-beauty-haircare,12,제이숲 퍼플제이 워터팩,JSOOP Purple J Water Pack,제이숲,25,10000,60,200,183477,jsoop waterpack;hair pack;korean hair mask,0,supercat-co-kr;domema-com;miyongjeryo-com
k-beauty-haircare,13,라우쉬 윌로우바크 트리트먼트 샴푸,Rausch Willow Bark Treatment Shampoo,라우쉬,32,12800,60,400,183477,rausch shampoo;willow bark;dandruff care,0,domeggook-com;ownerclan-com;hairzzang-com
k-beauty-haircare,14,모레모 헤어 트리트먼트 미라클 2X,Moremo Hair Treatment Miracle 2X,모레모,20,8000,60,180,183477,moremo treatment;miracle hair;damaged hair,-4,dometopia-com;sellmoa-com;beautyncare-co-kr
k-beauty-haircare,15,달리프 베러 퍼퓸 샴푸,Dalif Better Perfume Shampoo,달리프,20,8000,60,500,183477,dalif shampoo;perfume shampoo;fragrant hair,0,supercat-co-kr;domema-com;miyongjeryo-com
k-beauty-haircare,16,아모스프로페셔널 리페어포스 키토 트리트먼트,Amos Professional Repairforce Chito Treatment,아모스프로페셔널,32,12800,60,250,183477,amos treatment;damaged hair;protein hair,-1,domeggook-com;ownerclan-com;hairzzang-com
k-beauty-haircare,17,미쟝센 살롱 플러스 클리닉 10 샴푸,Mise en Scène Salon Plus Clinic 10 Shampoo,미쟝센,16,6400,60,500,183477,mise en scene shampoo;salon clinic;hair repair,0,dometopia-com;sellmoa-com;beautyncare-co-kr
k-beauty-haircare,18,케라시스 어드밴스드 앰플 샴푸,Kerasys Advanced Ampoule Shampoo,케라시스,20,8000,60,500,183477,kerasys shampoo;ampoule care;intensive repair,8,supercat-co-kr;domema-com;miyongjeryo-com
k-beauty-haircare,19,려 함빛 극손상 케어 샴푸,Ryo Hambit Extreme Damage Care Shampoo,려,26,10400,60,450,183477,ryo damage care;herbal shampoo;korean hair,0,domeggook-com;ownerclan-com;hairzzang-com
k-beauty-haircare,20,닥터포헤어 씨솔트 스케일러,Dr.FORHAIR Sea Salt Scaler,닥터포헤어,28,11200,60,250,183477,dr forhair scaler;sea salt scalp;exfoliating scrub,-2,dometopia-com;sellmoa-com;beautyncare-co-kr
k-beauty-haircare,21,TS샴푸 TS트리트먼트,TS Shampoo TS Treatment,TS샴푸,30,12000,60,300,183477,ts treatment;hair loss care;korean conditioner,0,supercat-co-kr;domema-com;miyongjeryo-com
k-beauty-haircare,22,쿤달 허니앤마카다미아 트리트먼트,Kundal Honey & Macadamia Treatment,쿤달,18,7200,60,500,183477,kundal treatment;honey macadamia;hair repair,0,domeggook-com;ownerclan-com;hairzzang-com
k-beauty-haircare,23,엘라스틴 실크 리페어 샴푸,Elastine Silk Repair Shampoo,엘라스틴,16,6400,60,400,183477,elastine silk;hair repair;smooth hair,0,dometopia-com;sellmoa-com;beautyncare-co-kr
k-beauty-haircare,24,아로마티카 티트리 퓨리파잉 샴푸,Aromatica Tea Tree Purifying Shampoo,아로마티카,20,8000,60,400,183477,aromatica tea tree;purifying shampoo;oily scalp,0,supercat-co-kr;domema-com;miyongjeryo-com
k-beauty-haircare,25,헤드스파7 퍼퓸 트리트먼트,Headspa 7 Perfume Treatment,헤드스파7,28,11200,60,300,183477,headspa7 perfume;fragrant hair;korean hair mask,0,domeggook-com;ownerclan-com;hairzzang-com
k-beauty-haircare,26,이브로쉐 샴푸 바,Yves Rocher Shampoo Bar,이브로쉐,12,4800,60,80,183477,yves rocher bar;solid shampoo;eco friendly,0,dometopia-com;sellmoa-com;beautyncare-co-kr
k-beauty-haircare,27,제이숲 컬러 제이 헤어팩,JSOOP Color J Hair Pack,제이숲,26,10400,60,200,183477,jsoop color;hair color mask;vibrant hair,0,supercat-co-kr;domema-com;miyongjeryo-com
k-beauty-haircare,28,라우쉬 씨위드 샴푸,Rausch Seaweed Shampoo,라우쉬,30,12000,60,400,183477,rausch seaweed;volumizing shampoo;fine hair,0,domeggook-com;ownerclan-com;hairzzang-com
k-beauty-haircare,29,모레모 워터 트리트먼트 미라클 10,Moremo Water Treatment Miracle 10,모레모,22,8800,60,250,183477,moremo water;10 second treatment;liquid hair mask,-8,dometopia-com;sellmoa-com;beautyncare-co-kr
k-beauty-haircare,30,달리프 글램 퍼퓸 헤어 미스트,Dalif Glam Perfume Hair Mist,달리프,15,6000,60,100,183477,dalif hair mist;perfume spray;fragrant hair,0,supercat-co-kr;domema-com;miyongjeryo-com
auto-accessories,1,불스원샷 70000 시그니처,Bullsone Shot 70000 Signature Fuel System Cleaner,불스원,25.99,12500,45,600,33699,fuel cleaner;car care;engine additive,0,domeggook-com;ownerclan-com;auton-co-kr
auto-accessories,2,아이나비 QXD7000 블랙박스,Thinkware QXD7000 Dash Cam,아이나비,289.99,135000,38,800,33699,dash cam;car recorder;korean dashcam,0,domeggook-com;dometopia-com;carwholesale-co-kr
auto-accessories,3,현대모비스 순정 에어컨 필터,Hyundai Mobis Genuine Cabin Air Filter,현대모비스,35.5,16000,40,350,33699,cabin filter;hyundai parts;air filter,0,domeggook-com;ownerclan-com;carnlife-co-kr
auto-accessories,4,만도 4채널 블랙박스,Mando 4-Channel Dash Cam,만도,399,190000,35,900,33699,4 channel dashcam;mando car;korean car accessory,0,dometopia-com;sellmoa-com;carwholesale-co-kr
auto-accessories,5,파인뷰 LXQ300 블랙박스,FineVu LXQ300 Dash Cam,파인뷰,249.99,115000,37,750,33699,finevu dashcam;car camera;driving recorder,0,domeggook-com;supercat-co-kr;auton-co-kr
auto-accessories,6,카렉스 차량용 공기청정기,Carex Car Air Purifier,카렉스,49.99,23000,40,400,33699,car air purifier;vehicle air cleaner;korean car accessory,0,ownerclan-com;domema-com;carnlife-co-kr
auto-accessories,7,더클래스 유리막 코팅제,The Class Glass Coating Agent,더클래스,79.99,38000,39,500,33699,car coating;glass coating;car detailing,0,domeggook-com;dometopia-com;supercat-co-kr
auto-accessories,8,메이튼 차량용 무선 충전 거치대,Mayton Car Wireless Charging Mount,메이튼,39.99,18000,42,250,33699,wireless charger;car mount;phone holder,0,ownerclan-com;domema-com;dometopia-com
auto-accessories,9,코일매트 차량용 바닥 매트,Coil Mat Car Floor Mat,코일매트,89.99,40000,45,2500,33699,car floor mat;coil mat;custom car mat,0,domeggook-com;sellmoa-com;carwholesale-co-kr
auto-accessories,10,오토반 차량용 방향제,Autoban Car Air Freshener,오토반,15.99,7000,48,100,33699,car air freshener;auto fragrance;korean car scent,0,domeggook-com;ownerclan-com;domema-com
auto-accessories,11,카템 차량용 목쿠션,Cartem Car Neck Pillow,카템,22.99,10000,45,300,33699,car neck pillow;headrest cushion;car interior,0,dometopia-com;supercat-co-kr;domaechanggo-com
auto-accessories,12,훕몰 차량용 핸들커버,Hoopmall Car Steering Wheel Cover,훕몰,29.99,13000,47,400,33699,steering wheel cover;car interior decor;korean car accessory,0,domeggook-com;ownerclan-com;sellmoa-com
auto-accessories,13,리버캠 차량용 후방 카메라,Rivercam Car Rear View Camera,리버캠,59.99,28000,40,200,33699,rear view camera;backup camera;car security,0,dometopia-com;carwholesale-co-kr;auton-co-kr
auto-accessories,14,오토크루 스마트폰 거치대,Autocrew Smartphone Car Mount,오토크루,19.99,8500,48,150,33699,car phone holder;smartphone mount;auto accessory,0,domeggook-com;domema-com;ownerclan-com
auto-accessories,15,불스원 와이드 미러,Bullsone Wide View Mirror,불스원,32.99,15000,43,300,33699,wide mirror;blind spot mirror;car safety,-2,domeggook-com;supercat-co-kr;carnlife-co-kr
auto-accessories,16,현대모비스 순정 와이퍼 블레이드,Hyundai Mobis Genuine Wiper Blade,현대모비스,28.99,13000,42,250,33699,wiper blade;hyundai parts;car maintenance,-13,ownerclan-com;dometopia-com;carwholesale-co-kr
auto-accessories,17,아이나비 공기청정기,Thinkware Air Purifier for Car,아이나비,69.99,32000,39,450,33699,car air cleaner;thinkware;vehicle air purifier,0,domeggook-com;domema-com;auton-co-kr
auto-accessories,18,만도 차량용 점프 스타터,Mando Car Jump Starter,만도,129.99,60000,38,1000,33699,jump starter;car battery;emergency tool,0,sellmoa-com;supercat-co-kr;domaechanggo-com
auto-accessories,19,파인뷰 하이패스,FineVu Hi-Pass System,파인뷰,89.99,40000,40,200,33699,hi-pass;toll system;finevu,0,domeggook-com;ownerclan-com;auton-co-kr
auto-accessories,20,카렉스 차량용 청소기,Carex Car Vacuum Cleaner,카렉스,59.99,27000,40,700,33699,car vacuum;portable cleaner;auto cleaning,0,dometopia-com;domema-com;carnlife-co-kr
auto-accessories,21,더클래스 타이어 광택제,The Class Tire Shine Spray,더클래스,24.99,11000,45,300,33699,tire shine;car detailing;tire polish,0,domeggook-com;supercat-co-kr;ownerclan-com
auto-accessories,22,메이튼 차량용 햇빛 가리개,Mayton Car Sun Shade,메이튼,18.99,8000,48,180,33699,car sunshade;window shade;uv protection,0,dometopia-com;sellmoa-com;domaechanggo-com
auto-accessories,23,코일매트 트렁크 매트,Coil Mat Trunk Liner,코일매트,69.99,30000,47,1500,33699,trunk mat;cargo liner;car protection,0,domeggook-com;carwholesale-co-kr;ownerclan-com
auto-accessories,24,오토반 차량용 워셔액,Autoban Car Windshield Washer Fluid,오토반,12.99,5000,50,1200,33699,washer fluid;windshield cleaner;car liquid,0,domeggook-com;domema-com;supercat-co-kr
auto-accessories,25,카템 차량용 쓰레기통,Cartem Car Trash Can,카템,16.99,7500,48,200,33699,car trash can;auto garbage bin;car organizer,0,ownerclan-com;dometopia-com;sellmoa-com
auto-accessories,26,훕몰 차량용 사이드미러 커버,Hoopmall Car Side Mirror Cover,훕몰,25.99,11000,47,150,33699,side mirror cover;car exterior;mirror protector,0,domeggook-com;domaechanggo-com;auton-co-kr
auto-accessories,27,리버캠 차량용 주차 번호판,Rivercam Car Parking Number Plate,리버캠,14.99,6500,49,80,33699,parking plate;car number display;temporary parking,0,dometopia-com;ownerclan-com;carnlife-co-kr
auto-accessories,28,오토크루 차량용 컵홀더 확장기,Autocrew Car Cup Holder Expander,오토크루,19.99,8500,48,120,33699,cup holder;car organizer;auto accessory,0,domeggook-com;domema-com;supercat-co-kr
auto-accessories,29,불스원 김서림 방지제,Bullsone Anti-Fog Spray,불스원,17.99,7800,47,150,33699,anti-fog;car window cleaner;defogger,0,ownerclan-com;dometopia-com;auton-co-kr
auto-accessories,30,현대모비스 차량용 충전기,Hyundai Mobis Car Charger,현대모비스,21.99,9500,46,100,33699,car charger;usb charger;hyundai accessory,0,domeggook-com;sellmoa-com;carnlife-co-kr
k-stationery,1,모닝글로리 컬러 젤펜 세트,Morning Glory Color Gel Pen Set,모닝글로리,14.99,6500,48,150,183497,korean pen;gel pen;stationery set,0,domeggook-com;ownerclan-com;moongooland-com
k-stationery,2,모나미 153 볼펜 세트,Monami 153 Ballpoint Pen Set,모나미,9.99,4000,50,80,183497,monami pen;korean stationery;ballpoint pen,2,domeggook-com;dometopia-com;penpia-com
k-stationery,3,아트박스 캐릭터 스티커 팩,Artbox Character Sticker Pack,아트박스,7.99,3000,55,50,183497,kpop stickers;korean stickers;artbox,0,ownerclan-com;domema-com;1000za-kr
k-stationery,4,카카오프렌즈 다이어리,Kakao Friends Diary Planner,카카오프렌즈,24.99,11000,45,300,183497,kakao diary;korean planner;character stationery,0,domeggook-com;sellmoa-com;supercat-co-kr
k-stationery,5,라인프렌즈 브라운 노트,Line Friends Brown Notebook,라인프렌즈,12.99,5500,48,200,183497,line friends;korean notebook;brown character,0,dometopia-com;domaechanggo-com;moongooland-com
k-stationery,6,텐바이텐 디자인 마스킹 테이프,10x10 Design Masking Tape,텐바이텐,8.99,3500,52,60,183497,masking tape;deco tape;korean stationery,0,domeggook-com;ownerclan-com;1000za-kr
k-stationery,7,핫트랙스 컬러링북,Hottracks Coloring Book,핫트랙스,19.99,9000,45,400,183497,coloring book;adult coloring;korean art book,0,dometopia-com;supercat-co-kr;penpia-com
k-stationery,8,다이소 데코 스티커,Daiso Deco Sticker Set,다이소,5.99,2000,60,30,183497,daiso sticker;korean deco;planner stickers,0,domeggook-com;domema-com;sellmoa-com
k-stationery,9,인디고 디자인 노트,Indigo Design Notebook,인디고,11.99,5000,48,180,183497,indigo notebook;korean design;journal,0,ownerclan-com;domaechanggo-com;1000za-kr
k-stationery,10,라이브워크 스티커 다이어리,Livework Sticker Diary,라이브워크,18.99,8000,47,250,183497,livework diary;korean planner;sticker journal,4,domeggook-com;dometopia-com;moongooland-com
k-stationery,11,데일리라이크 떡메모지,Dailylike Sticky Memo Pad,데일리라이크,6.99,2500,58,70,183497,sticky memo;korean memo;dailylike,0,ownerclan-com;supercat-co-kr;domema-com
k-stationery,12,아이코닉 플래너,Iconic Planner Organizer,아이코닉,22.99,10000,45,350,183497,iconic planner;korean organizer;daily planner,-5,domeggook-com;sellmoa-com;1000za-kr
k-stationery,13,비온디 젤리 케이스 다이어리,BeonD Jelly Case Diary,비온디,17.99,7500,48,280,183497,beond diary;jelly cover;korean stationery,0,dometopia-com;domaechanggo-com;penpia-com
k-stationery,14,루카랩 다꾸 스티커,Lucalab Deco Sticker Pack,루카랩,9.99,4000,50,40,183497,lucalab;deco sticker;korean journal,0,domeggook-com;ownerclan-com;moongooland-com
k-stationery,15,어프어프 폰케이스 스티커,Earpearp Phone Case Sticker,어프어프,10.99,4500,50,30,183497,earpearp;phone sticker;korean design,0,dometopia-com;supercat-co-kr;domema-com
k-stationery,16,모닝글로리 연필깎이,Morning Glory Pencil Sharpener,모닝글로리,6.99,2800,55,50,183497,pencil sharpener;korean stationery;school supplies,13,domeggook-com;ownerclan-com;moongooland-com
k-stationery,17,모나미 유성매직,Monami Oil-Based Marker,모나미,4.99,1800,60,30,183497,monami marker;permanent marker;korean art supply,1,dometopia-com;penpia-com;sellmoa-com
k-stationery,18,아트박스 캐릭터 볼펜,Artbox Character Ballpoint Pen,아트박스,8.99,3500,52,40,183497,artbox pen;character pen;korean gift,0,ownerclan-com;domema-com;1000za-kr
k-stationery,19,카카오프렌즈 펜슬 케이스,Kakao Friends Pencil Case,카카오프렌즈,16.99,7000,48,120,183497,kakao pencil case;korean pouch;stationery organizer,0,domeggook-com;supercat-co-kr;domaechanggo-com
k-stationery,20,라인프렌즈 코니 인형 키링,Line Friends Cony Plush Keychain,라인프렌즈,11.99,5000,48,70,183497,line friends keychain;cony plush;korean character,0,dometopia-com;sellmoa-com;moongooland-com
k-stationery,21,텐바이텐 디자인 클립,10x10 Design Paper Clips,텐바이텐,5.99,2200,58,20,183497,paper clips;korean design;office supplies,0,domeggook-com;ownerclan-com;1000za-kr
k-stationery,22,핫트랙스 스탬프 세트,Hottracks Stamp Set,핫트랙스,14.99,6500,48,100,183497,korean stamp;journaling supplies;deco stamp,0,dometopia-com;supercat-co-kr;penpia-com
k-stationery,23,다이소 마스킹 테이프,Daiso Masking Tape Set,다이소,6.99,2500,58,50,183497,daiso tape;washi tape;korean deco,0,domeggook-com;domema-com;sellmoa-com
k-stationery,24,인디고 북마크,Indigo Bookmark Set,인디고,7.99,3000,55,20,183497,korean bookmark;indigo design;reading accessory,0,ownerclan-com;domaechanggo-com;1000za-kr
k-stationery,25,라이브워크 펜 파우치,Livework Pen Pouch,라이브워크,13.99,6000,48,80,183497,pen pouch;livework;korean stationery,0,domeggook-com;dometopia-com;moongooland-com
k-stationery,26,데일리라이크 마스킹 테이프,Dailylike Masking Tape,데일리라이크,7.99,3000,55,40,183497,dailylike tape;washi tape;korean deco,0,ownerclan-com;supercat-co-kr;domema-com
k-stationery,27,아이코닉 스티커,Iconic Sticker Sheet,아이코닉,6.99,2500,58,20,183497,iconic sticker;korean journal;deco sticker,0,domeggook-com;sellmoa-com;1000za-kr
k-stationery,28,비온디 젤펜,BeonD Gel Pen,비온디,5.99,2200,58,20,183497,beond pen;korean pen;gel ink,0,dometopia-com;domaechanggo-com;penpia-com
k-stationery,29,루카랩 떡메모지,Lucalab Sticky Note Pad,루카랩,6.99,2500,58,60,183497,lucalab memo;korean sticky notes;planner supplies,0,domeggook-com;ownerclan-com;moongooland-com
k-stationery,30,어프어프 키링,Earpearp Keychain,어프어프,12.99,5500,48,50,183497,earpearp keychain;korean character;bag charm,0,dometopia-com;supercat-co-kr;domema-com
figures-collectibles,1,오프로 스튜디오 1/6 스케일 피규어,Offpro Studio 1/6 Scale Figure,오프로 스튜디오,350,160000,38,2000,246,korean figure;1/6 scale;collectible statue,0,domeggook-com;figuredomae-com;dometopia-com
figures-collectibles,2,블리츠웨이 1/4 스케일 스태츄,Blitzway 1/4 Scale Statue,블리츠웨이,750,350000,35,5000,246,blitzway;premium statue;korean collectible,0,ownerclan-com;supercat-co-kr;domema-com
figures-collectibles,3,킹콩 스튜디오 레진 피규어,Kingkong Studio Resin Figure,킹콩 스튜디오,500,230000,37,3000,246,resin statue;kingkong studio;limited edition,0,domeggook-com;figuredomae-com;sellmoa-com
figures-collectibles,4,JND 스튜디오 1/3 스케일 하이퍼리얼 피규어,JND Studios 1/3 Scale Hyperreal Figure,JND 스튜디오,1500,700000,30,10000,246,jnd studios;hyperreal figure;premium collectible,0,dometopia-com;domaechanggo-com;bandainamco-co-kr
figures-collectibles,5,토이저러스 한정판 피규어,Toys R Us Limited Edition Figure,토이저러스,120,55000,40,800,246,toysrus exclusive;limited figure;korean toy,0,domeggook-com;toysrus-lottemart-com;ownerclan-com
figures-collectibles,6,피규어프레소 애니메이션 피규어,Figurepresso Anime Figure,피규어프레소,80,35000,42,400,246,anime figure;figurepresso;japanese anime,0,figuredomae-com;supercat-co-kr;domema-com
figures-collectibles,7,코코미카 캐릭터 피규어,Cocomika Character Figure,코코미카,45,20000,45,250,246,korean character;cocomika;cute figure,0,domeggook-com;sellmoa-com;dometopia-com
figures-collectibles,8,애니플러스 굿즈 피규어,Aniplus Goods Figure,애니플러스,60,28000,40,300,246,aniplus;anime goods;korean anime,0,ownerclan-com;domaechanggo-com
figures-collectibles,9,건담베이스 한정판 건프라,Gundam Base Limited Gunpla,건담베이스,90,40000,42,600,246,gunpla;gundam model;bandai kit,0,domeggook-com;bandainamco-co-kr;figuredomae-com
figures-collectibles,10,하비팩토리 프라모델,Hobby Factory Plastic Model Kit,하비팩토리,55,25000,40,400,246,plastic model;hobby kit;korean hobby,0,dometopia-com;supercat-co-kr;domema-com
figures-collectibles,11,시카고 피규어 레트로 토이,Chicago Figure Retro Toy,시카고 피규어,70,30000,45,350,246,retro toy;vintage figure;collectible toy,0,domeggook-com;sellmoa-com;ownerclan-com
figures-collectibles,12,팝마트 블라인드 박스 피규어,Pop Mart Blind Box Figure,팝마트,18,7500,50,100,246,blind box;pop mart;designer toy,0,dometopia-com;figuredomae-com;domaechanggo-com
figures-collectibles,13,소프 스튜디오 아트 토이,Soap Studio Art Toy,소프 스튜디오,150,68000,40,700,246,art toy;designer collectible;soap studio,0,domeggook-com;supercat-co-kr;ownerclan-com
figures-collectibles,14,가이아 코퍼레이션 스테츄,Gaia Corporation Statue,가이아 코퍼레이션,400,180000,38,2500,246,gaia statue;premium collectible;korean figure,0,dometopia-com;domema-com;figuredomae-com
figures-collectibles,15,이마트 캐릭터 완구,E-Mart Character Toy,이마트,30,13000,45,200,246,emart toy;korean character;kids toy,0,domeggook-com;sellmoa-com;toysrus-lottemart-com
figures-collectibles,16,오프로 스튜디오 스케일 모델,Offpro Studio Scale Model,오프로 스튜디오,280,125000,38,1800,246,scale model;korean collectible;detailed figure,0,ownerclan-com;figuredomae-com;dometopia-com
figures-collectibles,17,블리츠웨이 영화 캐릭터 피규어,Blitzway Movie Character Figure,블리츠웨이,650,300000,35,4500,246,movie figure;blitzway;high-end collectible,0,domeggook-com;supercat-co-kr;domema-com
figures-collectibles,18,킹콩 스튜디오 애니메이션 스테츄,Kingkong Studio Anime Statue,킹콩 스튜디오,480,220000,37,2800,246,anime statue;kingkong studio;limited edition,0,ownerclan-com;figuredomae-com;sellmoa-com
figures-collectibles,19,JND 스튜디오 프리미엄 버스트,JND Studios Premium Bust,JND 스튜디오,900,420000,32,6000,246,premium bust;jnd studios;collectible bust,0,dometopia-com;domaechanggo-com;bandainamco-co-kr
figures-collectibles,20,토이저러스 캐릭터 봉제 인형,Toys R Us Character Plush Toy,토이저러스,25,11000,45,150,246,plush toy;character doll;toysrus,0,domeggook-com;toysrus-lottemart-com;ownerclan-com
figures-collectibles,21,피규어프레소 넨도로이드,Figurepresso Nendoroid,피규어프레소,70,32000,40,250,246,nendoroid;anime chibi;figurepresso,0,figuredomae-com;supercat-co-kr;domema-com
figures-collectibles,22,코코미카 미니 피규어 세트,Cocomika Mini Figure Set,코코미카,35,15000,45,180,246,mini figure;cocomika;korean toy set,0,domeggook-com;sellmoa-com;dometopia-com
figures-collectibles,23,애니플러스 아크릴 스탠드,Aniplus Acrylic Stand,애니플러스,20,8500,48,100,246,acrylic stand;anime merch;aniplus,0,ownerclan-com;domaechanggo-com
figures-collectibles,24,건담베이스 SD 건프라,Gundam Base SD Gunpla,건담베이스,28,12000,45,150,246,sd gundam;gunpla kit;chibi gundam,0,domeggook-com;bandainamco-co-kr;figuredomae-com
figures-collectibles,25,하비팩토리 도색 도구 세트,Hobby Factory Painting Tool Set,하비팩토리,40,18000,40,300,246,model painting;hobby tools;figure accessories,0,dometopia-com;supercat-co-kr;domema-com
figures-collectibles,26,시카고 피규어 빈티지 액션 피규어,Chicago Figure Vintage Action Figure,시카고 피규어,90,40000,42,200,246,vintage action figure;retro collectible;korean toy,0,domeggook-com;sellmoa-com;ownerclan-com
figures-collectibles,27,팝마트 라부부 피규어,Pop Mart Labubu Figure,팝마트,25,11000,45,120,246,labubu;pop mart;designer vinyl toy,0,dometopia-com;figuredomae-com;domaechanggo-com
figures-collectibles,28,소프 스튜디오 캐릭터 스태츄,Soap Studio Character Statue,소프 스튜디오,180,80000,40,900,246,character statue;soap studio;collectible art,0,domeggook-com;supercat-co-kr;ownerclan-com
figures-collectibles,29,가이아 코퍼레이션 미니 피규어,Gaia Corporation Mini Figure,가이아 코퍼레이션,30,13000,45,100,246,gaia figure;korean toy;collectible mini,0,dometopia-com;domema-com;figuredomae-com
figures-collectibles,30,이마트 캐릭터 블록 장난감,E-Mart Character Block Toy,이마트,22,9500,45,250,246,block toy;emart;kids building blocks,0,domeggook-com;sellmoa-com;toysrus-lottemart-com
golf-gear,1,캘러웨이 에픽 플래쉬 드라이버,Callaway Epic Flash Driver,캘러웨이,350,160000,38,1000,11513,golf driver;callaway golf;epic flash,0,domeggook-com;golfzonmarket-com;ownerclan-com
golf-gear,2,타이틀리스트 Pro V1 골프공 1더즌,Titleist Pro V1 Golf Balls 1 Dozen,타이틀리스트,55,25000,40,600,11513,golf balls;titleist pro v1;premium golf,0,dometopia-com;golfshopd-com;supercat-co-kr
golf-gear,3,핑 G425 맥스 드라이버,Ping G425 Max Driver,핑,400,180000,38,1000,11513,ping golf;g425 driver;golf club,0,domeggook-com;golfyongpum-com;sellmoa-com
golf-gear,4,테일러메이드 스텔스 드라이버,TaylorMade Stealth Driver,테일러메이드,450,200000,37,1000,11513,taylormade;stealth driver;golf equipment,0,ownerclan-com;domema-com;golfzonmarket-com
golf-gear,5,볼빅 비비드 골프공 1더즌,Volvik Vivid Golf Balls 1 Dozen,볼빅,35,15000,45,600,11513,volvik golf;vivid balls;colored golf balls,0,domeggook-com;dometopia-com;golfshopd-com
golf-gear,6,PXG 0311 GEN5 아이언 세트,PXG 0311 GEN5 Iron Set,PXG,1500,700000,30,5000,11513,pxg irons;golf clubs;premium irons,0,supercat-co-kr;domaechanggo-com;golfyongpum-com
golf-gear,7,마제스티 프레스티지 골프채,Majesty Prestige Golf Club,마제스티,800,380000,35,1200,11513,majesty golf;luxury golf club;prestige driver,0,domeggook-com;golfzonmarket-com;ownerclan-com
golf-gear,8,젝시오 12 드라이버,XXIO 12 Driver,젝시오,600,280000,35,900,11513,xxio golf;lightweight driver;golf club,0,dometopia-com;golfshopd-com;sellmoa-com
golf-gear,9,어뉴골프 스탠드백,Anew Golf Stand Bag,어뉴골프,250,110000,40,2500,11513,anew golf;golf stand bag;designer golf bag,-4,domeggook-com;domema-com;golfyongpum-com
golf-gear,10,캘빈클라인 골프웨어,Calvin Klein Golf Apparel,캘빈클라인 골프,80,35000,42,300,11513,golf apparel;calvin klein;golf shirt,0,ownerclan-com;supercat-co-kr;golfzonmarket-com
golf-gear,11,왁 골프 모자,WAAC Golf Cap,왁,45,20000,45,100,11513,waac golf;golf cap;korean golf fashion,0,domeggook-com;dometopia-com;golfshopd-com
golf-gear,12,제이린드버그 골프 장갑,J.Lindeberg Golf Glove,제이린드버그,30,13000,45,50,11513,golf glove;j lindeberg;premium golf accessory,0,ownerclan-com;sellmoa-com;domema-com
golf-gear,13,세인트나인 골프공 1더즌,Saintnine Golf Balls 1 Dozen,세인트나인,40,18000,42,600,11513,saintnine golf;korean golf balls;premium balls,0,domeggook-com;supercat-co-kr;golfyongpum-com
golf-gear,14,카카오프렌즈 골프 드라이버 커버,Kakao Friends Golf Driver Cover,카카오프렌즈 골프,49.99,22000,45,200,11513,kakao golf;driver cover;character golf,-12,dometopia-com;domaechanggo-com;golfzonmarket-com
golf-gear,15,데상트골프 남성 골프화,Descente Golf Men's Golf Shoes,데상트골프,150,70000,38,800,11513,descente golf;golf shoes;men's golf fashion,0,domeggook-com;golfshopd-com;ownerclan-com
golf-gear,16,캘러웨이 크롬소프트 골프공,Callaway Chrome Soft Golf Balls,캘러웨이,49.99,22000,42,600,11513,callaway balls;chrome soft;golf supplies,0,dometopia-com;supercat-co-kr;golfzonmarket-com
golf-gear,17,타이틀리스트 골프 우산,Titleist Golf Umbrella,타이틀리스트,40,18000,40,400,11513,golf umbrella;titleist gear;rain gear,0,domeggook-com;golfyongpum-com;ownerclan-com
golf-gear,18,핑 골프 웨지,Ping Golf Wedge,핑,140,65000,38,450,11513,golf wedge;ping clubs;short game,0,sellmoa-com;domema-com;golfshopd-com
golf-gear,19,테일러메이드 스파이더 퍼터,TaylorMade Spider Putter,테일러메이드,250,115000,38,500,11513,golf putter;taylormade spider;precision putter,0,domeggook-com;dometopia-com;golfzonmarket-com
golf-gear,20,볼빅 골프 거리 측정기,Volvik Golf Rangefinder,볼빅,180,80000,40,250,11513,golf rangefinder;volvik;distance measurement,0,ownerclan-com;supercat-co-kr;golfyongpum-com
golf-gear,21,PXG 골프 모자,PXG Golf Hat,PXG,50,23000,40,100,11513,pxg hat;golf headwear;designer golf,0,domeggook-com;domema-com;golfshopd-com
golf-gear,22,마제스티 골프 캐디백,Majesty Golf Caddie Bag,마제스티,300,140000,35,3000,11513,caddie bag;majesty golf;premium golf bag,0,dometopia-com;domaechanggo-com;golfzonmarket-com
golf-gear,23,젝시오 골프화,XXIO Golf Shoes,젝시오,160,75000,38,700,11513,xxio shoes;golf footwear;comfortable golf shoes,0,domeggook-com;sellmoa-com;golfyongpum-com
golf-gear,24,어뉴골프 골프웨어,Annew Golf Apparel,어뉴골프,90,40000,42,300,11513,anew golf fashion;golf polo;korean golf wear,0,ownerclan-com;supercat-co-kr;domema-com
golf-gear,25,캘빈클라인 골프 벨트,Calvin Klein Golf Belt,캘빈클라인 골프,60,28000,40,150,11513,golf belt;calvin klein;golf accessory,0,domeggook-com;dometopia-com;golfzonmarket-com
golf-gear,26,왁 골프 파우치,WAAC Golf Pouch,왁,70,32000,40,200,11513,waac pouch;golf accessory bag;korean golf,0,ownerclan-com;golfshopd-com;sellmoa-com
golf-gear,27,제이린드버그 골프 티셔츠,J.Lindeberg Golf T-Shirt,제이린드버그,110,50000,38,250,11513,golf t-shirt;j lindeberg;performance golf wear,0,domeggook-com;supercat-co-kr;golfyongpum-com
golf-gear,28,세인트나인 골프 장갑,Saintnine Golf Glove,세인트나인,25,11000,45,50,11513,golf glove;saintnine;korean golf accessory,0,dometopia-com;domaechanggo-com;golfzonmarket-com
golf-gear,29,카카오프렌즈 골프 볼마커,Kakao Friends Golf Ball Marker,카카오프렌즈 골프,15,6500,48,30,11513,golf ball marker;kakao golf;character marker,0,domeggook-com;ownerclan-com;golfshopd-com
golf-gear,30,데상트골프 여성 골프 스커트,Descente Golf Women's Skirt,데상트골프,95,42000,40,250,11513,golf skirt;descente golf;women's golf wear,0,dometopia-com;supercat-co-kr;golfyongpum-com
webtoon-goods,1,네이버웹툰 나 혼자만 레벨업 피규어,Naver Webtoon Solo Leveling Figure,네이버웹툰,80,35000,42,300,13693,solo leveling;webtoon figure;korean webtoon,0,domeggook-com;smartstore-naver-com-webtoonfriends;ownerclan-com
webtoon-goods,2,카카오웹툰 유미의 세포들 인형,Kakao Webtoon Yumi's Cells Plush Doll,카카오웹툰,35,15000,45,200,13693,yumis cells;webtoon plush;korean character,0,dometopia-com;store-kakaowebtoon-com;supercat-co-kr
webtoon-goods,3,레진코믹스 BL 웹툰 굿즈 세트,Lezhin Comics BL Webtoon Goods Set,레진코믹스,50,22000,40,250,13693,bl webtoon;lezhin comics;korean manga,0,domeggook-com;sellmoa-com;domema-com
webtoon-goods,4,탑툰 성인 웹툰 일러스트집,Toptoon Adult Webtoon Illustration Book,탑툰,40,18000,40,400,13693,adult webtoon;toptoon;illustration book,0,ownerclan-com;domaechanggo-com;dometopia-com
webtoon-goods,5,투믹스 웹툰 캐릭터 키링,Toomics Webtoon Character Keychain,투믹스,15,6500,48,50,13693,toomics;webtoon keychain;korean character,0,domeggook-com;supercat-co-kr;sellmoa-com
webtoon-goods,6,웹툰프렌즈 신의 탑 아크릴 스탠드,Webtoon Friends Tower of God Acrylic Stand,웹툰프렌즈,25,11000,45,100,13693,tower of god;acrylic stand;webtoon merch,0,smartstore-naver-com-webtoonfriends;ownerclan-com;anigoods-co-kr
webtoon-goods,7,마루 웹툰 OST 앨범,Maru Webtoon OST Album,마루,30,13000,45,150,13693,webtoon ost;korean soundtrack;maru webtoon,0,domeggook-com;domema-com;dometopia-com
webtoon-goods,8,애니플러스 웹툰 콜라보 굿즈,Aniplus Webtoon Collaboration Goods,애니플러스,45,20000,40,200,13693,aniplus merch;webtoon collab;korean anime,0,ownerclan-com;anigoods-co-kr;supercat-co-kr
webtoon-goods,9,코믹존 웹툰 단행본,Comic Zone Webtoon Comic Book,코믹존,20,9000,45,300,13693,webtoon comic;korean graphic novel;comiczone,0,domeggook-com;domaechanggo-com;sellmoa-com
webtoon-goods,10,굿즈이즈 웹툰 캐릭터 머그컵,Goods Is Webtoon Character Mug,굿즈이즈,18,8000,45,350,13693,webtoon mug;character mug;korean goods,0,dometopia-com;domema-com;smartstore-naver-com-webtoonfriends
webtoon-goods,11,모펀 웹툰 일러스트 포스터,Mofun Webtoon Illustration Poster,모펀,12,5000,48,80,13693,webtoon poster;korean illustration;mofun,0,domeggook-com;ownerclan-com;supercat-co-kr
webtoon-goods,12,위드드라마 웹툰 OST CD,Withdrama Webtoon OST CD,위드드라마,28,12000,45,120,13693,webtoon soundtrack;kpop ost;withdrama,0,dometopia-com;sellmoa-com;anigoods-co-kr
webtoon-goods,13,유미의 세포들 피규어 세트,Yumi's Cells Figure Set,유미의 세포들,60,28000,40,300,13693,yumis cells figure;korean animation;collectible set,0,domeggook-com;store-kakaowebtoon-com;ownerclan-com
webtoon-goods,14,나 혼자만 레벨업 웹툰 단행본,Solo Leveling Webtoon Comic Book,나 혼자만 레벨업,22,10000,42,350,13693,solo leveling comic;korean webtoon;fantasy manga,0,dometopia-com;smartstore-naver-com-webtoonfriends;domema-com
webtoon-goods,15,신의 탑 캐릭터 뱃지,Tower of God Character Badge,신의 탑,10,4000,50,30,13693,tower of god badge;webtoon pin;korean anime merch,0,domeggook-com;supercat-co-kr;domaechanggo-com
webtoon-goods,16,네이버웹툰 굿즈 파우치,Naver Webtoon Goods Pouch,네이버웹툰,18,8000,45,100,13693,webtoon pouch;korean stationery;naver merch,0,ownerclan-com;smartstore-naver-com-webtoonfriends;sellmoa-com
webtoon-goods,17,카카오웹툰 이모티콘 스티커,Kakao Webtoon Emoticon Sticker,카카오웹툰,8,3000,55,20,13693,kakao sticker;webtoon emoji;korean deco,0,domeggook-com;store-kakaowebtoon-com;dometopia-com
webtoon-goods,18,레진코믹스 웹툰 포토카드,Lezhin Comics Webtoon Photocards,레진코믹스,12,5000,48,40,13693,webtoon photocards;lezhin;korean collectibles,0,ownerclan-com;domema-com;supercat-co-kr
webtoon-goods,19,탑툰 웹툰 마우스패드,Toptoon Webtoon Mouse Pad,탑툰,16,7000,45,150,13693,webtoon mousepad;korean office;toptoon merch,0,domeggook-com;domaechanggo-com;sellmoa-com
webtoon-goods,20,투믹스 웹툰 폰케이스,Toomics Webtoon Phone Case,투믹스,25,11000,45,80,13693,webtoon phone case;toomics;korean phone accessory,0,dometopia-com;anigoods-co-kr;ownerclan-com
webtoon-goods,21,웹툰프렌즈 웹툰 엽서 세트,Webtoon Friends Webtoon Postcard Set,웹툰프렌즈,10,4000,50,50,13693,webtoon postcard;korean art print;webtoon friends,0,smartstore-naver-com-webtoonfriends;domema-com;supercat-co-kr
webtoon-goods,22,마루 웹툰 캐릭터 스티커,Maru Webtoon Character Sticker,마루,7,2800,55,20,13693,webtoon sticker;maru webtoon;korean deco,0,domeggook-com;dometopia-com;sellmoa-com
webtoon-goods,23,애니플러스 웹툰 캘린더,Aniplus Webtoon Calendar,애니플러스,20,9000,45,200,13693,webtoon calendar;korean merch;aniplus,0,ownerclan-com;anigoods-co-kr;domaechanggo-com
webtoon-goods,24,코믹존 웹툰 컬러링북,Comic Zone Webtoon Coloring Book,코믹존,15,6500,48,250,13693,webtoon coloring book;korean art;comiczone,0,domeggook-com;supercat-co-kr;domema-com
webtoon-goods,25,굿즈이즈 웹툰 캐릭터 에코백,Goods Is Webtoon Character Eco Bag,굿즈이즈,22,10000,42,180,13693,webtoon eco bag;korean canvas bag;character bag,0,dometopia-com;sellmoa-com;smartstore-naver-com-webtoonfriends
webtoon-goods,26,모펀 웹툰 캐릭터 담요,Mofun Webtoon Character Blanket,모펀,30,13000,45,400,13693,webtoon blanket;korean merch;mofun,0,domeggook-com;ownerclan-com;domaechanggo-com
webtoon-goods,27,위드드라마 웹툰 캐릭터 포스터,Withdrama Webtoon Character Poster,위드드라마,14,6000,48,70,13693,webtoon poster;korean art print;withdrama,0,dometopia-com;supercat-co-kr;anigoods-co-kr
webtoon-goods,28,유미의 세포들 젤리 케이스,Yumi's Cells Jelly Phone Case,유미의 세포들,20,9000,45,60,13693,yumis cells phone case;korean character;jelly case,0,domeggook-com;store-kakaowebtoon-com;domema-com
webtoon-goods,29,나 혼자만 레벨업 아크릴 키링,Solo Leveling Acrylic Keychain,나 혼자만 레벨업,15,6500,48,40,13693,solo leveling keychain;webtoon accessory;korean anime,0,dometopia-com;smartstore-naver-com-webtoonfriends;sellmoa-com
webtoon-goods,30,신의 탑 캐릭터 스티커 세트,Tower of God Character Sticker Set,신의 탑,9,3500,50,30,13693,tower of god sticker;webtoon deco;korean character,0,domeggook-com;ownerclan-com;domaechanggo-com
camping-gear,1,헬리녹스 체어원,Helinox Chair One,헬리녹스,119.99,65000,45,960,178224,camping chair;lightweight;portable,0,domeggook-com;campingtree-co-kr;campingon-co-kr
camping-gear,2,코베아 구이바다,Kovea GUi-BADA All-in-one Grill,코베아,149.99,75000,50,3500,178224,camping grill;portable stove;korean bbq,0,ownerclan-com;campingtree-co-kr;campingmoa-co-kr
camping-gear,3,미니멀웍스 구아바 텐트,Minimal Works Guava Tent,미니멀웍스,399.99,200000,50,2500,178224,camping tent;minimalist tent;outdoor gear,0,dometopia-com;campingon-co-kr;supercat-co-kr
camping-gear,4,카즈미 캠핑 테이블,Kazmi Camping Table,카즈미,89.99,40000,55,3000,178224,folding table;outdoor table;portable table,0,sellmoa-com;campingtree-co-kr;domaechanggo-com
camping-gear,5,스노우라인 큐브 패밀리 테이블,Snowline Cube Family Table,스노우라인,129.99,60000,53,4000,178224,camping table;family table;outdoor dining,0,domeggook-com;campingon-co-kr;domema-com
camping-gear,6,제드 돔 텐트,Jed Dome Tent,제드,249.99,120000,52,4500,178224,dome tent;camping shelter;outdoor tent,0,ownerclan-com;campingtree-co-kr;dometopia-com
camping-gear,7,하이브로우 밀크박스,Hibrow Milk Box,하이브로우,49.99,25000,50,1500,178224,storage box;camping storage;milk crate,0,sellmoa-com;supercat-co-kr;domema-com
camping-gear,8,버팔로 캠핑 매트,Buffalo Camping Mat,버팔로,39.99,18000,55,800,178224,sleeping pad;camping mattress;outdoor mat,0,domeggook-com;campingmoa-co-kr;domaechanggo-com
camping-gear,9,아베나키 캠핑 의자,Abenaki Camping Chair,아베나키,79.99,35000,56,1200,178224,folding chair;outdoor chair;portable seat,0,ownerclan-com;campingtree-co-kr;dometopia-com
camping-gear,10,노스피크 쉘터,Northpeak Shelter,노스피크,299.99,150000,50,6000,178224,camping shelter;outdoor canopy;sun shade,0,sellmoa-com;campingon-co-kr;supercat-co-kr
camping-gear,11,위오 돔 텐트,Weo Dome Tent,위오,279.99,140000,50,5000,178224,camping tent;dome tent;outdoor living,0,domeggook-com;campingtree-co-kr;domema-com
camping-gear,12,카고컨테이너 캠핑 박스,Cargo Container Camping Box,카고컨테이너,69.99,30000,57,2000,178224,storage box;camping storage;gear container,0,ownerclan-com;campingmoa-co-kr;domaechanggo-com
camping-gear,13,밴프 캠핑 랜턴,Banff Camping Lantern,밴프,29.99,12000,60,300,178224,led lantern;camping light;portable lamp,0,dometopia-com;campingon-co-kr;supercat-co-kr
camping-gear,14,어썸크리에이티브 캠핑 화로대,Awesome Creative Fire Pit,어썸크리에이티브,99.99,45000,55,3000,178224,fire pit;camping bonfire;outdoor heater,0,sellmoa-com;campingtree-co-kr;domema-com
camping-gear,15,베른 테이블,Verne Table,베른,159.99,70000,56,2000,178224,camping table;lightweight table;outdoor furniture,-5,domeggook-com;campingon-co-kr;domaechanggo-com
camping-gear,16,캠핑용 접이식 의자,Folding Camping Chair,코베아,45,20000,55,1000,178224,portable chair;outdoor seat;fishing chair,0,ownerclan-com;campingtree-co-kr;domema-com
camping-gear,17,휴대용 캠핑 버너,Portable Camping Stove,코베아,35,15000,57,400,178224,gas stove;backpacking stove;outdoor cooking,0,dometopia-com;campingmoa-co-kr;supercat-co-kr
camping-gear,18,캠핑용 침낭,Camping Sleeping Bag,버팔로,60,28000,53,1500,178224,outdoor sleeping;mummy bag;lightweight sleeping bag,0,sellmoa-com;campingon-co-kr;domaechanggo-com
camping-gear,19,캠핑용 랜턴,Camping Lantern,밴프,25,10000,60,250,178224,led light;outdoor lamp;emergency light,0,domeggook-com;campingtree-co-kr;domema-com
camping-gear,20,캠핑용 접이식 테이블,Folding Camping Table,카즈미,75,35000,53,2500,178224,portable table;outdoor dining;picnic table,-4,ownerclan-com;campingmoa-co-kr;supercat-co-kr
camping-gear,21,캠핑용 쿨러 박스,Camping Cooler Box,카고컨테이너,85,40000,53,3000,178224,insulated cooler;ice chest;outdoor cooler,0,dometopia-com;campingon-co-kr;domaechanggo-com
camping-gear,22,캠핑용 해먹,Camping Hammock,미니멀웍스,55,25000,54,700,178224,portable hammock;outdoor relaxation;tree hammock,0,sellmoa-com;campingtree-co-kr;domema-com
camping-gear,23,캠핑용 타프,Camping Tarp,노스피크,110,50000,55,2000,178224,rain fly;sun shelter;outdoor canopy,0,domeggook-com;campingmoa-co-kr;supercat-co-kr
camping-gear,24,캠핑용 그리들,Camping Griddle,코베아,65,30000,54,1800,178224,cast iron griddle;outdoor cooking;bbq plate,0,ownerclan-com;campingon-co-kr;domaechanggo-com
camping-gear,25,캠핑용 파워뱅크,Camping Power Bank,제드,130,60000,54,1000,178224,portable power;outdoor charger;solar generator,0,dometopia-com;campingtree-co-kr;domema-com
camping-gear,26,캠핑용 컵 세트,Camping Cup Set,스노우라인,30,12000,60,350,178224,stainless steel cups;outdoor drinkware;portable cups,-6,sellmoa-com;campingmoa-co-kr;supercat-co-kr
camping-gear,27,캠핑용 식기 세트,Camping Dinnerware Set,스노우라인,40,18000,55,500,178224,outdoor utensils;portable dinnerware;camping plates,-1,domeggook-com;campingon-co-kr;domaechanggo-com
camping-gear,28,캠핑용 아이스박스,Camping Ice Box,버팔로,95,45000,53,3200,178224,insulated cooler;food storage;outdoor cooler,-5,ownerclan-com;campingtree-co-kr;domema-com
camping-gear,29,캠핑용 매트리스,Camping Mattress,제드,70,32000,54,1200,178224,inflatable mattress;sleeping pad;air bed,0,dometopia-com;campingmoa-co-kr;supercat-co-kr
camping-gear,30,캠핑용 샤워기,Portable Camping Shower,위오,45,20000,55,600,178224,outdoor shower;portable shower;camping hygiene,0,sellmoa-com;campingon-co-kr;domaechanggo-com
kitchen-ware,1,락앤락 비스프리 밀폐용기 세트,LocknLock Bisfree Food Container Set,락앤락,49.99,25000,50,1200,20625,food storage;airtight container;bpa free,0,domeggook-com;kitchenmall-co-kr;jubangdomae-com
kitchen-ware,2,해피콜 다이아몬드 프라이팬,Happycall Diamond Frying Pan,해피콜,59.99,30000,50,1000,20625,nonstick pan;korean cookware;diamond coating,0,ownerclan-com;domema-com;supercat-co-kr
kitchen-ware,3,한샘 도마 살균기,Hanssem Cutting Board Sterilizer,한샘,89.99,45000,50,1500,20625,kitchen sterilizer;uv sterilizer;cutting board holder,0,dometopia-com;gotomall-kr;domaechanggo-com
kitchen-ware,4,네오플램 피카 냄비,Neoflam Fika Pot,네오플램,79.99,40000,50,1800,20625,ceramic pot;nonstick pot;korean kitchenware,0,sellmoa-com;kitchenmall-co-kr;jubangdomae-com
kitchen-ware,5,글라스락 스마트 캡 용기,Glasslock Smart Cap Container,글라스락,39.99,20000,50,800,20625,glass container;food storage;microwave safe,0,domeggook-com;domema-com;supercat-co-kr
kitchen-ware,6,PN풍년 압력솥,PN Poongnyun Pressure Cooker,PN풍년,119.99,60000,50,2500,20625,pressure cooker;rice cooker;korean kitchen,-1,ownerclan-com;gotomall-kr;domaechanggo-com
kitchen-ware,7,키친아트 에어프라이어,Kitchen Art Air Fryer,키친아트,99.99,50000,50,3000,20625,air fryer;healthy cooking;kitchen appliance,0,dometopia-com;kitchenmall-co-kr;jubangdomae-com
kitchen-ware,8,오덴세 아틀리에 그릇 세트,Odense Atelier Dinnerware Set,오덴세,149.99,75000,50,4000,20625,ceramic dinnerware;korean pottery;tableware set,0,sellmoa-com;domema-com;supercat-co-kr
kitchen-ware,9,모도리 쿡웨어 세트,Modori Cookware Set,모도리,199.99,100000,50,5000,20625,nonstick cookware;induction cookware;korean design,0,domeggook-com;gotomall-kr;domaechanggo-com
kitchen-ware,10,도루코 식칼 세트,Dorco Knife Set,도루코,69.99,35000,50,1500,20625,kitchen knives;chef knife;stainless steel knife,0,ownerclan-com;kitchenmall-co-kr;jubangdomae-com
kitchen-ware,11,실리쿡 실리콘 지퍼백,SiliCook Silicone Zipper Bag,실리쿡,29.99,15000,50,300,20625,reusable bag;food storage;silicone bag,0,dometopia-com;domema-com;supercat-co-kr
kitchen-ware,12,광주요 도자기 그릇,Kwangjuyo Ceramic Bowl,광주요,45,22000,51,600,20625,korean pottery;handmade bowl;ceramic tableware,0,sellmoa-com;gotomall-kr;domaechanggo-com
kitchen-ware,13,한국도자기 커피잔 세트,Hankook Chinaware Coffee Cup Set,한국도자기,55,28000,49,1000,20625,porcelain cups;tea set;korean chinaware,0,domeggook-com;kitchenmall-co-kr;jubangdomae-com
kitchen-ware,14,퀸센스 인덕션 프라이팬,Queensense Induction Frying Pan,퀸센스,65,32000,51,1200,20625,induction cookware;nonstick pan;korean kitchen,0,ownerclan-com;domema-com;supercat-co-kr
kitchen-ware,15,로이첸 라면포트,Loighen Ramen Pot,로이첸,35,18000,49,700,20625,ramen cooker;mini pot;korean instant noodles,0,dometopia-com;gotomall-kr;domaechanggo-com
kitchen-ware,16,한국식 도자기 밥그릇 세트,Korean Ceramic Rice Bowl Set,광주요,38,18000,53,1000,20625,korean tableware;ceramic bowl;rice bowl,0,sellmoa-com;kitchenmall-co-kr;domema-com
kitchen-ware,17,김치 보관 용기,Kimchi Storage Container,락앤락,25,10000,60,500,20625,fermentation container;kimchi jar;food preservation,0,domeggook-com;jubangdomae-com;supercat-co-kr
kitchen-ware,18,스테인리스 냄비 세트,Stainless Steel Pot Set,PN풍년,80,38000,53,2500,20625,cookware set;stock pot;kitchen pots,0,ownerclan-com;gotomall-kr;domaechanggo-com
kitchen-ware,19,실리콘 조리 도구 세트,Silicone Cooking Utensil Set,실리쿡,30,12000,60,400,20625,kitchen tools;nonstick utensils;baking tools,0,dometopia-com;kitchenmall-co-kr;domema-com
kitchen-ware,20,인덕션용 프라이팬,Induction Frying Pan,네오플램,50,22000,56,1100,20625,nonstick pan;induction ready;cookware,0,sellmoa-com;jubangdomae-com;supercat-co-kr
kitchen-ware,21,세라믹 코팅 냄비,Ceramic Coated Pot,모도리,70,30000,57,1500,20625,nonstick pot;healthy cooking;stew pot,0,domeggook-com;gotomall-kr;domaechanggo-com
kitchen-ware,22,한국식 수저 세트,Korean Spoon Chopstick Set,한국도자기,18,7000,61,200,20625,korean cutlery;stainless steel;flatware set,0,ownerclan-com;kitchenmall-co-kr;domema-com
kitchen-ware,23,다용도 칼 가위 세트,Multi-purpose Knife Scissor Set,도루코,40,18000,55,600,20625,kitchen shears;utility knife;cutting tools,0,dometopia-com;jubangdomae-com;supercat-co-kr
kitchen-ware,24,유리 밀폐 용기,Glass Airtight Container,글라스락,28,11000,61,450,20625,food prep;meal prep;glass storage,0,sellmoa-com;gotomall-kr;domaechanggo-com
kitchen-ware,25,전기 주전자,Electric Kettle,키친아트,45,20000,55,800,20625,water boiler;tea kettle;kitchen appliance,0,domeggook-com;kitchenmall-co-kr;domema-com
kitchen-ware,26,주방용 저울,Kitchen Scale,한샘,20,8000,60,300,20625,food scale;digital scale;baking scale,0,ownerclan-com;jubangdomae-com;supercat-co-kr
kitchen-ware,27,튀김 냄비,Deep Fry Pot,로이첸,35,15000,57,900,20625,tempura pot;frying pan;small pot,0,dometopia-com;gotomall-kr;domaechanggo-com
kitchen-ware,28,라면 냄비,Ramen Pot,퀸센스,22,9000,59,500,20625,instant noodle pot;korean ramen;single serving pot,0,sellmoa-com;kitchenmall-co-kr;domema-com
kitchen-ware,29,실리콘 찜기,Silicone Steamer,실리쿡,25,10000,60,250,20625,vegetable steamer;food steamer;microwave steamer,0,domeggook-com;jubangdomae-com;supercat-co-kr
kitchen-ware,30,도자기 머그컵,Ceramic Mug Cup,오덴세,15,6000,60,300,20625,coffee mug;tea cup;korean design,0,ownerclan-com;gotomall-kr;domaechanggo-com
kdrama-goods,1,스튜디오드래곤 드라마 OST 앨범,Studio Dragon K-Drama OST Album,스튜디오드래곤,35,15000,57,300,176984,kpop album;korean drama soundtrack;official ost,0,domeggook-com
kdrama-goods,2,Ktown4u 아이돌 굿즈 포토카드 세트,Ktown4u Idol Goods Photocard Set,Ktown4u,15,6000,60,50,176984,kpop photocard;idol merchandise;collectible cards,0,ownerclan-com
kdrama-goods,3,SBS 드라마 대본집,SBS K-Drama Script Book,SBS (스브스캐치),40,18000,55,400,176984,korean drama script;official merchandise;drama fanbook,0,dometopia-com
kdrama-goods,4,JTBC 드라마 굿즈 키링,JTBC K-Drama Goods Keychain,JTBC (JTBC play),12,5000,58,30,176984,korean drama merch;keyring;fan accessory,0,sellmoa-com;ndm-kr
kdrama-goods,5,마플샵 커스텀 폰케이스,Marpple Shop Custom Phone Case,마플샵,25,10000,60,80,176984,custom phone case;kpop phone case;fan art merch,0,domeggook-com;supercat-co-kr
kdrama-goods,6,웹툰프렌즈 캐릭터 인형,Webtoon Friends Character Plush Doll,웹툰프렌즈,30,12000,60,200,176984,webtoon merchandise;korean character;plush toy,0,ownerclan-com;domema-com
kdrama-goods,7,카카오프렌즈 인형,Kakao Friends Plush Doll,카카오프렌즈,28,11000,61,180,176984,korean character;kakao plush;ryan apeach,0,dometopia-com;gotomall-kr
kdrama-goods,8,제삼기획 드라마 포스터,Jesam Planning K-Drama Poster,제삼기획,20,8000,60,100,176984,korean drama poster;official poster;fan collectible,0,sellmoa-com;ndm-kr
kdrama-goods,9,와디즈 펀딩 굿즈,Wadiz Crowdfunding Goods,와디즈,45,20000,55,300,176984,korean crowdfunding;unique merchandise;limited edition,0,domeggook-com;domemall-co-kr
kdrama-goods,10,사운드웨이브 앨범 포스터,Soundwave Album Poster,사운드웨이브,18,7000,61,80,176984,kpop poster;album poster;collectible poster,0,ownerclan-com
kdrama-goods,11,에버라인 포토카드 앨범,Everline Photocard Album,에버라인,22,9000,59,150,176984,kpop photocard holder;album binder;fan collectible,0,dometopia-com
kdrama-goods,12,뮤직앤드라마 OST CD,Music&Drama OST CD,뮤직앤드라마,28,11000,61,120,176984,korean drama ost;music cd;soundtrack album,0,sellmoa-com;supercat-co-kr
kdrama-goods,13,코팬글로벌 K-POP 앨범,Kopanglobal K-POP Album,코팬글로벌,32,13000,59,250,176984,kpop music;idol album;official release,0,domeggook-com;gotomall-kr
kdrama-goods,14,와이낫미디어 웹드라마 굿즈,WhyNot Media Web Drama Goods,와이낫미디어,20,8000,60,100,176984,web drama merch;korean web series;fan collectible,0,ownerclan-com;ndm-kr
kdrama-goods,15,메이크스타 팬사인회 앨범,Makestar Fansign Album,메이크스타,50,25000,50,350,176984,signed album;kpop fansign;limited edition,0,dometopia-com;domemall-co-kr
kdrama-goods,16,K-드라마 포토북,K-Drama Photobook,스튜디오드래곤,30,12000,60,250,176984,korean drama collectible;official photobook;fan merchandise,0,sellmoa-com
kdrama-goods,17,K-POP 아이돌 응원봉,K-POP Idol Light Stick,Ktown4u,40,18000,55,200,176984,lightstick;kpop concert;fan light,0,domeggook-com;supercat-co-kr
kdrama-goods,18,드라마 명대사 캘리그라피 액자,K-Drama Quote Calligraphy Frame,SBS (스브스캐치),25,10000,60,150,176984,korean calligraphy;drama quote;fan art,0,ownerclan-com;ndm-kr
kdrama-goods,19,웹툰 캐릭터 스티커 세트,Webtoon Character Sticker Set,웹툰프렌즈,10,4000,60,30,176984,korean webtoon;character stickers;planner stickers,0,dometopia-com;gotomall-kr
kdrama-goods,20,카카오프렌즈 문구 세트,Kakao Friends Stationery Set,카카오프렌즈,18,7000,61,100,176984,korean stationery;kakao merch;school supplies,0,sellmoa-com;domemall-co-kr
kdrama-goods,21,K-POP 아이돌 포스터,K-POP Idol Poster,사운드웨이브,15,6000,60,70,176984,kpop collectible;fan poster;music poster,0,domeggook-com
kdrama-goods,22,드라마 명장면 엽서 세트,K-Drama Famous Scene Postcard Set,뮤직앤드라마,12,5000,58,40,176984,korean drama postcards;fan art;collectible postcards,0,ownerclan-com;supercat-co-kr
kdrama-goods,23,K-POP 앨범 포토카드,K-POP Album Photocard,코팬글로벌,8,3000,63,10,176984,kpop collectible;idol photocard;trading card,0,dometopia-com;gotomall-kr
kdrama-goods,24,웹드라마 OST 앨범,Web Drama OST Album,와이낫미디어,28,11000,61,200,176984,korean web series soundtrack;music album;official ost,0,sellmoa-com;ndm-kr
kdrama-goods,25,K-POP 아이돌 슬로건,K-POP Idol Slogan,메이크스타,20,8000,60,50,176984,kpop fan merch;concert slogan;idol banner,0,domeggook-com;domemall-co-kr
kdrama-goods,26,드라마 캐릭터 마우스패드,K-Drama Character Mousepad,스튜디오드래곤,15,6000,60,100,176984,korean drama merch;character goods;desk accessory,0,ownerclan-com
kdrama-goods,27,K-POP 아이돌 뱃지,K-POP Idol Badge,Ktown4u,10,4000,60,20,176984,kpop pin;idol badge;fan accessory,0,dometopia-com;supercat-co-kr
kdrama-goods,28,드라마 명장면 스크랩북,K-Drama Famous Scene Scrapbook,SBS (스브스캐치),22,9000,59,180,176984,korean drama fanbook;scrapbook;collectible album,0,sellmoa-com;ndm-kr
kdrama-goods,29,웹툰 캐릭터 에코백,Webtoon Character Eco Bag,웹툰프렌즈,20,8000,60,150,176984,korean webtoon merch;eco friendly bag;character tote bag,0,domeggook-com;gotomall-kr
kdrama-goods,30,카카오프렌즈 키링,Kakao Friends Keychain,카카오프렌즈,10,4000,60,30,176984,korean character;kakao keyring;ryan apeach,0,ownerclan-com;domemall-co-kr
mens-fashion,1,솔리드옴므 오버사이즈 티셔츠,Solid Homme Oversized T-Shirt,솔리드옴므,120,60000,50,300,1059,korean designer;mens streetwear;oversized tee,0,domeggook-com;ndm-kr
mens-fashion,2,우영미 로고 티셔츠,Wooyoungmi Logo T-Shirt,우영미,150,75000,50,350,1059,korean fashion;luxury streetwear;designer tee,0,ownerclan-com;gotomall-kr;domemall-co-kr
mens-fashion,3,무신사 스탠다드 슬랙스,Musinsa Standard Slacks,무신사 스탠다드,50,25000,50,400,1059,korean casual wear;mens trousers;minimalist fashion,13,dometopia-com;supercat-co-kr
mens-fashion,4,앤더슨벨 니트 스웨터,Andersson Bell Knit Sweater,앤더슨벨,90,45000,50,500,1059,korean streetwear;mens knitwear;fashion sweater,0,sellmoa-com;ndm-kr;domaechanggo-com
mens-fashion,5,디스이즈네버댓 후드티,Thisisneverthat Hoodie,디스이즈네버댓,80,40000,50,600,1059,korean streetwear;graphic hoodie;mens casual,0,domeggook-com;domema-com;gotomall-kr
mens-fashion,6,커버낫 로고 맨투맨,Covernat Logo Sweatshirt,커버낫,65,32000,51,550,1059,korean casual;mens sweatshirt;streetwear brand,-3,ownerclan-com;supercat-co-kr
mens-fashion,7,타임옴므 셔츠,Time Homme Shirt,타임옴므,180,90000,50,400,1059,korean luxury fashion;mens dress shirt;designer shirt,0,dometopia-com;ndm-kr;domemall-co-kr
mens-fashion,8,LMC 볼캡,LMC Ball Cap,LMC,40,18000,55,150,1059,korean streetwear;baseball cap;logo cap,0,sellmoa-com;domema-com;domaechanggo-com
mens-fashion,9,비욘드클로젯 맨투맨,Beyond Closet Sweatshirt,비욘드클로젯,70,35000,50,500,1059,korean fashion;dog graphic;mens casual,0,domeggook-com;gotomall-kr;supercat-co-kr
mens-fashion,10,드로우핏 와이드 팬츠,Drawfit Wide Pants,드로우핏,60,30000,50,450,1059,korean style pants;mens wide leg;casual trousers,0,ownerclan-com;ndm-kr
mens-fashion,11,쿠어 미니멀 자켓,Coor Minimal Jacket,쿠어,110,55000,50,700,1059,korean minimalist;mens outerwear;casual jacket,0,dometopia-com;domema-com;domemall-co-kr
mens-fashion,12,수아레 옥스포드 셔츠,Suare Oxford Shirt,수아레,55,27000,51,380,1059,korean mens fashion;button down shirt;casual shirt,0,sellmoa-com;gotomall-kr;domaechanggo-com
mens-fashion,13,마하그리드 그래픽 티셔츠,Mahagrid Graphic T-Shirt,마하그리드,45,20000,56,280,1059,korean streetwear;graphic tee;mens t-shirt,0,domeggook-com;supercat-co-kr
mens-fashion,14,애프터프레이 데님 팬츠,After Pray Denim Pants,애프터프레이,85,42000,51,600,1059,korean denim;mens jeans;straight fit jeans,0,ownerclan-com;ndm-kr;domemall-co-kr
mens-fashion,15,유니폼브릿지 카고 팬츠,Uniform Bridge Cargo Pants,유니폼브릿지,75,37000,51,550,1059,korean utility wear;mens cargo;casual pants,0,dometopia-com;domema-com;domaechanggo-com
mens-fashion,16,남성용 오버핏 후드티,Men's Oversized Hoodie,디스이즈네버댓,70,35000,50,650,1059,korean streetwear;loose fit hoodie;casual top,0,sellmoa-com;supercat-co-kr
mens-fashion,17,남성용 와이드 슬랙스,Men's Wide Slacks,드로우핏,60,30000,50,480,1059,korean fashion pants;mens wide leg;minimalist trousers,0,domeggook-com;ndm-kr;gotomall-kr
mens-fashion,18,남성용 미니멀 자켓,Men's Minimalist Jacket,쿠어,100,50000,50,750,1059,korean outerwear;casual jacket;simple design,0,ownerclan-com;domema-com;domemall-co-kr
mens-fashion,19,남성용 그래픽 티셔츠,Men's Graphic T-Shirt,마하그리드,40,18000,55,250,1059,korean streetwear;printed tee;mens casual top,0,dometopia-com;domaechanggo-com
mens-fashion,20,남성용 데님 팬츠,Men's Denim Pants,애프터프레이,80,40000,50,620,1059,korean jeans;mens straight fit;casual denim,0,sellmoa-com;supercat-co-kr;ndm-kr
mens-fashion,21,남성용 카고 팬츠,Men's Cargo Pants,유니폼브릿지,70,35000,50,580,1059,korean utility pants;mens cargo;streetwear pants,0,domeggook-com;domema-com;gotomall-kr
mens-fashion,22,남성용 캔버스 스니커즈,Men's Canvas Sneakers,무신사 스탠다드,45,20000,56,700,1059,korean casual shoes;mens sneakers;canvas shoes,0,ownerclan-com;domemall-co-kr
mens-fashion,23,남성용 미니멀 백팩,Men's Minimalist Backpack,LMC,90,45000,50,800,1059,korean backpack;mens casual bag;laptop backpack,0,dometopia-com;ndm-kr;domaechanggo-com
mens-fashion,24,남성용 스트라이프 셔츠,Men's Striped Shirt,수아레,50,22000,56,320,1059,korean casual shirt;mens button up;summer shirt,0,sellmoa-com;supercat-co-kr;gotomall-kr
mens-fashion,25,남성용 코튼 반팔 티셔츠,Men's Cotton Short Sleeve T-Shirt,커버낫,35,15000,57,200,1059,korean basic tee;mens casual t-shirt;summer top,0,domeggook-com;domema-com
mens-fashion,26,남성용 스웨트 팬츠,Men's Sweatpants,비욘드클로젯,55,25000,55,450,1059,korean loungewear;mens joggers;casual pants,0,ownerclan-com;ndm-kr;domemall-co-kr
mens-fashion,27,남성용 니트 베스트,Men's Knit Vest,앤더슨벨,65,30000,54,350,1059,korean fashion vest;mens knitwear;layered fashion,0,dometopia-com;domaechanggo-com;supercat-co-kr
mens-fashion,28,남성용 린넨 셔츠,Men's Linen Shirt,타임옴므,130,65000,50,300,1059,korean summer shirt;mens linen;breathable shirt,0,sellmoa-com;gotomall-kr;domema-com
mens-fashion,29,남성용 크로스백,Men's Crossbody Bag,LMC,50,25000,50,250,1059,korean streetwear bag;mens shoulder bag;small bag,0,domeggook-com;ndm-kr
mens-fashion,30,남성용 볼캡,Men's Ball Cap,디스이즈네버댓,38,17000,55,120,1059,korean baseball cap;mens hat;logo cap,0,ownerclan-com;supercat-co-kr;domemall-co-kr
pet-supplies,1,바잇미 강아지 간식,Biteme Dog Treats,바잇미,15,6000,60,150,1281,korean dog treats;natural dog snacks;pet food,0,domeggook-com;petdomae-com;petfriends-co-kr
pet-supplies,2,페스룸 고양이 모래,Petroom Cat Litter,페스룸,30,12000,60,2000,1281,korean cat litter;odor control;bentonite litter,0,ownerclan-com;supercat-co-kr;domaechanggo-com
pet-supplies,3,포켄스 강아지 영양제,Forcans Dog Supplements,포켄스,25,10000,60,200,1281,dog vitamins;pet health;korean pet care,0,dometopia-com;domema-com;domemall-co-kr
pet-supplies,4,네츄럴코어 유기농 사료,Natural Core Organic Pet Food,네츄럴코어,40,18000,55,1500,1281,organic dog food;grain free;korean pet food,0,sellmoa-com;petdomae-com;petfriends-co-kr
pet-supplies,5,딩동펫 강아지 배변패드,Dingdongpet Dog Training Pads,딩동펫,20,8000,60,500,1281,dog pee pads;pet training;absorbent pads,0,domeggook-com;supercat-co-kr;domaechanggo-com
pet-supplies,6,핏펫 강아지 치약,Fitpet Dog Toothpaste,핏펫,18,7000,61,100,1281,dog dental care;pet toothpaste;bad breath,0,ownerclan-com;domema-com;domemall-co-kr
pet-supplies,7,퍼핑 고양이 장난감,Puffing Cat Toy,퍼핑,12,5000,58,50,1281,interactive cat toy;catnip toy;pet play,0,dometopia-com;petdomae-com;petfriends-co-kr
pet-supplies,8,스몰스터프 강아지 옷,Small Stuff Dog Clothes,스몰스터프,35,15000,57,150,1281,dog apparel;pet fashion;small dog clothes,0,sellmoa-com;supercat-co-kr;domaechanggo-com
pet-supplies,9,마이플러피 고양이 스크래쳐,My Fluffy Cat Scratcher,마이플러피,28,11000,61,800,1281,cat scratching post;cat furniture;pet scratcher,0,domeggook-com;domema-com;domemall-co-kr
pet-supplies,10,아르르 강아지 샴푸,Arrr Dog Shampoo,아르르,22,9000,59,300,1281,dog grooming;pet shampoo;hypoallergenic,0,ownerclan-com;petdomae-com;petfriends-co-kr
pet-supplies,11,멍뭉 강아지 하네스,Meongmoong Dog Harness,멍뭉,30,12000,60,200,1281,dog harness;no pull harness;pet leash,0,dometopia-com;supercat-co-kr;domaechanggo-com
pet-supplies,12,리치엔 고양이 습식 사료,Richien Cat Wet Food,리치엔,10,4000,60,100,1281,wet cat food;grain free;cat nutrition,0,sellmoa-com;domema-com;domemall-co-kr
pet-supplies,13,미닝코 강아지 장난감,Meaningco Dog Toy,미닝코,15,6000,60,80,1281,dog chew toy;interactive dog toy;pet play,0,domeggook-com;petdomae-com;petfriends-co-kr
pet-supplies,14,앤블랭크 고양이 캣타워,Andblank Cat Tree,앤블랭크,80,40000,50,4000,1281,cat furniture;cat condo;cat climbing tree,0,ownerclan-com;supercat-co-kr;domaechanggo-com
pet-supplies,15,바잇미 강아지 방석,Biteme Dog Cushion,바잇미,45,20000,55,700,1281,dog bed;pet cushion;washable dog bed,0,dometopia-com;domema-com;domemall-co-kr
pet-supplies,16,강아지 이동 가방,Dog Carrier Bag,페스룸,50,25000,50,800,1281,pet travel bag;dog tote bag;airline approved,0,sellmoa-com;petdomae-com;petfriends-co-kr
pet-supplies,17,고양이 스크래쳐,Cat Scratcher,마이플러피,20,8000,60,600,1281,cardboard scratcher;cat claw care;pet toy,0,domeggook-com;supercat-co-kr;domaechanggo-com
pet-supplies,18,강아지 자동 급식기,Automatic Dog Feeder,딩동펫,60,30000,50,1000,1281,pet feeder;timed feeder;dog food dispenser,0,ownerclan-com;domema-com;domemall-co-kr
pet-supplies,19,고양이 낚시대 장난감,Cat Wand Toy,퍼핑,10,4000,60,30,1281,interactive cat toy;feather wand;cat play,0,dometopia-com;petdomae-com;petfriends-co-kr
pet-supplies,20,강아지 목욕 타월,Dog Bath Towel,아르르,15,6000,60,180,1281,pet towel;microfiber towel;dog grooming,0,sellmoa-com;supercat-co-kr;domaechanggo-com
pet-supplies,21,고양이 자동 급수기,Automatic Cat Water Fountain,앤블랭크,40,18000,55,700,1281,pet water dispenser;cat fountain;filtered water,0,domeggook-com;domema-com;domemall-co-kr
pet-supplies,22,강아지 배변 봉투,Dog Poop Bags,포켄스,8,3000,63,50,1281,biodegradable bags;pet waste bags;dog cleanup,0,ownerclan-com;petdomae-com;petfriends-co-kr
pet-supplies,23,고양이 간식,Cat Treats,리치엔,12,5000,58,80,1281,korean cat snacks;healthy cat treats;pet food,0,dometopia-com;supercat-co-kr;domaechanggo-com
pet-supplies,24,강아지 빗,Dog Brush,멍뭉,18,7000,61,120,1281,pet grooming brush;deshedding tool;dog hair brush,0,sellmoa-com;domema-com;domemall-co-kr
pet-supplies,25,고양이 밥그릇,Cat Food Bowl,미닝코,20,8000,60,250,1281,elevated cat bowl;ceramic cat bowl;pet feeder,0,domeggook-com;petdomae-com;petfriends-co-kr
pet-supplies,26,강아지 방수 옷,Dog Raincoat,스몰스터프,30,12000,60,200,1281,waterproof dog jacket;pet apparel;dog outdoor wear,0,ownerclan-com;supercat-co-kr;domaechanggo-com
pet-supplies,27,고양이 발톱깎이,Cat Nail Clippers,핏펫,15,6000,60,50,1281,pet nail trimmer;cat grooming;claw clippers,0,dometopia-com;domema-com;domemall-co-kr
pet-supplies,28,강아지 유모차,Dog Stroller,네츄럴코어,90,45000,50,3000,1281,pet stroller;dog buggy;pet travel gear,0,sellmoa-com;petdomae-com;petfriends-co-kr
pet-supplies,29,고양이 해먹,Cat Hammock,마이플러피,25,10000,60,300,1281,window cat bed;cat perch;pet furniture,0,domeggook-com;supercat-co-kr;domaechanggo-com
pet-supplies,30,강아지 카시트,Dog Car Seat,바잇미,60,30000,50,1200,1281,pet car booster;dog travel safety;car seat for dogs,0,ownerclan-com;domema-com;domemall-co-kr
fishing-gear,1,바낙스 카이저 낚싯대,Banax Kaizer Fishing Rod,바낙스,85,38000,55,350,17997,korean fishing rod;banax;fishing gear,0,fishingn-co-kr;domeggook-com;ownerclan-com
fishing-gear,2,NS 블랙홀 낚시릴,NS Black Hole Fishing Reel,NS (엔에스),120,55000,50,400,17997,korean fishing reel;ns black hole;fishing equipment,0,naksi-co-kr;dometopia-com;domeggook-com
fishing-gear,3,JS컴퍼니 빅쏘드 낚싯대,JS Company Bixod Fishing Rod,JS컴퍼니,95,42000,56,380,17997,js company;bixod rod;korean fishing,0,fishingn-co-kr;ownerclan-com;domema-com
fishing-gear,4,HDF 해동조구사 낚시바늘 세트,HDF Haedong Fishing Hook Set,HDF (해동조구사),25,10000,60,100,17997,fishing hooks;hdf fishing;korean tackle,0,domeggook-com;sellmoa-com;dometopia-com
fishing-gear,5,은성사 수파 낚싯대,EunSungSa Supa Fishing Rod,은성사,70,30000,57,300,17997,eunsungsa;supa rod;korean fishing,0,naksi-co-kr;ownerclan-com;domema-com
fishing-gear,6,도요피싱 우라노 낚시릴,Doyo Fishing Urano Fishing Reel,도요피싱,110,48000,56,420,17997,doyo fishing;urano reel;korean fishing gear,0,fishingn-co-kr;domeggook-com;dometopia-com
fishing-gear,7,유정피싱 낚시줄,YooJung Fishing Line,유정피싱,15,6000,60,80,17997,fishing line;korean fishing;yoo jung,0,domeggook-com;sellmoa-com;ownerclan-com
fishing-gear,8,아피스 낚시찌,Apis Fishing Float,아피스,12,5000,58,50,17997,fishing float;apis fishing;korean tackle,0,domeggook-com;dometopia-com;naksi-co-kr
fishing-gear,9,용성 파워 낚싯대,Yongsung Power Fishing Rod,용성,60,25000,58,320,17997,yongsung rod;power rod;korean fishing,0,fishingn-co-kr;ownerclan-com;domema-com
fishing-gear,10,기간산업 낚시의자,Gigan Industry Fishing Chair,기간산업,50,22000,50,1500,17997,fishing chair;gigan industry;korean fishing gear,0,domeggook-com;dometopia-com;supercat-co-kr
fishing-gear,11,천류 낚시찌,Cheonryu Fishing Float,천류,18,7500,58,60,17997,cheonryu float;korean fishing;fishing tackle,0,domeggook-com;naksi-co-kr;sellmoa-com
fishing-gear,12,다미끼 낚시 루어,Damiki Fishing Lure,다미끼,10,4000,60,30,17997,damiki lure;fishing lure;korean fishing,0,domeggook-com;ownerclan-com;dometopia-com
fishing-gear,13,금호조침 낚시바늘,Kumho Jochim Fishing Hook,금호조침,8,3000,62,20,17997,kumho hook;fishing hook;korean tackle,0,domeggook-com;sellmoa-com;domema-com
fishing-gear,14,조무사 낚시줄,Jomusa Fishing Line,조무사,16,6500,59,70,17997,jomusa line;fishing line;korean fishing,0,domeggook-com;ownerclan-com;naksi-co-kr
fishing-gear,15,아오맥스 낚시가방,Aomax Fishing Bag,아오맥스,40,18000,55,800,17997,fishing bag;aomax;korean fishing gear,0,domeggook-com;dometopia-com;supercat-co-kr
fishing-gear,16,바낙스 낚시태클박스,Banax Fishing Tackle Box,바낙스,30,12000,60,400,17997,tackle box;banax;fishing storage,0,domeggook-com;ownerclan-com;fishingn-co-kr
fishing-gear,17,NS 낚시모자,NS Fishing Hat,NS (엔에스),20,8000,60,150,17997,fishing hat;ns fishing;korean outdoor,0,domeggook-com;dometopia-com;sellmoa-com
fishing-gear,18,JS컴퍼니 낚시복,JS Company Fishing Apparel,JS컴퍼니,70,30000,57,600,17997,fishing apparel;js company;korean fishing wear,0,domeggook-com;ownerclan-com;domema-com
fishing-gear,19,HDF 낚시용 장갑,HDF Fishing Gloves,HDF (해동조구사),22,9000,59,120,17997,fishing gloves;hdf fishing;korean gear,0,domeggook-com;sellmoa-com;naksi-co-kr
fishing-gear,20,은성사 낚시용 칼,EunSungSa Fishing Knife,은성사,28,11000,60,180,17997,fishing knife;eunsungsa;korean fishing tool,0,domeggook-com;dometopia-com;ownerclan-com
fishing-gear,21,도요피싱 낚시용 플라이어,Doyo Fishing Pliers,도요피싱,25,10000,60,150,17997,fishing pliers;doyo fishing;korean tool,0,domeggook-com;fishingn-co-kr;domema-com
fishing-gear,22,유정피싱 낚시용 랜딩넷,YooJung Fishing Landing Net,유정피싱,45,20000,55,700,17997,landing net;yoo jung;korean fishing gear,0,domeggook-com;ownerclan-com;dometopia-com
fishing-gear,23,아피스 낚시용 웨이더,Apis Fishing Waders,아피스,80,35000,56,1200,17997,fishing waders;apis fishing;korean outdoor,0,domeggook-com;naksi-co-kr;supercat-co-kr
fishing-gear,24,용성 낚시용 구명조끼,Yongsung Fishing Life Vest,용성,65,28000,57,900,17997,life vest;yongsung;korean safety gear,0,domeggook-com;ownerclan-com;fishingn-co-kr
fishing-gear,25,기간산업 낚시용 아이스박스,Gigan Industry Fishing Cooler Box,기간산업,75,33000,56,2000,17997,cooler box;fishing cooler;korean outdoor,0,domeggook-com;dometopia-com;domema-com
fishing-gear,26,천류 낚시용 헤드램프,Cheonryu Fishing Headlamp,천류,35,15000,57,200,17997,headlamp;fishing light;korean gear,0,domeggook-com;sellmoa-com;naksi-co-kr
fishing-gear,27,다미끼 낚시용 미끼통,Damiki Fishing Bait Box,다미끼,18,7500,58,100,17997,bait box;damiki;fishing accessory,0,domeggook-com;ownerclan-com;dometopia-com
fishing-gear,28,금호조침 낚시용 가위,Kumho Jochim Fishing Scissors,금호조침,12,5000,58,80,17997,fishing scissors;kumho;korean tool,0,domeggook-com;sellmoa-com;domema-com
fishing-gear,29,조무사 낚시용 뜰채,Jomusa Fishing Net,조무사,38,16000,58,500,17997,fishing net;jomusa;korean fishing gear,0,domeggook-com;ownerclan-com;naksi-co-kr
fishing-gear,30,아오맥스 낚시용 선글라스,Aomax Fishing Sunglasses,아오맥스,28,11000,60,100,17997,fishing sunglasses;aomax;korean eyewear,0,domeggook-com;dometopia-com;supercat-co-kr
home-decor,1,오늘의집 감성 무드등,Ohouse Aesthetic Mood Lamp,오늘의집,35,15000,57,300,20625,korean mood lamp;ohouse;home lighting,0,domeggook-com;ownerclan-com;homedecodomae-com
home-decor,2,한샘 디자인 벽시계,Hanssem Designer Wall Clock,한샘,45,20000,55,500,20625,korean wall clock;hanssem;modern decor,0,dometopia-com;domeggook-com;ndm-kr
home-decor,3,모던하우스 북유럽풍 러그,Modern House Nordic Style Rug,모던하우스,60,25000,58,1000,20625,korean rug;modern house;nordic decor,0,sellmoa-com;ownerclan-com;domema-com
home-decor,4,JAJU 미니멀리스트 화병,JAJU Minimalist Vase,JAJU,28,11000,60,400,20625,korean vase;jaju;minimal decor,0,domeggook-com;homedecodomae-com;gotomall-kr
home-decor,5,까사미아 패브릭 소파 커버,Casamia Fabric Sofa Cover,까사미아,70,30000,57,1500,20625,korean sofa cover;casamia;home textile,0,dometopia-com;ownerclan-com;domema-com
home-decor,6,데코뷰 암막 커튼,Decoview Blackout Curtains,데코뷰,55,23000,58,1200,20625,korean curtains;decoview;window decor,4,domeggook-com;homedecodomae-com;sellmoa-com
home-decor,7,리바트 원목 수납장,Livart Wooden Storage Cabinet,리바트,120,50000,58,5000,20625,korean furniture;livart;wooden cabinet,0,dometopia-com;ownerclan-com;supercat-co-kr
home-decor,8,집꾸미기 인테리어 포스터,Zipggumigi Interior Poster,집꾸미기,20,8000,60,150,20625,korean poster;zipggumigi;wall art,0,domeggook-com;gotomall-kr;ndm-kr
home-decor,9,챕터원 세라믹 컵 세트,Chapter One Ceramic Cup Set,챕터원,40,17000,57,600,20625,korean ceramic;chapter one;cup set,0,domeggook-com;homedecodomae-com;dometopia-com
home-decor,10,웜그레이테일 패브릭 포스터,Warmgreytail Fabric Poster,웜그레이테일,30,12000,60,200,20625,korean fabric poster;warmgreytail;wall decor,0,domeggook-com;ownerclan-com;sellmoa-com
home-decor,11,이소품 라탄 바구니,Esopoom Rattan Basket,이소품,25,10000,60,350,20625,korean rattan;esopoom;storage basket,0,domeggook-com;homedecodomae-com;domema-com
home-decor,12,라이트리 LED 스탠드,Lightree LED Desk Lamp,라이트리,48,20000,58,700,20625,korean desk lamp;lightree;led lighting,0,domeggook-com;dometopia-com;supercat-co-kr
home-decor,13,루밍 디자인 거울,Rooming Design Mirror,루밍,65,28000,57,1800,20625,korean mirror;rooming;wall decor,0,domeggook-com;ownerclan-com;ndm-kr
home-decor,14,코스믹맨션 디퓨저,Cosmic Mansion Diffuser,코스믹맨션,32,13000,59,250,20625,korean diffuser;cosmic mansion;home fragrance,0,domeggook-com;gotomall-kr;sellmoa-com
home-decor,15,에이치픽스 오브제,Hpix Decorative Object,에이치픽스,50,21000,58,500,20625,korean object;hpix;art decor,0,domeggook-com;homedecodomae-com;dometopia-com
home-decor,16,오늘의집 디자인 쿠션,Ohouse Design Cushion,오늘의집,22,9000,59,300,20625,korean cushion;ohouse;sofa pillow,0,domeggook-com;ownerclan-com;homedecodomae-com
home-decor,17,한샘 주방 수납용품,Hanssem Kitchen Storage,한샘,38,16000,58,800,20625,korean kitchen;hanssem;storage organizer,0,dometopia-com;domeggook-com;ndm-kr
home-decor,18,모던하우스 욕실 매트,Modern House Bathroom Mat,모던하우스,18,7500,58,400,20625,korean bath mat;modern house;bathroom decor,0,sellmoa-com;ownerclan-com;domema-com
home-decor,19,JAJU 침구 세트,JAJU Bedding Set,JAJU,90,40000,55,2500,20625,korean bedding;jaju;bedroom decor,0,domeggook-com;homedecodomae-com;gotomall-kr
home-decor,20,까사미아 테이블 램프,Casamia Table Lamp,까사미아,55,23000,58,900,20625,korean table lamp;casamia;lighting fixture,0,dometopia-com;ownerclan-com;domema-com
home-decor,21,데코뷰 벽걸이 장식,Decoview Wall Hanging Decor,데코뷰,28,11000,60,250,20625,korean wall decor;decoview;hanging art,0,domeggook-com;homedecodomae-com;sellmoa-com
home-decor,22,리바트 책상,Livart Desk,리바트,150,60000,60,8000,20625,korean desk;livart;office furniture,0,dometopia-com;ownerclan-com;supercat-co-kr
home-decor,23,집꾸미기 인조 식물,Zipggumigi Artificial Plant,집꾸미기,30,12000,60,400,20625,korean artificial plant;zipggumigi;green decor,0,domeggook-com;gotomall-kr;ndm-kr
home-decor,24,챕터원 향초,Chapter One Scented Candle,챕터원,25,10000,60,300,20625,korean candle;chapter one;home fragrance,0,domeggook-com;homedecodomae-com;dometopia-com
home-decor,25,웜그레이테일 엽서 세트,Warmgreytail Postcard Set,웜그레이테일,15,6000,60,50,20625,korean postcard;warmgreytail;stationery,0,domeggook-com;ownerclan-com;sellmoa-com
home-decor,26,이소품 수납함,Esopoom Storage Box,이소품,20,8000,60,200,20625,korean storage;esopoom;organizer box,0,domeggook-com;homedecodomae-com;domema-com
home-decor,27,라이트리 무선 충전 스탠드,Lightree Wireless Charging Lamp,라이트리,50,21000,58,600,20625,korean wireless charger;lightree;smart lamp,0,domeggook-com;dometopia-com;supercat-co-kr
home-decor,28,루밍 디자인 액자,Rooming Design Photo Frame,루밍,35,15000,57,300,20625,korean photo frame;rooming;picture frame,0,domeggook-com;ownerclan-com;ndm-kr
home-decor,29,코스믹맨션 룸 스프레이,Cosmic Mansion Room Spray,코스믹맨션,28,11000,60,200,20625,korean room spray;cosmic mansion;air freshener,0,domeggook-com;gotomall-kr;sellmoa-com
home-decor,30,에이치픽스 디자인 캔들 홀더,Hpix Design Candle Holder,에이치픽스,40,17000,57,450,20625,korean candle holder;hpix;decorative item,0,domeggook-com;homedecodomae-com;dometopia-com
esports-merch,1,T1 페이커 유니폼,T1 Faker Jersey,T1,75,33000,56,250,183141,t1 esports;faker jersey;lol merch,0,domeggook-com;ownerclan-com;supercat-co-kr
esports-merch,2,Gen.G 팀 로고 후드티,Gen.G Team Logo Hoodie,Gen.G,60,25000,58,600,183141,gen g esports;team hoodie;korean esports,0,dometopia-com;domeggook-com;domemall-co-kr
esports-merch,3,DRX 데프트 마우스패드,DRX Deft Mousepad,DRX,25,10000,60,150,183141,drx esports;deft mousepad;gaming gear,0,sellmoa-com;ownerclan-com;dometopia-com
esports-merch,4,LCK 공식 응원봉,LCK Official Lightstick,LCK,35,15000,57,200,183141,lck merch;lightstick;league of legends,0,domeggook-com;gotomall-kr;ndm-kr
esports-merch,5,Hanwha Life Esports 키캡 세트,Hanwha Life Esports Keycap Set,Hanwha Life Esports,40,17000,57,100,183141,hanwha esports;keycap set;gaming keyboard,0,domema-com;ownerclan-com;supercat-co-kr
esports-merch,6,Dplus KIA 팀 스냅백,Dplus KIA Team Snapback,Dplus KIA,30,12000,60,180,183141,dplus kia;team snapback;esports hat,0,domeggook-com;dometopia-com;domemall-co-kr
esports-merch,7,Riot Store 리그 오브 레전드 피규어,Riot Store League of Legends Figure,Riot Store,50,21000,58,300,183141,riot games;lol figure;collectible,0,sellmoa-com;ownerclan-com;gotomall-kr
esports-merch,8,KT Rolster 팀 머그컵,KT Rolster Team Mug,KT Rolster,18,7500,58,350,183141,kt rolster;team mug;esports fan,0,domeggook-com;ndm-kr;dometopia-com
esports-merch,9,Kwangdong Freecs 팀 배지,Kwangdong Freecs Team Badge,Kwangdong Freecs,12,5000,58,30,183141,kwangdong freecs;team badge;esports pin,0,domeggook-com;ownerclan-com;domema-com
esports-merch,10,FESTIVER 게이밍 장패드,FESTIVER Gaming Desk Mat,FESTIVER,28,11000,60,400,183141,festiver;gaming desk mat;esports accessory,0,domeggook-com;supercat-co-kr;dometopia-com
esports-merch,11,Musinsa e스포츠 콜라보 티셔츠,Musinsa Esports Collaboration T-shirt,Musinsa,45,19000,58,200,183141,musinsa esports;collaboration tee;korean fashion,0,domeggook-com;ownerclan-com;sellmoa-com
esports-merch,12,OKSavingsBank BRION 팀 스티커,OKSavingsBank BRION Team Sticker,OKSavingsBank BRION,8,3000,62,20,183141,brion esports;team sticker;esports fan,0,domeggook-com;domema-com;dometopia-com
esports-merch,13,FearX 팀 키링,FearX Team Keychain,FearX,15,6000,60,50,183141,fearx esports;team keychain;gaming accessory,0,domeggook-com;ownerclan-com;supercat-co-kr
esports-merch,14,Pulsar Gaming Gears 게이밍 마우스,Pulsar Gaming Gears Gaming Mouse,Pulsar Gaming Gears,80,35000,56,200,183141,pulsar gaming;gaming mouse;esports gear,0,domeggook-com;dometopia-com;domemall-co-kr
esports-merch,15,Nongshim RedForce 팀 폰케이스,Nongshim RedForce Team Phone Case,Nongshim RedForce,20,8000,60,80,183141,nongshim redforce;phone case;esports fan,0,domeggook-com;ownerclan-com;gotomall-kr
esports-merch,16,T1 팀 로고 티셔츠,T1 Team Logo T-shirt,T1,40,17000,57,200,183141,t1 merch;team t-shirt;korean esports,0,domeggook-com;ownerclan-com;supercat-co-kr
esports-merch,17,Gen.G 팀 모자,Gen.G Team Cap,Gen.G,30,12000,60,150,183141,gen g cap;esports hat;lol fan,0,dometopia-com;domeggook-com;domemall-co-kr
esports-merch,18,DRX 팀 재킷,DRX Team Jacket,DRX,90,40000,55,800,183141,drx jacket;esports apparel;korean gaming,0,sellmoa-com;ownerclan-com;dometopia-com
esports-merch,19,LCK 팀 포스터,LCK Team Poster,LCK,15,6000,60,80,183141,lck poster;esports art;league of legends,0,domeggook-com;gotomall-kr;ndm-kr
esports-merch,20,Hanwha Life Esports 팀 백팩,Hanwha Life Esports Team Backpack,Hanwha Life Esports,55,23000,58,700,183141,hanwha backpack;esports bag;korean merch,0,domema-com;ownerclan-com;supercat-co-kr
esports-merch,21,Dplus KIA 팀 스카프,Dplus KIA Team Scarf,Dplus KIA,25,10000,60,100,183141,dplus kia scarf;esports accessory;fan item,0,domeggook-com;dometopia-com;domemall-co-kr
esports-merch,22,Riot Store 발로란트 피규어,Riot Store Valorant Figure,Riot Store,50,21000,58,300,183141,riot games;valorant figure;collectible,0,sellmoa-com;ownerclan-com;gotomall-kr
esports-merch,23,KT Rolster 팀 텀블러,KT Rolster Team Tumbler,KT Rolster,22,9000,59,250,183141,kt rolster tumbler;esports drinkware;fan merch,0,domeggook-com;ndm-kr;dometopia-com
esports-merch,24,Kwangdong Freecs 팀 마우스,Kwangdong Freecs Team Mouse,Kwangdong Freecs,40,17000,57,180,183141,kwangdong freecs mouse;gaming mouse;esports gear,0,domeggook-com;ownerclan-com;domema-com
esports-merch,25,FESTIVER 게이밍 헤드셋,FESTIVER Gaming Headset,FESTIVER,70,30000,57,400,183141,festiver headset;gaming headset;esports audio,0,domeggook-com;supercat-co-kr;dometopia-com
esports-merch,26,Musinsa e스포츠 콜라보 후드티,Musinsa Esports Collaboration Hoodie,Musinsa,65,28000,57,600,183141,musinsa hoodie;esports fashion;korean streetwear,0,domeggook-com;ownerclan-com;sellmoa-com
esports-merch,27,OKSavingsBank BRION 팀 응원 타월,OKSavingsBank BRION Team Cheer Towel,OKSavingsBank BRION,18,7500,58,150,183141,brion towel;cheer towel;esports fan,0,domeggook-com;domema-com;dometopia-com
esports-merch,28,FearX 팀 뱃지 세트,FearX Team Badge Set,FearX,20,8000,60,50,183141,fearx badge;esports pin set;collectible,0,domeggook-com;ownerclan-com;supercat-co-kr
esports-merch,29,Pulsar Gaming Gears 게이밍 키보드,Pulsar Gaming Gears Gaming Keyboard,Pulsar Gaming Gears,120,50000,58,1000,183141,pulsar keyboard;gaming keyboard;esports peripheral,0,domeggook-com;dometopia-com;domemall-co-kr
esports-merch,30,Nongshim RedForce 팀 마우스패드,Nongshim RedForce Team Mousepad,Nongshim RedForce,20,8000,60,150,183141,nongshim redforce mousepad;gaming mat;esports accessory,0,domeggook-com;ownerclan-com;gotomall-kr
modern-hanbok,1,리슬 모던 한복 원피스,Leesle Modern Hanbok Dress,리슬,95,42000,56,400,15724,modern hanbok;leesle dress;korean fashion,0,domeggook-com;ownerclan-com;gotomall-kr
modern-hanbok,2,단하 생활 한복 저고리,Danha Daily Hanbok Jeogori,단하,70,30000,57,300,15724,danha hanbok;jeogori;korean modern wear,0,dometopia-com;domeggook-com;ndm-kr
modern-hanbok,3,차이킴 모던 한복 치마,Tchaikim Modern Hanbok Skirt,차이킴,80,35000,56,350,15724,tchaikim hanbok;modern skirt;korean fashion,0,sellmoa-com;ownerclan-com;domema-com
modern-hanbok,4,하플리 생활 한복 세트,Happly Daily Hanbok Set,하플리,110,48000,56,700,15724,happly hanbok;daily hanbok;korean traditional,0,domeggook-com;gotomall-kr;domemall-co-kr
modern-hanbok,5,서리나래 모던 한복 블라우스,Seorinarae Modern Hanbok Blouse,서리나래,60,25000,58,250,15724,seorinarae;hanbok blouse;korean style,0,domema-com;ownerclan-com;supercat-co-kr
modern-hanbok,6,웨이유 모던 한복 재킷,Wayu Modern Hanbok Jacket,웨이유,120,50000,58,800,15724,wayu hanbok;modern jacket;korean outerwear,0,domeggook-com;dometopia-com;gotomall-kr
modern-hanbok,7,더고은생활한복 아동 한복,The Goeun Daily Hanbok Kids,더고은생활한복,50,21000,58,300,15724,korean kids hanbok;the goeun;children's hanbok,0,sellmoa-com;ownerclan-com;ndm-kr
modern-hanbok,8,지장사 모던 한복 액세서리,Jijangsa Modern Hanbok Accessory,지장사,25,10000,60,100,15724,hanbok accessory;jijangsa;korean hair pin,0,domeggook-com;domema-com;dometopia-com
modern-hanbok,9,다래원 모던 한복 두루마기,Daraewon Modern Hanbok Durumagi,다래원,130,55000,58,900,15724,daraewon hanbok;durumagi;korean coat,0,domeggook-com;ownerclan-com;supercat-co-kr
modern-hanbok,10,허사랑한복 모던 한복 조끼,Heosarang Hanbok Modern Vest,허사랑한복,65,28000,57,300,15724,heosarang hanbok;hanbok vest;korean apparel,0,domeggook-com;gotomall-kr;domemall-co-kr
modern-hanbok,11,시크라인 모던 한복 바지,Chicline Modern Hanbok Pants,시크라인,55,23000,58,350,15724,chicline hanbok;hanbok pants;korean fashion,0,domeggook-com;ownerclan-com;ndm-kr
modern-hanbok,12,아시하 모던 한복 셔츠,Asiha Modern Hanbok Shirt,아시하,60,25000,58,280,15724,asiha hanbok;hanbok shirt;korean style,0,domeggook-com;dometopia-com;sellmoa-com
modern-hanbok,13,혜온 모던 한복 스카프,HyeOn Modern Hanbok Scarf,혜온,30,12000,60,100,15724,hyeon hanbok;hanbok scarf;korean accessory,0,domeggook-com;ownerclan-com;domema-com
modern-hanbok,14,단아한 모던 한복 헤어밴드,Danahan Modern Hanbok Headband,단아한,20,8000,60,50,15724,danahan hanbok;hanbok headband;korean hair accessory,0,domeggook-com;gotomall-kr;supercat-co-kr
modern-hanbok,15,나라한 모던 한복 가방,Naraehan Modern Hanbok Bag,나라한,45,19000,58,250,15724,naraehan hanbok;hanbok bag;korean clutch,0,domeggook-com;dometopia-com;domemall-co-kr
modern-hanbok,16,리슬 모던 한복 셔츠,Leesle Modern Hanbok Shirt,리슬,65,28000,57,300,15724,modern hanbok shirt;leesle;korean top,0,domeggook-com;ownerclan-com;gotomall-kr
modern-hanbok,17,단하 생활 한복 바지,Danha Daily Hanbok Pants,단하,55,23000,58,350,15724,danha hanbok pants;daily wear;korean bottom,0,dometopia-com;domeggook-com;ndm-kr
modern-hanbok,18,차이킴 모던 한복 코트,Tchaikim Modern Hanbok Coat,차이킴,140,60000,57,1000,15724,tchaikim coat;hanbok outerwear;korean fashion,-14,sellmoa-com;ownerclan-com;domema-com
modern-hanbok,19,하플리 생활 한복 원피스,Happly Daily Hanbok Dress,하플리,90,40000,55,500,15724,happly dress;daily hanbok;korean style,0,domeggook-com;gotomall-kr;domemall-co-kr
modern-hanbok,20,서리나래 모던 한복 스커트,Seorinarae Modern Hanbok Skirt,서리나래,70,30000,57,350,15724,seorinarae skirt;hanbok bottom;korean fashion,0,domema-com;ownerclan-com;supercat-co-kr
modern-hanbok,21,웨이유 모던 한복 튜닉,Wayu Modern Hanbok Tunic,웨이유,85,38000,55,400,15724,wayu tunic;hanbok top;korean style,0,domeggook-com;dometopia-com;gotomall-kr
modern-hanbok,22,더고은생활한복 아동 저고리,The Goeun Daily Hanbok Kids Jeogori,더고은생활한복,40,17000,57,200,15724,korean kids jeogori;the goeun;children's wear,0,sellmoa-com;ownerclan-com;ndm-kr
modern-hanbok,23,지장사 모던 한복 노리개,Jijangsa Modern Hanbok Norigae,지장사,35,15000,57,80,15724,hanbok norigae;jijangsa;korean charm,0,domeggook-com;domema-com;dometopia-com
modern-hanbok,24,다래원 모던 한복 원피스,Daraewon Modern Hanbok Dress,다래원,100,45000,55,600,15724,daraewon dress;hanbok one-piece;korean fashion,0,domeggook-com;ownerclan-com;supercat-co-kr
modern-hanbok,25,허사랑한복 모던 한복 치마,Heosarang Hanbok Modern Skirt,허사랑한복,75,33000,56,380,15724,heosarang skirt;hanbok bottom;korean style,0,domeggook-com;gotomall-kr;domemall-co-kr
modern-hanbok,26,시크라인 모던 한복 블라우스,Chicline Modern Hanbok Blouse,시크라인,60,25000,58,280,15724,chicline blouse;hanbok top;korean fashion,0,domeggook-com;ownerclan-com;ndm-kr
modern-hanbok,27,아시하 모던 한복 원피스,Asiha Modern Hanbok Dress,아시하,90,40000,55,500,15724,asiha dress;hanbok one-piece;korean style,0,domeggook-com;dometopia-com;sellmoa-com
modern-hanbok,28,혜온 모던 한복 머리띠,HyeOn Modern Hanbok Hairband,혜온,22,9000,59,60,15724,hyeon hairband;hanbok accessory;korean hair decor,0,domeggook-com;ownerclan-com;domema-com
modern-hanbok,29,단아한 모던 한복 브로치,Danahan Modern Hanbok Brooch,단아한,28,11000,60,70,15724,danahan brooch;hanbok pin;korean jewelry,0,domeggook-com;gotomall-kr;supercat-co-kr
modern-hanbok,30,나라한 모던 한복 지갑,Naraehan Modern Hanbok Wallet,나라한,38,16000,58,150,15724,naraehan wallet;hanbok accessory;korean pouch,0,domeggook-com;dometopia-com;domemall-co-kr
traditional-craft,1,광주요 백자 달항아리,Kwangjuyo White Porcelain Moon Jar,광주요,150,65000,56,1500,16027,korean moon jar;kwangjuyo;traditional pottery,0,domeggook-com;ownerclan-com;ndm-kr
traditional-craft,2,놋담 유기 수저 세트,Notdam Yugi Spoon & Chopstick Set,놋담,80,35000,56,400,16027,korean yugi;notdam;brass tableware,0,dometopia-com;domeggook-com;gotomall-kr
traditional-craft,3,KCDF 전통 자개함,KCDF Traditional Mother-of-Pearl Box,한국공예디자인문화진흥원 (KCDF),120,50000,58,800,16027,korean mother of pearl;kcdf craft;traditional box,0,sellmoa-com;ownerclan-com;domema-com
traditional-craft,4,한국도자기 청자 다기 세트,Hankook Chinaware Celadon Tea Set,한국도자기,100,45000,55,1000,16027,korean celadon;hankook chinaware;tea ceremony,0,domeggook-com;ndm-kr;supercat-co-kr
traditional-craft,5,채율 전통 문양 손거울,Chaeyul Traditional Pattern Hand Mirror,채율,35,15000,57,150,16027,korean hand mirror;chaeyul;traditional gift,0,domema-com;ownerclan-com;dometopia-com
traditional-craft,6,이도도자기 백자 머그컵,Eedodojagi White Porcelain Mug,이도도자기,40,17000,57,300,16027,korean porcelain mug;eedodojagi;ceramic art,0,domeggook-com;gotomall-kr;ndm-kr
traditional-craft,7,박씨상방 전통 매듭 팔찌,Parkssi Sangbang Traditional Knot Bracelet,박씨상방,28,11000,60,50,16027,korean knot bracelet;parkssi sangbang;traditional jewelry,0,sellmoa-com;ownerclan-com;domemall-co-kr
traditional-craft,8,장이 한지 공예 등,Jangyi Hanji Craft Lamp,장이,60,25000,58,500,16027,korean hanji lamp;jangyi craft;paper art,0,domeggook-com;dometopia-com;supercat-co-kr
traditional-craft,9,놋반 유기 밥그릇 세트,Notban Yugi Rice Bowl Set,놋반,90,40000,55,700,16027,korean yugi bowl;notban;brass dinnerware,0,domeggook-com;ownerclan-com;ndm-kr
traditional-craft,10,K-Heritage 전통 부채,K-Heritage Traditional Fan,국가유산진흥원 (K-Heritage),20,8000,60,80,16027,korean traditional fan;k-heritage;hand fan,0,domeggook-com;gotomall-kr;domema-com
traditional-craft,11,해달자개 자개 보석함,Haedal Jagae Mother-of-Pearl Jewelry Box,해달자개,110,48000,56,600,16027,korean jewelry box;haedal jagae;mother of pearl,0,domeggook-com;ownerclan-com;sellmoa-com
traditional-craft,12,납청유기 유기 주전자,Napcheong Yugi Brass Teapot,납청유기,130,55000,58,1200,16027,korean brass teapot;napcheong yugi;traditional kitchenware,0,domeggook-com;dometopia-com;ndm-kr
traditional-craft,13,샵오브코리아 전통 문양 컵받침,Shop of Korea Traditional Pattern Coaster,샵오브코리아,15,6000,60,100,16027,korean coaster;shop of korea;traditional decor,0,domeggook-com;gotomall-kr;domemall-co-kr
traditional-craft,14,금박연 금박 공예품,Geumbakyeon Gold Leaf Craft,금박연,70,30000,57,200,16027,korean gold leaf;geumbakyeon;traditional art,0,domeggook-com;ownerclan-com;supercat-co-kr
traditional-craft,15,호호당 전통 문양 에코백,Hohodang Traditional Pattern Eco Bag,호호당,25,10000,60,150,16027,korean eco bag;hohodang;traditional design,0,domeggook-com;dometopia-com;domema-com
traditional-craft,16,광주요 백자 접시,Kwangjuyo White Porcelain Plate,광주요,60,25000,58,700,16027,korean plate;kwangjuyo;ceramic dish,0,domeggook-com;ownerclan-com;ndm-kr
traditional-craft,17,놋담 유기 젓가락,Notdam Yugi Chopsticks,놋담,30,12000,60,150,16027,korean chopsticks;notdam;brass cutlery,0,dometopia-com;domeggook-com;gotomall-kr
traditional-craft,18,KCDF 전통 매듭 키링,KCDF Traditional Knot Keychain,한국공예디자인문화진흥원 (KCDF),20,8000,60,50,16027,korean knot keychain;kcdf craft;traditional accessory,0,sellmoa-com;ownerclan-com;domema-com
traditional-craft,19,한국도자기 백자 찻잔,Hankook Chinaware White Porcelain Teacup,한국도자기,45,19000,58,200,16027,korean teacup;hankook chinaware;ceramic cup,0,domeggook-com;ndm-kr;supercat-co-kr
traditional-craft,20,채율 전통 문양 파우치,Chaeyul Traditional Pattern Pouch,채율,28,11000,60,100,16027,korean pouch;chaeyul;traditional bag,0,domema-com;ownerclan-com;dometopia-com
traditional-craft,21,이도도자기 청자 화병,Eedodojagi Celadon Vase,이도도자기,80,35000,56,800,16027,korean celadon vase;eedodojagi;ceramic decor,0,domeggook-com;gotomall-kr;ndm-kr
traditional-craft,22,박씨상방 전통 매듭 노리개,Parkssi Sangbang Traditional Knot Norigae,박씨상방,38,16000,58,80,16027,korean norigae;parkssi sangbang;hanbok accessory,0,sellmoa-com;ownerclan-com;domemall-co-kr
traditional-craft,23,장이 한지 공예 책갈피,Jangyi Hanji Craft Bookmark,장이,12,5000,58,30,16027,korean hanji bookmark;jangyi craft;paper art,0,domeggook-com;dometopia-com;supercat-co-kr
traditional-craft,24,놋반 유기 컵,Notban Yugi Cup,놋반,40,17000,57,250,16027,korean yugi cup;notban;brass drinkware,0,domeggook-com;ownerclan-com;ndm-kr
traditional-craft,25,K-Heritage 전통 자수 손수건,K-Heritage Traditional Embroidery Handkerchief,국가유산진흥원 (K-Heritage),22,9000,59,50,16027,korean embroidery;k-heritage;traditional textile,0,domeggook-com;gotomall-kr;domema-com
traditional-craft,26,해달자개 자개 명함 케이스,Haedal Jagae Mother-of-Pearl Business Card Case,해달자개,50,21000,58,100,16027,korean card case;haedal jagae;mother of pearl,0,domeggook-com;ownerclan-com;sellmoa-com
traditional-craft,27,납청유기 유기 쟁반,Napcheong Yugi Brass Tray,납청유기,95,42000,56,1000,16027,korean brass tray;napcheong yugi;traditional serving,0,domeggook-com;dometopia-com;ndm-kr
traditional-craft,28,샵오브코리아 전통 문양 마우스패드,Shop of Korea Traditional Pattern Mousepad,샵오브코리아,20,8000,60,100,16027,korean mousepad;shop of korea;traditional design,0,domeggook-com;gotomall-kr;domemall-co-kr
traditional-craft,29,금박연 금박 카드 지갑,Geumbakyeon Gold Leaf Card Wallet,금박연,40,17000,57,80,16027,korean card wallet;geumbakyeon;gold leaf art,0,domeggook-com;ownerclan-com;supercat-co-kr
traditional-craft,30,호호당 전통 문양 머그컵,Hohodang Traditional Pattern Mug,호호당,30,12000,60,300,16027,korean mug;hohodang;traditional tableware,0,domeggook-com;dometopia-com;domema-com
