cat_slug,rank,name,name_en,brand,ebay_usd,krw,margin,weight_g,ebay_cat_id,seo_tags,change,source_slugs
kpop-goods,1,BTS 포토카드 세트,BTS Photo Card Set,위버스샵,25.99,12000,54,80,18460,kpop photocard;bts official;kpop merchandise,0,domeggook-com;ownerclan-com;supercat-co-kr
kpop-goods,2,BLACKPINK 응원봉,BLACKPINK Light Stick,YG SELECT,65,30000,48,250,18460,blackpink lightstick;kpop official;concert light,0,domeggook-com;dometopia-com;onchannel-co-kr
kpop-goods,3,Stray Kids 앨범 (미개봉),Stray Kids Album (Sealed),JYP SHOP,35,18000,45,350,18460,stray kids album;kpop cd;new kpop,0,ownerclan-com;sellmoa-com;domemall-co-kr
kpop-goods,4,NCT DREAM 포토북,NCT DREAM Photobook,SMTOWN &STORE,40,20000,47,400,18460,nct photobook;kpop official;nct dream,0,domeggook-com;supercat-co-kr;dometopia-com
kpop-goods,5,IVE 시즌그리팅,IVE Season's Greetings,Ktown4u,55,28000,46,500,18460,ive seasons greetings;kpop calendar;official merch,0,ownerclan-com;onchannel-co-kr;wiconseller-com
kpop-goods,6,SEVENTEEN 캐럿봉,SEVENTEEN Carat Bong,위버스샵,60,28000,50,280,18460,seventeen lightstick;caratbong;kpop concert,0,domeggook-com;sellmoa-com;domewh-com
kpop-goods,7,TWICE 캔디봉,TWICE Candy Bong,JYP SHOP,58,27000,50,270,18460,twice lightstick;candybong;kpop official,0,ownerclan-com;dometopia-com;dome119-com
kpop-goods,8,EXO 응원봉,EXO Light Stick,SMTOWN &STORE,62,29000,49,260,18460,exo lightstick;kpop merch;smtown,0,domeggook-com;supercat-co-kr;onchannel-co-kr
kpop-goods,9,NewJeans 앨범 (미개봉),NewJeans Album (Sealed),위버스샵,32,16000,48,300,18460,newjeans album;kpop cd;official newjeans,0,ownerclan-com;domemall-co-kr;wiconseller-com
kpop-goods,10,LE SSERAFIM 포토카드,LE SSERAFIM Photo Card,위버스샵,15,7000,53,50,18460,le sserafim pc;kpop photocard;official merch,0,domeggook-com;sellmoa-com;domewh-com
kpop-goods,11,BTS 맵 오브 더 소울 7 앨범,BTS Map of the Soul 7 Album,위버스샵,30,15000,48,320,18460,bts album;map of soul;kpop cd,0,domeggook-com;ownerclan-com;supercat-co-kr
kpop-goods,12,BLACKPINK 더 앨범,BLACKPINK The Album,YG SELECT,28,14000,47,300,18460,blackpink album;the album;kpop cd,0,domeggook-com;dometopia-com;onchannel-co-kr
kpop-goods,13,Stray Kids ODDINARY 앨범,Stray Kids ODDINARY Album,JYP SHOP,33,17000,45,340,18460,stray kids oddinary;kpop album;jyp official,0,ownerclan-com;sellmoa-com;domemall-co-kr
kpop-goods,14,NCT DREAM Glitch Mode 앨범,NCT DREAM Glitch Mode Album,SMTOWN &STORE,31,16000,46,330,18460,nct dream album;glitch mode;smtown official,0,domeggook-com;supercat-co-kr;dometopia-com
kpop-goods,15,IVE LOVE DIVE 앨범,IVE LOVE DIVE Album,Ktown4u,27,13000,49,280,18460,ive love dive;kpop album;starship official,0,ownerclan-com;onchannel-co-kr;wiconseller-com
kpop-goods,16,K-POP 아이돌 포스터 세트,K-POP Idol Poster Set,KPOPMERCH,19.99,9000,55,150,18460,kpop poster;idol poster;kpop wall art,0,domeggook-com;ownerclan-com;sellmoa-com
kpop-goods,17,아이돌 키링/스트랩,Idol Keychain/Strap,위드뮤,12.5,5000,60,30,18460,kpop keychain;idol strap;kpop accessory,0,domeggook-com;dometopia-com;supercat-co-kr
kpop-goods,18,K-POP 아티스트 티셔츠,K-POP Artist T-Shirt,핫트랙스,39,18000,53,200,18460,kpop t-shirt;idol fashion;kpop apparel,0,ownerclan-com;domemall-co-kr;onchannel-co-kr
kpop-goods,19,아이돌 폰케이스,Idol Phone Case,디어마이뮤즈,22,10000,54,70,18460,kpop phone case;idol phone accessory;kpop merch,0,domeggook-com;wiconseller-com;dome119-com
kpop-goods,20,K-POP 아이돌 스티커 팩,K-POP Idol Sticker Pack,뮤직코리아,9.99,4000,60,40,18460,kpop stickers;idol stickers;kpop stationery,0,domeggook-com;sellmoa-com;domewh-com
kpop-goods,21,아이돌 포토카드 바인더,Idol Photo Card Binder,포카마켓,20,9000,55,180,18460,photocard binder;kpop binder;pc holder,0,domeggook-com;ownerclan-com;supercat-co-kr
kpop-goods,22,K-POP 아이돌 엽서 세트,K-POP Idol Postcard Set,애플뮤직,14,6000,57,60,18460,kpop postcard;idol postcard;kpop stationery,8,domeggook-com;dometopia-com;onchannel-co-kr
kpop-goods,23,아이돌 담요/블랭킷,Idol Blanket,메이크스타,45,20000,55,450,18460,kpop blanket;idol blanket;kpop merch,0,ownerclan-com;sellmoa-com;domemall-co-kr
kpop-goods,24,K-POP 아이돌 배지 세트,K-POP Idol Badge Set,에버라인,11,4500,59,30,18460,kpop badge;idol pin;kpop accessory,0,domeggook-com;wiconseller-com;dome119-com
kpop-goods,25,아이돌 마스크 스트랩,Idol Mask Strap,사운드웨이브,8,3000,62,20,18460,kpop mask strap;idol mask holder;kpop accessory,0,domeggook-com;sellmoa-com;domewh-com
kpop-goods,26,K-POP 아이돌 머그컵,K-POP Idol Mug Cup,KPOPMERCH,25,11000,56,300,18460,kpop mug;idol mug;kpop kitchenware,0,domeggook-com;ownerclan-com;supercat-co-kr
kpop-goods,27,아이돌 미니 피규어,Idol Mini Figure,위드뮤,18,8000,55,100,18460,kpop figure;idol figure;kpop collectible,0,domeggook-com;dometopia-com;onchannel-co-kr
kpop-goods,28,K-POP 아이돌 에코백,K-POP Idol Eco Bag,핫트랙스,29,13000,55,150,18460,kpop eco bag;idol tote bag;kpop fashion,0,ownerclan-com;domemall-co-kr;wiconseller-com
kpop-goods,29,아이돌 폰 그립톡,Idol Phone Griptok,디어마이뮤즈,15,6500,57,40,18460,kpop griptok;idol phone grip;kpop accessory,0,domeggook-com;dome119-com;sellmoa-com
kpop-goods,30,K-POP 아이돌 미니 달력,K-POP Idol Mini Calendar,뮤직코리아,10,4000,60,50,18460,kpop calendar;idol mini calendar;kpop stationery,0,domeggook-com;domewh-com;supercat-co-kr
auto-parts,1,현대모비스 제네시스 G80 에어 필터,Hyundai Mobis Genesis G80 Air Filter,현대모비스,35.99,15000,58,200,33612,hyundai air filter;genesis g80;mobis parts,0,domeggook-com;ownerclan-com;dometopia-com
auto-parts,2,HL만도 싼타페 브레이크 패드 세트,HL Mando Santa Fe Brake Pad Set,HL만도,75,35000,53,1500,33567,mando brake pads;santa fe parts;korean auto parts,0,ownerclan-com;sellmoa-com;supercat-co-kr
auto-parts,3,한국타이어 넥센타이어 윈터 타이어,Hankook Nexen Winter Tire,한국타이어앤테크놀로지,120,55000,54,10000,33744,hankook winter;nexen tire;korean tires,0,domeggook-com;domemall-co-kr;onchannel-co-kr
auto-parts,4,현대위아 쏘렌토 오일 필터,Hyundai Wia Sorento Oil Filter,현대위아,25,10000,60,150,33612,hyundai wia filter;sorento parts;oil filter,0,domeggook-com;wiconseller-com;domewh-com
auto-parts,5,한온시스템 그랜저 에어컨 필터,Hanonsystem Grandeur AC Filter,한온시스템,28,12000,57,180,33612,hanon ac filter;grandeur parts;cabin filter,0,ownerclan-com;dome119-com;dometopia-com
auto-parts,6,현대트랜시스 팰리세이드 미션 오일,Hyundai Transys Palisade Transmission Fluid,현대트랜시스,45,20000,55,1000,33612,transys fluid;palisade parts;transmission oil,0,domeggook-com;supercat-co-kr;sellmoa-com
auto-parts,7,금호타이어 K5 사계절 타이어,Kumho Tire K5 All-Season Tire,금호타이어,110,50000,54,9000,33744,kumho all season;k5 tires;korean tires,0,ownerclan-com;domemall-co-kr;onchannel-co-kr
auto-parts,8,넥센타이어 스포티지 SUV 타이어,Nexen Tire Sportage SUV Tire,넥센타이어,105,48000,54,8500,33744,nexen suv tire;sportage tires;korean tires,0,domeggook-com;wiconseller-com;domewh-com
auto-parts,9,에스엘 아반떼 헤드라이트 어셈블리,SL Avante Headlight Assembly,에스엘,150,70000,53,2000,33710,sl headlight;avante parts;korean headlight,0,ownerclan-com;dome119-com;dometopia-com
auto-parts,10,서연이화 쏘나타 도어 핸들,Seoyon E-Hwa Sonata Door Handle,서연이화,55,25000,54,300,33640,seoyon door handle;sonata parts;korean auto parts,0,domeggook-com;supercat-co-kr;sellmoa-com
auto-parts,11,성우하이텍 코나 범퍼 브라켓,Sungwoo Hitech Kona Bumper Bracket,성우하이텍,40,18000,55,250,33640,sungwoo bumper;kona parts;korean body parts,0,ownerclan-com;domemall-co-kr;onchannel-co-kr
auto-parts,12,평화정공 투싼 엔진 마운트,Pyonghwa Jeonggong Tucson Engine Mount,평화정공,60,28000,53,800,33612,pyonghwa mount;tucson parts;engine mount,0,domeggook-com;wiconseller-com;domewh-com
auto-parts,13,세방전지 쏘울 자동차 배터리,Sebang Global Soul Car Battery,세방전지,90,40000,55,10000,33575,sebong battery;soul battery;korean car battery,0,ownerclan-com;dome119-com;dometopia-com
auto-parts,14,명신산업 싼타페 휀더,Myungshin Santa Fe Fender,명신산업,85,38000,55,1500,33640,myungshin fender;santa fe body;korean body parts,0,domeggook-com;supercat-co-kr;sellmoa-com
auto-parts,15,화신 쏘렌토 라디에이터,Hwashin Sorento Radiator,화신,130,60000,53,3000,33612,hwashin radiator;sorento cooling;korean radiator,0,ownerclan-com;domemall-co-kr;onchannel-co-kr
auto-parts,16,현대모비스 엑센트 연료 필터,Hyundai Mobis Accent Fuel Filter,현대모비스,30,13000,57,100,33612,hyundai fuel filter;accent parts;mobis filter,0,domeggook-com;ownerclan-com;dometopia-com
auto-parts,17,HL만도 코나 쇼크 업소버,HL Mando Kona Shock Absorber,HL만도,80,37000,53,2000,33588,mando shock;kona suspension;korean shock,0,ownerclan-com;sellmoa-com;supercat-co-kr
auto-parts,18,한국타이어 아이오닉 전기차 타이어,Hankook Ioniq EV Tire,한국타이어앤테크놀로지,130,60000,53,9500,33744,hankook ev tire;ioniq parts;electric vehicle tire,0,domeggook-com;domemall-co-kr;onchannel-co-kr
auto-parts,19,현대위아 팰리세이드 워터 펌프,Hyundai Wia Palisade Water Pump,현대위아,65,30000,53,700,33612,hyundai wia pump;palisade cooling;water pump,0,domeggook-com;wiconseller-com;domewh-com
auto-parts,20,한온시스템 쏘렌토 라디에이터 팬,Hanonsystem Sorento Radiator Fan,한온시스템,70,32000,54,1200,33612,hanon fan;sorento cooling;radiator fan,0,ownerclan-com;dome119-com;dometopia-com
auto-parts,21,현대트랜시스 쏘나타 클러치 디스크,Hyundai Transys Sonata Clutch Disc,현대트랜시스,95,45000,52,1800,33612,transys clutch;sonata transmission;clutch disc,0,domeggook-com;supercat-co-kr;sellmoa-com
auto-parts,22,금호타이어 제네시스 G70 퍼포먼스 타이어,Kumho Tire Genesis G70 Performance Tire,금호타이어,140,65000,53,11000,33744,kumho performance;genesis g70;korean sport tire,0,ownerclan-com;domemall-co-kr;onchannel-co-kr
auto-parts,23,넥센타이어 모닝 경차 타이어,Nexen Tire Morning Compact Car Tire,넥센타이어,70,32000,54,6000,33744,nexen compact tire;morning parts;korean small car,0,domeggook-com;wiconseller-com;domewh-com
auto-parts,24,에스엘 K3 테일 라이트 어셈블리,SL K3 Tail Light Assembly,에스엘,110,50000,54,1000,33710,sl tail light;k3 parts;korean tail light,0,ownerclan-com;dome119-com;dometopia-com
auto-parts,25,서연이화 싼타페 사이드 미러 커버,Seoyon E-Hwa Santa Fe Side Mirror Cover,서연이화,48,22000,54,200,33640,seoyon mirror cover;santa fe exterior;korean auto parts,0,domeggook-com;supercat-co-kr;sellmoa-com
auto-parts,26,성우하이텍 팰리세이드 사이드 스텝,Sungwoo Hitech Palisade Side Step,성우하이텍,180,80000,56,5000,33640,sungwoo side step;palisade accessory;korean suv parts,0,ownerclan-com;domemall-co-kr;onchannel-co-kr
auto-parts,27,평화정공 아반떼 컨트롤 암,Pyonghwa Jeonggong Avante Control Arm,평화정공,75,35000,53,1000,33588,pyonghwa control arm;avante suspension;korean auto parts,0,domeggook-com;wiconseller-com;domewh-com
auto-parts,28,세방전지 그랜저 AGM 배터리,Sebang Global Grandeur AGM Battery,세방전지,110,50000,54,12000,33575,sebong agm battery;grandeur battery;korean premium battery,0,ownerclan-com;dome119-com;dometopia-com
auto-parts,29,명신산업 쏘나타 후드,Myungshin Sonata Hood,명신산업,140,65000,53,5000,33640,myungshin hood;sonata body;korean auto body,0,domeggook-com;supercat-co-kr;sellmoa-com
auto-parts,30,화신 K5 브레이크 디스크,Hwashin K5 Brake Disc,화신,85,40000,53,2500,33567,hwashin brake disc;k5 braking;korean brake parts,0,ownerclan-com;domemall-co-kr;onchannel-co-kr
k-beauty-skincare,1,코스알엑스 퓨어핏 시카 세럼,COSRX Pure Fit Cica Serum,코스알엑스,22.5,9500,58,120,11233,cosrx cica;korean serum;sensitive skin,0,domeggook-com;ownerclan-com;dometopia-com
k-beauty-skincare,2,설화수 윤조 에센스,Sulwhasoo First Care Activating Serum,설화수,75,35000,53,250,11233,sulwhasoo essence;korean luxury;anti-aging serum,2,ownerclan-com;sellmoa-com;supercat-co-kr
k-beauty-skincare,3,라네즈 워터 슬리핑 마스크,Laneige Water Sleeping Mask,라네즈,28,12000,57,200,11233,laneige mask;sleeping pack;hydrating mask,0,domeggook-com;domemall-co-kr;onchannel-co-kr
k-beauty-skincare,4,이니스프리 그린티 씨드 세럼,Innisfree Green Tea Seed Serum,이니스프리,20,8500,58,150,11233,innisfree serum;green tea skincare;korean essence,-3,domeggook-com;wiconseller-com;domewh-com
k-beauty-skincare,5,닥터자르트 시카페어 크림,Dr. Jart+ Cicapair Cream,닥터자르트,38,17000,55,180,11233,dr jart cica;cicapair cream;redness relief,-3,ownerclan-com;dome119-com;dometopia-com
k-beauty-skincare,6,메디힐 티트리 케어 솔루션 마스크,Mediheal Teatree Care Solution Mask,메디힐,15,6000,60,80,11233,mediheal mask;teatree mask;acne care,0,domeggook-com;supercat-co-kr;sellmoa-com
k-beauty-skincare,7,에스트라 아토베리어 365 크림,Aestura Atobarrier 365 Cream,에스트라,32,14000,56,220,11233,aestura cream;atobarrier;dry skin cream,0,ownerclan-com;domemall-co-kr;onchannel-co-kr
k-beauty-skincare,8,라운드랩 1025 독도 토너,Round Lab 1025 Dokdo Toner,라운드랩,19,8000,58,280,11233,round lab toner;dokdo toner;hydrating toner,0,domeggook-com;wiconseller-com;domewh-com
k-beauty-skincare,9,아누아 어성초 토너,Anua Heartleaf 77% Soothing Toner,아누아,25,11000,56,300,11233,anua toner;heartleaf toner;soothing toner,-1,ownerclan-com;dome119-com;dometopia-com
k-beauty-skincare,10,조선미녀 맑은쌀 선크림,Beauty of Joseon Relief Sun Rice,조선미녀,18.5,7800,58,70,11233,korean sunscreen;beauty of joseon;rice extract,0,domeggook-com;supercat-co-kr;sellmoa-com
k-beauty-skincare,11,토리든 다이브인 저분자 히알루론산 세럼,Torriden DIVE-IN Low Molecular Hyaluronic Acid Serum,토리든,23,10000,56,130,11233,torriden serum;hyaluronic serum;deep hydration,1,ownerclan-com;domemall-co-kr;onchannel-co-kr
k-beauty-skincare,12,마녀공장 퓨어 클렌징 오일,Manyo Factory Pure Cleansing Oil,마녀공장,26,11500,56,250,11233,manyo cleansing oil;korean cleansing;pore care,-2,domeggook-com;wiconseller-com;domewh-com
k-beauty-skincare,13,넘버즈인 3번 맑은 광채 촉촉 에센스,Numbuzin No.3 Skin Softening Serum,넘버즈인,29,13000,55,100,11233,numbuzin serum;skin softening;korean essence,0,ownerclan-com;dome119-com;dometopia-com
k-beauty-skincare,14,구달 청귤 비타C 잡티 세럼,Goodal Green Tangerine Vita C Dark Spot Serum,구달,24,10500,56,110,11233,goodal vita c;dark spot serum;green tangerine,0,domeggook-com;supercat-co-kr;sellmoa-com
k-beauty-skincare,15,아이오페 바이오 에센스 인텐시브 컨디셔닝,IOPE Bio Essence Intensive Conditioning,아이오페,40,18000,55,200,11233,iope essence;bio essence;korean pre-serum,0,ownerclan-com;domemall-co-kr;onchannel-co-kr
k-beauty-skincare,16,코스알엑스 아하 바하 클라리파잉 트리트먼트 토너,COSRX AHA BHA Clarifying Treatment Toner,코스알엑스,17,7000,59,180,11233,cosrx toner;aha bha toner;exfoliating toner,0,domeggook-com;ownerclan-com;dometopia-com
k-beauty-skincare,17,설화수 자음생크림,Sulwhasoo Concentrated Ginseng Renewing Cream,설화수,100,48000,52,200,11233,sulwhasoo ginseng;anti-aging cream;korean luxury,0,ownerclan-com;sellmoa-com;supercat-co-kr
k-beauty-skincare,18,라네즈 립 슬리핑 마스크,Laneige Lip Sleeping Mask,라네즈,16,6500,59,50,11233,laneige lip mask;lip care;hydrating lip,0,domeggook-com;domemall-co-kr;onchannel-co-kr
k-beauty-skincare,19,이니스프리 화산송이 모공 마스크,Innisfree Super Volcanic Pore Clay Mask,이니스프리,18,7500,58,150,11233,innisfree mask;volcanic mask;pore care,0,domeggook-com;wiconseller-com;domewh-com
k-beauty-skincare,20,닥터자르트 세라마이딘 크림,Dr. Jart+ Ceramidin Cream,닥터자르트,35,15000,57,180,11233,dr jart ceramidin;ceramide cream;dry skin,0,ownerclan-com;dome119-com;dometopia-com
k-beauty-skincare,21,메디힐 콜라겐 임팩트 에센셜 마스크,Mediheal Collagen Impact Essential Mask,메디힐,14,5500,61,80,11233,mediheal collagen;collagen mask;anti-aging mask,0,domeggook-com;supercat-co-kr;sellmoa-com
k-beauty-skincare,22,에스트라 테라크네 365 클리어 딥 클렌징 폼,Aestura Theracne 365 Clear Deep Cleansing Foam,에스트라,20,8500,58,150,11233,aestura cleanser;acne foam;deep cleansing,0,ownerclan-com;domemall-co-kr;onchannel-co-kr
k-beauty-skincare,23,라운드랩 자작나무 수분 선크림,Round Lab Birch Juice Moisturizing Sunscreen,라운드랩,21,9000,57,80,11233,round lab sunscreen;birch juice;moisturizing spf,0,domeggook-com;wiconseller-com;domewh-com
k-beauty-skincare,24,아누아 어성초 77% 수딩 크림,Anua Heartleaf 77% Soothing Cream,아누아,27,12000,56,180,11233,anua cream;heartleaf cream;soothing moisturizer,0,ownerclan-com;dome119-com;dometopia-com
k-beauty-skincare,25,조선미녀 인삼 클렌징 오일,Beauty of Joseon Ginseng Cleansing Oil,조선미녀,20,8500,58,150,11233,beauty of joseon oil;ginseng cleanser;korean cleansing,0,domeggook-com;supercat-co-kr;sellmoa-com
k-beauty-skincare,26,토리든 다이브인 저분자 히알루론산 크림,Torriden DIVE-IN Low Molecular Hyaluronic Acid Cream,토리든,25,11000,56,180,11233,torriden cream;hyaluronic cream;deep hydration,0,ownerclan-com;domemall-co-kr;onchannel-co-kr
k-beauty-skincare,27,마녀공장 비피다 바이옴 콤플렉스 앰플,Manyo Factory Bifida Biome Complex Ampoule,마녀공장,32,14000,56,100,11233,manyo ampoule;bifida biome;anti-aging ampoule,0,domeggook-com;wiconseller-com;domewh-com
k-beauty-skincare,28,넘버즈인 6번 딥 슬립 마스크 세럼,Numbuzin No.6 Deep Sleep Mask Serum,넘버즈인,30,13500,55,120,11233,numbuzin mask serum;deep sleep mask;overnight serum,0,ownerclan-com;dome119-com;dometopia-com
k-beauty-skincare,29,구달 맑은 어성초 진정 에센스,Goodal Houttuynia Cordata Calming Essence,구달,22,9500,57,130,11233,goodal essence;houttuynia cordata;calming essence,0,domeggook-com;supercat-co-kr;sellmoa-com
k-beauty-skincare,30,아이오페 슈퍼바이탈 크림 리치,IOPE Super Vital Cream Rich,아이오페,60,28000,53,200,11233,iope cream;super vital;anti-aging cream,0,ownerclan-com;domemall-co-kr;onchannel-co-kr
trading-cards,1,포켓몬 카드 게임 확장팩 (한국어),Pokemon TCG Booster Pack (Korean),포켓몬코리아,8.99,3800,58,30,183454,pokemon korean;tcg booster;pokemon cards,0,domeggook-com;ownerclan-com;dometopia-com
trading-cards,2,유희왕 OCG 스트럭처 덱 (한국어),Yu-Gi-Oh! OCG Structure Deck (Korean),유희왕 OCG,25,11000,56,200,183454,yugioh korean;structure deck;ocg cards,0,ownerclan-com;sellmoa-com;supercat-co-kr
trading-cards,3,디지몬 카드 게임 스타터 덱 (한국어),Digimon Card Game Starter Deck (Korean),디지몬 카드 게임,20,9000,55,150,183454,digimon korean;starter deck;digimon tcg,0,domeggook-com;domemall-co-kr;onchannel-co-kr
trading-cards,4,원피스 카드 게임 부스터 박스 (한국어),One Piece Card Game Booster Box (Korean),원피스 카드 게임,80,38000,52,500,183454,one piece korean;booster box;one piece tcg,0,domeggook-com;wiconseller-com;domewh-com
trading-cards,5,쿠키런: 브레이버스 스타터 덱 (한국어),Cookie Run: Bravers Starter Deck (Korean),쿠키런: 브레이버스,18,8000,55,120,183454,cookie run tcg;bravers deck;korean card game,0,ownerclan-com;dome119-com;dometopia-com
trading-cards,6,포켓몬 카드 게임 VSTAR 유니버스 (한국어),Pokemon TCG VSTAR Universe (Korean),포켓몬코리아,50,23000,54,300,183454,pokemon vstar;korean pokemon;vstar universe,0,domeggook-com;supercat-co-kr;sellmoa-com
trading-cards,7,유희왕 OCG 배틀 오브 카오스 (한국어),Yu-Gi-Oh! OCG Battle of Chaos (Korean),유희왕 OCG,40,18000,55,250,183454,yugioh battle of chaos;korean ocg;booster box,0,ownerclan-com;domemall-co-kr;onchannel-co-kr
trading-cards,8,디지몬 카드 게임 뉴 히어로즈 (한국어),Digimon Card Game New Heroes (Korean),디지몬 카드 게임,35,16000,54,220,183454,digimon new heroes;korean digimon;booster box,0,domeggook-com;wiconseller-com;domewh-com
trading-cards,9,원피스 카드 게임 로맨스 던 (한국어),One Piece Card Game Romance Dawn (Korean),원피스 카드 게임,90,42000,53,550,183454,one piece romance dawn;korean one piece;booster box,0,ownerclan-com;dome119-com;dometopia-com
trading-cards,10,쿠키런: 브레이버스 부스터 팩 (한국어),Cookie Run: Bravers Booster Pack (Korean),쿠키런: 브레이버스,7,3000,57,25,183454,cookie run booster;bravers pack;korean tcg,0,domeggook-com;supercat-co-kr;sellmoa-com
trading-cards,11,포켓몬 카드 게임 스칼렛 & 바이올렛 (한국어),Pokemon TCG Scarlet & Violet (Korean),포켓몬코리아,45,20000,55,280,183454,pokemon scarlet violet;korean pokemon;booster box,0,domeggook-com;ownerclan-com;dometopia-com
trading-cards,12,유희왕 OCG 다크윙 블래스트 (한국어),Yu-Gi-Oh! OCG Darkwing Blast (Korean),유희왕 OCG,38,17000,55,240,183454,yugioh darkwing blast;korean ocg;booster box,0,ownerclan-com;sellmoa-com;supercat-co-kr
trading-cards,13,디지몬 카드 게임 얼티밋 마스터즈 (한국어),Digimon Card Game Ultimate Masters (Korean),디지몬 카드 게임,32,14000,56,210,183454,digimon ultimate masters;korean digimon;booster box,0,domeggook-com;domemall-co-kr;onchannel-co-kr
trading-cards,14,원피스 카드 게임 정상결전 (한국어),One Piece Card Game Paramount War (Korean),원피스 카드 게임,85,40000,53,520,183454,one piece paramount war;korean one piece;booster box,0,domeggook-com;wiconseller-com;domewh-com
trading-cards,15,쿠키런: 브레이버스 스타터 팩 (한국어),Cookie Run: Bravers Starter Pack (Korean),쿠키런: 브레이버스,15,6500,57,100,183454,cookie run starter;bravers pack;korean card game,0,ownerclan-com;dome119-com;dometopia-com
trading-cards,16,포켓몬 카드 게임 컬렉션 박스 (한국어),Pokemon TCG Collection Box (Korean),포켓몬코리아,30,13000,57,350,183454,pokemon collection;korean pokemon;tcg box,0,domeggook-com;ownerclan-com;supercat-co-kr
trading-cards,17,유희왕 OCG 듀얼리스트 팩 (한국어),Yu-Gi-Oh! OCG Duelist Pack (Korean),유희왕 OCG,12,5000,58,50,183454,yugioh duelist pack;korean ocg;tcg pack,0,ownerclan-com;sellmoa-com;dometopia-com
trading-cards,18,디지몬 카드 게임 프로모션 팩 (한국어),Digimon Card Game Promo Pack (Korean),디지몬 카드 게임,10,4000,60,40,183454,digimon promo;korean digimon;promo pack,0,domeggook-com;domemall-co-kr;onchannel-co-kr
trading-cards,19,원피스 카드 게임 스타터 덱 (한국어),One Piece Card Game Starter Deck (Korean),원피스 카드 게임,22,9500,57,160,183454,one piece starter;korean one piece;starter deck,0,domeggook-com;wiconseller-com;domewh-com
trading-cards,20,쿠키런: 브레이버스 프로모션 카드 (한국어),Cookie Run: Bravers Promo Card (Korean),쿠키런: 브레이버스,5,2000,60,10,183454,cookie run promo;bravers card;korean tcg,0,ownerclan-com;dome119-com;dometopia-com
trading-cards,21,포켓몬 카드 게임 프리미엄 컬렉션 (한국어),Pokemon TCG Premium Collection (Korean),포켓몬코리아,60,28000,53,400,183454,pokemon premium;korean pokemon;tcg collection,0,domeggook-com;supercat-co-kr;sellmoa-com
trading-cards,22,유희왕 OCG 레전더리 골드 박스 (한국어),Yu-Gi-Oh! OCG Legendary Gold Box (Korean),유희왕 OCG,55,25000,54,380,183454,yugioh gold box;korean ocg;legendary box,0,ownerclan-com;domemall-co-kr;onchannel-co-kr
trading-cards,23,디지몬 카드 게임 테이머즈 팩 (한국어),Digimon Card Game Tamer's Pack (Korean),디지몬 카드 게임,15,6500,57,60,183454,digimon tamers;korean digimon;tamer pack,0,domeggook-com;wiconseller-com;domewh-com
trading-cards,24,원피스 카드 게임 프로모션 팩 (한국어),One Piece Card Game Promo Pack (Korean),원피스 카드 게임,10,4000,60,40,183454,one piece promo;korean one piece;promo pack,0,ownerclan-com;dome119-com;dometopia-com
trading-cards,25,쿠키런: 브레이버스 플레이매트,Cookie Run: Bravers Playmat,쿠키런: 브레이버스,25,11000,56,200,183454,cookie run playmat;bravers accessory;tcg playmat,0,domeggook-com;supercat-co-kr;sellmoa-com
trading-cards,26,포켓몬 카드 게임 덱 실드 (한국어),Pokemon TCG Deck Shield (Korean),포켓몬코리아,15,6500,57,50,183454,pokemon deck shield;korean pokemon;card sleeves,0,domeggook-com;ownerclan-com;dometopia-com
trading-cards,27,유희왕 OCG 카드 바인더 (한국어),Yu-Gi-Oh! OCG Card Binder (Korean),유희왕 OCG,20,9000,55,180,183454,yugioh binder;korean ocg;card album,0,ownerclan-com;sellmoa-com;supercat-co-kr
trading-cards,28,디지몬 카드 게임 덱 박스 (한국어),Digimon Card Game Deck Box (Korean),디지몬 카드 게임,12,5000,58,70,183454,digimon deck box;korean digimon;card storage,0,domeggook-com;domemall-co-kr;onchannel-co-kr
trading-cards,29,원피스 카드 게임 덱 케이스 (한국어),One Piece Card Game Deck Case (Korean),원피스 카드 게임,14,6000,57,80,183454,one piece deck case;korean one piece;card holder,0,domeggook-com;wiconseller-com;domewh-com
trading-cards,30,쿠키런: 브레이버스 카드 슬리브,Cookie Run: Bravers Card Sleeves,쿠키런: 브레이버스,9,3500,61,40,183454,cookie run sleeves;bravers accessory;card protector,0,ownerclan-com;dome119-com;dometopia-com
k-fashion,1,젠틀몬스터 선글라스,Gentle Monster Sunglasses,젠틀몬스터,250,120000,52,300,175782,gentle monster;korean sunglasses;designer eyewear,1,domeggook-com;ownerclan-com;dometopia-com
k-fashion,2,아더에러 로고 티셔츠,ADER error Logo T-Shirt,아더에러,120,55000,54,250,15724,ader error;korean streetwear;designer t-shirt,1,ownerclan-com;sellmoa-com;supercat-co-kr
k-fashion,3,우영미 로고 후드티,Wooyoungmi Logo Hoodie,우영미,350,160000,54,600,15724,wooyoungmi hoodie;korean designer;luxury streetwear,2,domeggook-com;domemall-co-kr;onchannel-co-kr
k-fashion,4,디스이즈네버댓 로고 맨투맨,thisisneverthat Logo Sweatshirt,디스이즈네버댓,90,40000,55,400,15724,thisisneverthat;korean streetwear;graphic sweatshirt,0,domeggook-com;wiconseller-com;domewh-com
k-fashion,5,커버낫 로고 크루넥,Covernat Logo Crewneck,커버낫,70,30000,57,350,15724,covernat sweatshirt;korean casual;crewneck,0,ownerclan-com;dome119-com;dometopia-com
k-fashion,6,마르디 메크르디 플라워 티셔츠,Mardi Mercredi Flower T-Shirt,마르디 메크르디,60,25000,58,200,15724,mardi mercredi;korean fashion;flower tee,0,domeggook-com;supercat-co-kr;sellmoa-com
k-fashion,7,마뗑킴 로고 지갑,Matin Kim Logo Wallet,마뗑킴,100,45000,55,150,169259,matin kim;korean wallet;designer wallet,0,ownerclan-com;domemall-co-kr;onchannel-co-kr
k-fashion,8,앤더슨벨 로고 스웨터,Andersson Bell Logo Sweater,앤더슨벨,180,80000,55,500,15724,andersson bell;korean knitwear;designer sweater,0,domeggook-com;wiconseller-com;domewh-com
k-fashion,9,포스트 아카이브 팩션 (PAF) 테크니컬 재킷,Post Archive Faction (PAF) Technical Jacket,포스트 아카이브 팩션,450,200000,55,800,15724,paf jacket;korean techwear;designer jacket,0,ownerclan-com;dome119-com;dometopia-com
k-fashion,10,떠그클럽 로고 볼캡,Thug Club Logo Ball Cap,떠그클럽,80,35000,56,100,175782,thug club;korean cap;streetwear hat,0,domeggook-com;supercat-co-kr;sellmoa-com
k-fashion,11,LMC 로고 후드티,LMC Logo Hoodie,LMC,110,50000,54,550,15724,lmc hoodie;korean streetwear;logo hoodie,-2,ownerclan-com;domemall-co-kr;onchannel-co-kr
k-fashion,12,인사일런스 미니멀 블레이저,INSILENCE Minimal Blazer,인사일런스,200,90000,55,700,15724,insilence blazer;korean minimalist;designer jacket,0,domeggook-com;wiconseller-com;domewh-com
k-fashion,13,쿠어 오버핏 니트,coor Overfit Knit Sweater,쿠어,130,60000,53,450,15724,coor knit;korean knitwear;oversized sweater,0,ownerclan-com;dome119-com;dometopia-com
k-fashion,14,기준 시그니처 백,Kijun Signature Bag,기준,150,70000,53,500,169259,kijun bag;korean designer bag;fashion handbag,0,domeggook-com;supercat-co-kr;sellmoa-com
k-fashion,15,미스치프 로고 티셔츠,Mischief Logo T-Shirt,미스치프,65,28000,57,220,15724,mischief tee;korean streetwear;graphic t-shirt,0,ownerclan-com;domemall-co-kr;onchannel-co-kr
k-fashion,16,젠틀몬스터 안경테,Gentle Monster Optical Glasses,젠틀몬스터,200,90000,55,200,175782,gentle monster glasses;korean eyewear;designer frames,0,domeggook-com;ownerclan-com;dometopia-com
k-fashion,17,아더에러 니트 비니,ADER error Knit Beanie,아더에러,85,38000,55,80,175782,ader error beanie;korean hat;designer beanie,0,ownerclan-com;sellmoa-com;supercat-co-kr
k-fashion,18,우영미 스퀘어 로고 티셔츠,Wooyoungmi Square Logo T-Shirt,우영미,180,80000,55,280,15724,wooyoungmi tee;korean designer;luxury t-shirt,0,domeggook-com;domemall-co-kr;onchannel-co-kr
k-fashion,19,디스이즈네버댓 고어텍스 재킷,thisisneverthat Gore-Tex Jacket,디스이즈네버댓,280,130000,53,700,15724,thisisneverthat jacket;korean outdoor;gore-tex,0,domeggook-com;wiconseller-com;domewh-com
k-fashion,20,커버낫 덕 다운 숏 패딩,Covernat Duck Down Short Padded Jacket,커버낫,150,70000,53,600,15724,covernat padding;korean winter jacket;duck down,0,ownerclan-com;dome119-com;dometopia-com
k-fashion,21,마르디 메크르디 스웨트셔츠,Mardi Mercredi Sweatshirt,마르디 메크르디,95,42000,56,400,15724,mardi mercredi sweatshirt;korean fashion;flower graphic,0,domeggook-com;supercat-co-kr;sellmoa-com
k-fashion,22,마뗑킴 버킷백,Matin Kim Bucket Bag,마뗑킴,130,60000,53,350,169259,matin kim bag;korean bucket bag;designer handbag,0,ownerclan-com;domemall-co-kr;onchannel-co-kr
k-fashion,23,앤더슨벨 데님 재킷,Andersson Bell Denim Jacket,앤더슨벨,220,100000,54,700,15724,andersson bell denim;korean denim;designer jacket,0,domeggook-com;wiconseller-com;domewh-com
k-fashion,24,포스트 아카이브 팩션 (PAF) 카고 팬츠,Post Archive Faction (PAF) Cargo Pants,포스트 아카이브 팩션,380,170000,55,500,15724,paf cargo pants;korean techwear;designer pants,0,ownerclan-com;dome119-com;dometopia-com
k-fashion,25,떠그클럽 로고 후드 집업,Thug Club Logo Zip-Up Hoodie,떠그클럽,150,70000,53,600,15724,thug club hoodie;korean streetwear;zip up hoodie,0,domeggook-com;supercat-co-kr;sellmoa-com
k-fashion,26,LMC 로고 반팔 티셔츠,LMC Logo Short Sleeve T-Shirt,LMC,55,24000,56,200,15724,lmc t-shirt;korean streetwear;graphic tee,0,ownerclan-com;domemall-co-kr;onchannel-co-kr
k-fashion,27,인사일런스 와이드 팬츠,INSILENCE Wide Pants,인사일런스,120,55000,54,400,15724,insilence pants;korean minimalist;wide leg pants,0,domeggook-com;wiconseller-com;domewh-com
k-fashion,28,쿠어 울 블렌드 코트,coor Wool Blend Coat,쿠어,280,130000,53,1000,15724,coor coat;korean winter coat;wool blend,0,ownerclan-com;dome119-com;dometopia-com
k-fashion,29,기준 미니 크로스백,Kijun Mini Crossbody Bag,기준,90,40000,55,250,169259,kijun crossbody;korean mini bag;fashion bag,0,domeggook-com;supercat-co-kr;sellmoa-com
k-fashion,30,미스치프 로고 스웨트 팬츠,Mischief Logo Sweatpants,미스치프,80,35000,56,350,15724,mischief sweatpants;korean streetwear;jogger pants,0,ownerclan-com;domemall-co-kr;onchannel-co-kr
k-beauty-makeup,1,클리오 킬커버 파운웨어 쿠션,Clio Kill Cover Founwear Cushion,클리오,28.99,14500,45,150,11863,korean cushion;clio makeup;kill cover,0,domeggook-com;ownerclan-com;dometopia-com
k-beauty-makeup,2,롬앤 쥬시 래스팅 틴트,Romand Juicy Lasting Tint,롬앤,12.5,6000,52,50,11863,romand tint;korean lip tint;juicy lasting,0,domeggook-com;ownerclan-com;sellmoa-com
k-beauty-makeup,3,페리페라 잉크 더 에어리 벨벳,Peripera Ink Airy Velvet Tint,페리페라,9.99,4800,50,40,11863,peripera tint;korean velvet tint;ink airy,1,domeggook-com;supercat-co-kr;domemall-co-kr
k-beauty-makeup,4,3CE 벨벳 립 틴트,3CE Velvet Lip Tint,3CE,16.99,8000,48,60,11863,3ce tint;korean lip makeup;velvet tint,-1,domeggook-com;ownerclan-com;onchannel-co-kr
k-beauty-makeup,5,에뛰드 플레이 컬러 아이즈 팔레트,Etude Play Color Eyes Palette,에뛰드,22,10500,47,120,11863,etude eyeshadow;korean eye palette;play color,9,domeggook-com;dometopia-com;wiconseller-com
k-beauty-makeup,6,헤라 블랙 쿠션,Hera Black Cushion,헤라,45,22000,48,180,11863,hera cushion;korean luxury makeup;black cushion,0,domeggook-com;ownerclan-com;domewh-com
k-beauty-makeup,7,정샘물 에센셜 스킨 누더 쿠션,Jung Saem Mool Essential Skin Nuder Cushion,정샘물,39.99,19500,47,160,11863,jung saem mool;korean foundation;nuder cushion,2,domeggook-com;sellmoa-com;dome119-com
k-beauty-makeup,8,어뮤즈 듀 틴트,Amuse Dew Tint,어뮤즈,19.5,9000,53,55,11863,amuse tint;korean vegan makeup;dewy lip tint,0,domeggook-com;ownerclan-com;dometopia-com
k-beauty-makeup,9,데이지크 섀도우 팔레트,Dasique Shadow Palette,데이지크,25.99,12000,50,130,11863,dasique palette;korean neutral eyeshadow;shadow palette,-4,domeggook-com;supercat-co-kr;onchannel-co-kr
k-beauty-makeup,10,힌스 무드 인핸서 마뜨 립스틱,Hince Mood Enhancer Matte Lipstick,힌스,21,10000,48,70,11863,hince lipstick;korean matte lipstick;mood enhancer,0,domeggook-com;ownerclan-com;domemall-co-kr
k-beauty-makeup,11,투쿨포스쿨 아트클래스 바이 로댕 쉐이딩,Too Cool For School Artclass by Rodin Shading,투쿨포스쿨,15.99,7500,49,90,11863,too cool for school;korean contour;rodin shading,1,domeggook-com;sellmoa-com;dometopia-com
k-beauty-makeup,12,릴리바이레드 러브빔 치크,Lilybyred Luv Beam Cheek,릴리바이레드,11.5,5500,50,60,11863,lilybyred blush;korean blush;luv beam,0,domeggook-com;ownerclan-com;wiconseller-com
k-beauty-makeup,13,에스쁘아 프로 테일러 비 벨벳 쿠션,Espoir Pro Tailor Be Velvet Cushion,에스쁘아,32,15000,50,160,11863,espoir cushion;korean velvet cushion;pro tailor,0,domeggook-com;dometopia-com;domewh-com
k-beauty-makeup,14,라카 스무스 매트 립스틱,Laka Smooth Matte Lipstick,라카,18,8500,50,65,11863,laka lipstick;korean gender neutral;matte lipstick,0,domeggook-com;ownerclan-com;dome119-com
k-beauty-makeup,15,웨이크메이크 소프트 블러링 아이팔레트,Wakemake Soft Blurring Eye Palette,웨이크메이크,24.5,11500,49,125,11863,wakemake eyeshadow;korean blurring palette;soft blurring,0,domeggook-com;sellmoa-com;supercat-co-kr
k-beauty-makeup,16,클리오 킬 브로우 오토 하드 브로우 펜슬,Clio Kill Brow Auto Hard Brow Pencil,클리오,14,6500,50,30,11863,clio eyebrow;korean brow pencil;auto hard brow,0,domeggook-com;ownerclan-com;dometopia-com
k-beauty-makeup,17,롬앤 베러 댄 아이즈,Romand Better Than Eyes,롬앤,18,8500,49,80,11863,romand eyeshadow;korean eye palette;better than eyes,0,domeggook-com;sellmoa-com;domemall-co-kr
k-beauty-makeup,18,페리페라 올테이크 무드 팔레트,Peripera All Take Mood Palette,페리페라,20,9500,49,100,11863,peripera palette;korean mood palette;all take mood,0,domeggook-com;supercat-co-kr;onchannel-co-kr
k-beauty-makeup,19,3CE 블러셔,3CE Blush,3CE,17.5,8000,50,70,11863,3ce blush;korean cheek makeup;blush,0,domeggook-com;ownerclan-com;domewh-com
k-beauty-makeup,20,에뛰드 픽싱 틴트,Etude Fixing Tint,에뛰드,10.99,5000,52,45,11863,etude tint;korean fixing tint;lip tint,0,domeggook-com;dometopia-com;dome119-com
k-beauty-makeup,21,헤라 센슈얼 파우더 매트 립스틱,Hera Sensual Powder Matte Lipstick,헤라,35,17000,49,75,11863,hera lipstick;korean matte lip;sensual powder,-6,domeggook-com;ownerclan-com;sellmoa-com
k-beauty-makeup,22,정샘물 아티스트 컨실러 팔레트,Jung Saem Mool Artist Concealer Palette,정샘물,30,14000,50,100,11863,jung saem mool;korean concealer;artist palette,0,domeggook-com;supercat-co-kr;wiconseller-com
k-beauty-makeup,23,어뮤즈 아이 컬러 팔레트,Amuse Eye Color Palette,어뮤즈,26,12000,50,110,11863,amuse eyeshadow;korean eye makeup;color palette,0,domeggook-com;ownerclan-com;onchannel-co-kr
k-beauty-makeup,24,데이지크 블렌딩 무드 치크,Dasique Blending Mood Cheek,데이지크,21,9800,50,85,11863,dasique blush;korean mood cheek;blending cheek,0,domeggook-com;dometopia-com;domemall-co-kr
k-beauty-makeup,25,힌스 세컨 스킨 커버 쿠션,Hince Second Skin Cover Cushion,힌스,33,15500,49,155,11863,hince cushion;korean cover cushion;second skin,0,domeggook-com;sellmoa-com;domewh-com
k-beauty-makeup,26,투쿨포스쿨 픽싱 커버 쿠션,Too Cool For School Fixing Cover Cushion,투쿨포스쿨,27,12500,50,140,11863,too cool for school;korean fixing cushion;cover cushion,0,domeggook-com;ownerclan-com;dome119-com
k-beauty-makeup,27,릴리바이레드 무드 라이어 벨벳 틴트,Lilybyred Mood Liar Velvet Tint,릴리바이레드,10.5,5000,50,40,11863,lilybyred tint;korean velvet lip;mood liar,-17,domeggook-com;dometopia-com;supercat-co-kr
k-beauty-makeup,28,에스쁘아 노웨어 쉬폰 매트 립스틱,Espoir No Wear Chiffon Matte Lipstick,에스쁘아,19,9000,50,60,11863,espoir lipstick;korean chiffon matte;no wear,0,domeggook-com;ownerclan-com;onchannel-co-kr
k-beauty-makeup,29,라카 프루티 글램 틴트,Laka Fruity Glam Tint,라카,17,8000,50,55,11863,laka tint;korean glossy tint;fruity glam,0,domeggook-com;sellmoa-com;domemall-co-kr
k-beauty-makeup,30,웨이크메이크 믹스 블러링 아이 팔레트,Wakemake Mix Blurring Eye Palette,웨이크메이크,23,10800,49,120,11863,wakemake palette;korean mix blurring;eye palette,0,domeggook-com;dometopia-com;wiconseller-com
computer-parts,1,삼성전자 980 PRO M.2 NVMe SSD 1TB,Samsung 980 PRO M.2 NVMe SSD 1TB,삼성전자,120,60000,50,50,170073,samsung ssd;nvme 1tb;korean computer parts,0,domeggook-com;ownerclan-com;dometopia-com
computer-parts,2,SK하이닉스 Gold P31 M.2 NVMe SSD 1TB,SK Hynix Gold P31 M.2 NVMe SSD 1TB,SK하이닉스,110,55000,50,50,170073,sk hynix ssd;p31 nvme;korean storage,0,domeggook-com;sellmoa-com;supercat-co-kr
computer-parts,3,마이크로닉스 Classic II 750W 80PLUS Bronze,Micronics Classic II 750W 80PLUS Bronze,마이크로닉스,85,40000,53,1500,37292,micronics psu;750w power supply;korean pc parts,0,domeggook-com;ownerclan-com;domemall-co-kr
computer-parts,4,잘만 CNPS10X OPTIMA II CPU 쿨러,Zalman CNPS10X OPTIMA II CPU Cooler,잘만,45,20000,55,800,131486,zalman cooler;cpu air cooler;korean cooling,0,domeggook-com;dometopia-com;onchannel-co-kr
computer-parts,5,이엠텍 지포스 RTX 3060 그래픽카드,EMTEK GeForce RTX 3060 Graphics Card,이엠텍,350,170000,51,1200,27386,emtek rtx 3060;korean gpu;geforce graphics card,0,domeggook-com;ownerclan-com;wiconseller-com
computer-parts,6,앱코 HACKER K660 기계식 키보드,ABKO HACKER K660 Mechanical Keyboard,앱코,60,28000,53,1000,111422,abko keyboard;korean mechanical keyboard;gaming keyboard,0,domeggook-com;sellmoa-com;domewh-com
computer-parts,7,3RSYS L700 RGB 미들타워 케이스,3RSYS L700 RGB Mid-Tower Case,3RSYS,95,45000,52,7000,160,3rsys case;korean pc case;rgb mid tower,0,domeggook-com;ownerclan-com;dome119-com
computer-parts,8,한성컴퓨터 TFG ART 게이밍 마우스,Hansung Computer TFG ART Gaming Mouse,한성컴퓨터,35,16000,54,200,14686,hansung mouse;korean gaming mouse;tfg art,0,domeggook-com;dometopia-com;supercat-co-kr
computer-parts,9,레오폴드 FC750R PD 기계식 키보드,Leopold FC750R PD Mechanical Keyboard,레오폴드,130,60000,54,1100,111422,leopold keyboard;korean mechanical keyboard;fc750r,0,domeggook-com;ownerclan-com;onchannel-co-kr
computer-parts,10,제닉스 타이탄 GX AIR 무선 게이밍 마우스,Xenics Titan GX AIR Wireless Gaming Mouse,제닉스,70,32000,54,250,14686,xenics mouse;korean wireless mouse;titan gx air,0,domeggook-com;sellmoa-com;wiconseller-com
computer-parts,11,아이구주 HATCH 6 레인보우 RGB 케이스,iGuju HATCH 6 Rainbow RGB Case,아이구주,75,35000,53,6500,160,iguju case;korean rgb case;hatch 6,0,domeggook-com;dometopia-com;domewh-com
computer-parts,12,갤럭시 코리아 GALAX 지포스 RTX 3070,GALAX GeForce RTX 3070 Graphics Card,갤럭시 코리아,500,240000,52,1300,27386,galax rtx 3070;korean gpu;geforce graphics,0,domeggook-com;ownerclan-com;dome119-com
computer-parts,13,스카이디지탈 NKEY-R3 RGB 기계식 키보드,SkyDigital NKEY-R3 RGB Mechanical Keyboard,스카이디지탈,80,38000,52,1050,111422,skydigital keyboard;korean rgb keyboard;nkey-r3,0,domeggook-com;supercat-co-kr;sellmoa-com
computer-parts,14,맥스엘리트 MAXWELL GAMING PRO 800W,MaxElite MAXWELL GAMING PRO 800W PSU,맥스엘리트,90,42000,53,1600,37292,maxelite psu;800w power supply;korean gaming psu,0,domeggook-com;dometopia-com;onchannel-co-kr
computer-parts,15,Pulsar Gaming Gears X2 Mini 무선 게이밍 마우스,Pulsar Gaming Gears X2 Mini Wireless Gaming Mouse,Pulsar Gaming Gears,100,48000,52,180,14686,pulsar mouse;korean gaming gear;x2 mini,0,domeggook-com;ownerclan-com;wiconseller-com
computer-parts,16,삼성전자 DDR4 PC4-25600 8GB RAM,Samsung DDR4 PC4-25600 8GB RAM,삼성전자,30,14000,53,30,170073,samsung ram;ddr4 8gb;korean memory,0,domeggook-com;ownerclan-com;dometopia-com
computer-parts,17,SK하이닉스 DDR5 PC5-48000 16GB RAM,SK Hynix DDR5 PC5-48000 16GB RAM,SK하이닉스,65,30000,54,35,170073,sk hynix ram;ddr5 16gb;korean memory,0,domeggook-com;sellmoa-com;supercat-co-kr
computer-parts,18,마이크로닉스 WARP SP-1 RGB 게이밍 헤드셋,Micronics WARP SP-1 RGB Gaming Headset,마이크로닉스,40,18000,55,400,111422,micronics headset;korean gaming headset;warp sp-1,0,domeggook-com;ownerclan-com;domemall-co-kr
computer-parts,19,잘만 MegaMax 600W 80PLUS Standard,Zalman MegaMax 600W 80PLUS Standard PSU,잘만,70,32000,54,1400,37292,zalman psu;600w power supply;korean standard psu,0,domeggook-com;dometopia-com;onchannel-co-kr
computer-parts,20,이엠텍 HV 지포스 GTX 1660 SUPER,EMTEK HV GeForce GTX 1660 SUPER,이엠텍,200,95000,52,1000,27386,emtek gtx 1660;korean gpu;geforce super,0,domeggook-com;ownerclan-com;wiconseller-com
computer-parts,21,앱코 NCORE G3000 미들타워 케이스,ABKO NCORE G3000 Mid-Tower Case,앱코,80,38000,52,6000,160,abko case;korean pc case;ncore g3000,0,domeggook-com;sellmoa-com;domewh-com
computer-parts,22,3RSYS S700 에어 미들타워 케이스,3RSYS S700 Air Mid-Tower Case,3RSYS,88,41000,53,6800,160,3rsys case;korean mid tower;s700 air,0,domeggook-com;ownerclan-com;dome119-com
computer-parts,23,한성컴퓨터 GK898B OfficeMaster 무접점 키보드,Hansung Computer GK898B OfficeMaster Keyboard,한성컴퓨터,110,50000,55,1200,111422,hansung keyboard;korean non-contact keyboard;officemaster,0,domeggook-com;dometopia-com;supercat-co-kr
computer-parts,24,레오폴드 FC900R PD 기계식 키보드,Leopold FC900R PD Mechanical Keyboard,레오폴드,140,65000,54,1300,111422,leopold keyboard;korean mechanical keyboard;fc900r,0,domeggook-com;ownerclan-com;onchannel-co-kr
computer-parts,25,제닉스 STORMX G3 게이밍 헤드셋,Xenics STORMX G3 Gaming Headset,제닉스,48,22000,54,450,111422,xenics headset;korean gaming headset;stormx g3,0,domeggook-com;sellmoa-com;wiconseller-com
computer-parts,26,아이구주 M7 RGB 게이밍 마우스,iGuju M7 RGB Gaming Mouse,아이구주,25,11000,56,180,14686,iguju mouse;korean rgb mouse;gaming mouse,0,domeggook-com;dometopia-com;domewh-com
computer-parts,27,갤럭시 코리아 GALAX 지포스 RTX 3060 Ti,GALAX GeForce RTX 3060 Ti Graphics Card,갤럭시 코리아,400,190000,52,1250,27386,galax rtx 3060 ti;korean gpu;geforce graphics,0,domeggook-com;ownerclan-com;dome119-com
computer-parts,28,스카이디지탈 NKEY-K5 RGB 게이밍 키보드,SkyDigital NKEY-K5 RGB Gaming Keyboard,스카이디지탈,90,42000,53,1150,111422,skydigital keyboard;korean gaming keyboard;nkey-k5,0,domeggook-com;supercat-co-kr;sellmoa-com
computer-parts,29,맥스엘리트 MAXWELL GAMING PRO 700W,MaxElite MAXWELL GAMING PRO 700W PSU,맥스엘리트,80,37000,54,1500,37292,maxelite psu;700w power supply;korean gaming psu,0,domeggook-com;dometopia-com;onchannel-co-kr
computer-parts,30,Pulsar Gaming Gears Xlite V2 Mini 무선 게이밍 마우스,Pulsar Gaming Gears Xlite V2 Mini Wireless Gaming Mouse,Pulsar Gaming Gears,90,42000,53,170,14686,pulsar mouse;korean gaming gear;xlite v2 mini,0,domeggook-com;ownerclan-com;wiconseller-com
smartphone-acc,1,슈피겐 에어스킨 아이폰 케이스,Spigen AirSkin iPhone Case,슈피겐,25,12000,52,50,9394,spigen case;iphone case;korean phone accessory,0,domeggook-com;ownerclan-com;dometopia-com
smartphone-acc,2,삼성전자 정품 갤럭시 S23 울트라 케이스,Samsung Official Galaxy S23 Ultra Case,삼성전자,35,17000,51,60,9394,samsung case;galaxy s23 ultra;korean official case,0,domeggook-com;sellmoa-com;supercat-co-kr
smartphone-acc,3,링케 퓨전 갤럭시 Z 플립5 케이스,Ringke Fusion Galaxy Z Flip5 Case,링케,20,9500,52,55,9394,ringke case;galaxy z flip5;korean clear case,0,domeggook-com;ownerclan-com;domemall-co-kr
smartphone-acc,4,신지모루 맥세이프 카드지갑,Sinjimoru MagSafe Card Wallet,신지모루,18,8500,52,40,9394,sinjimoru magsafe;card wallet;korean phone wallet,0,domeggook-com;dometopia-com;onchannel-co-kr
smartphone-acc,5,화이트스톤 돔글라스 갤럭시 S23 울트라 강화유리,Whitestone Dome Glass Galaxy S23 Ultra Screen Protector,화이트스톤,40,19000,52,80,9394,whitestone screen protector;galaxy s23 ultra;korean tempered glass,0,domeggook-com;ownerclan-com;wiconseller-com
smartphone-acc,6,빅쏘 아이폰 15 프로 맥스 강화유리,Vixxo iPhone 15 Pro Max Tempered Glass,빅쏘,15,7000,53,60,9394,vixxo screen protector;iphone 15 pro max;korean tempered glass,0,domeggook-com;sellmoa-com;domewh-com
smartphone-acc,7,아라리 누킨 아이폰 15 케이스,Araree Nukin iPhone 15 Case,아라리,22,10000,54,50,9394,araree case;iphone 15 case;korean clear case,0,domeggook-com;ownerclan-com;dome119-com
smartphone-acc,8,베루스 크리스탈 믹스 아이폰 15 프로 케이스,Verus Crystal Mix iPhone 15 Pro Case,베루스,23,10500,54,55,9394,verus case;iphone 15 pro;korean phone cover,0,domeggook-com;dometopia-com;supercat-co-kr
smartphone-acc,9,디자인스킨 위빙 다이어리 갤럭시 S23 케이스,DesignSkin Weaving Diary Galaxy S23 Case,디자인스킨,30,14000,53,100,9394,designskin case;galaxy s23;korean wallet case,0,domeggook-com;ownerclan-com;onchannel-co-kr
smartphone-acc,10,주파집 고속 무선 충전기,Jupazip Fast Wireless Charger,주파집,28,13000,54,150,9394,jupazip charger;wireless charger;korean fast charger,0,domeggook-com;sellmoa-com;wiconseller-com
smartphone-acc,11,팝소켓코리아 팝그립,PopSockets Korea PopGrip,팝소켓코리아,12,5500,54,30,9394,popsockets grip;phone grip;korean phone holder,-2,domeggook-com;dometopia-com;domewh-com
smartphone-acc,12,만렙 맥세이프 차량용 거치대,ManLab MagSafe Car Mount,만렙,32,15000,53,200,9394,manlab magsafe;car mount;korean car accessory,0,domeggook-com;ownerclan-com;dome119-com
smartphone-acc,13,슈퍼디비전 아이폰 15 프로 맥스 카메라 보호필름,Superdivision iPhone 15 Pro Max Camera Protector,슈퍼디비전,10,4500,55,20,9394,superdivision camera;iphone 15 pro max;korean lens protector,0,domeggook-com;supercat-co-kr;sellmoa-com
smartphone-acc,14,엘라고 아이폰 15 실리콘 케이스,Elago iPhone 15 Silicone Case,엘라고,20,9000,55,50,9394,elago case;iphone 15 silicone;korean phone cover,0,domeggook-com;dometopia-com;onchannel-co-kr
smartphone-acc,15,케이스티파이 아이폰 15 임팩트 케이스,Casetify iPhone 15 Impact Case,케이스티파이,60,28000,53,70,9394,casetify case;iphone 15 impact;korean designer case,0,domeggook-com;ownerclan-com;wiconseller-com
smartphone-acc,16,슈피겐 울트라 하이브리드 갤럭시 S24 케이스,Spigen Ultra Hybrid Galaxy S24 Case,슈피겐,27,13000,52,55,9394,spigen case;galaxy s24;korean hybrid case,0,domeggook-com;ownerclan-com;dometopia-com
smartphone-acc,17,삼성전자 정품 갤럭시 Z 폴드5 슬림 S펜 케이스,Samsung Official Galaxy Z Fold5 Slim S Pen Case,삼성전자,65,30000,54,100,9394,samsung case;galaxy z fold5;korean s pen case,0,domeggook-com;sellmoa-com;supercat-co-kr
smartphone-acc,18,링케 에어 아이폰 15 프로 케이스,Ringke Air iPhone 15 Pro Case,링케,18,8500,52,45,9394,ringke case;iphone 15 pro;korean slim case,0,domeggook-com;ownerclan-com;domemall-co-kr
smartphone-acc,19,신지모루 맥세이프 투명 케이스,Sinjimoru MagSafe Clear Case,신지모루,20,9500,52,60,9394,sinjimoru magsafe;clear case;korean phone cover,0,domeggook-com;dometopia-com;onchannel-co-kr
smartphone-acc,20,화이트스톤 돔글라스 아이폰 15 프로 강화유리,Whitestone Dome Glass iPhone 15 Pro Screen Protector,화이트스톤,38,18000,53,75,9394,whitestone screen protector;iphone 15 pro;korean tempered glass,0,domeggook-com;ownerclan-com;wiconseller-com
smartphone-acc,21,빅쏘 갤럭시 S24 울트라 카메라 보호필름,Vixxo Galaxy S24 Ultra Camera Protector,빅쏘,12,5500,54,25,9394,vixxo camera;galaxy s24 ultra;korean lens protector,0,domeggook-com;sellmoa-com;domewh-com
smartphone-acc,22,아라리 누킨 갤럭시 S24 케이스,Araree Nukin Galaxy S24 Case,아라리,24,11000,54,55,9394,araree case;galaxy s24 case;korean clear case,0,domeggook-com;ownerclan-com;dome119-com
smartphone-acc,23,베루스 댐다 갤럭시 Z 플립5 케이스,Verus Damda Galaxy Z Flip5 Case,베루스,28,13000,54,70,9394,verus case;galaxy z flip5;korean protective case,0,domeggook-com;dometopia-com;supercat-co-kr
smartphone-acc,24,디자인스킨 슬라이드 카드 범퍼 케이스,DesignSkin Slide Card Bumper Case,디자인스킨,26,12000,54,90,9394,designskin case;card bumper case;korean phone cover,0,domeggook-com;ownerclan-com;onchannel-co-kr
smartphone-acc,25,주파집 C타입 고속 충전 케이블,Jupazip Type-C Fast Charging Cable,주파집,10,4500,55,80,9394,jupazip cable;type-c cable;korean charging cable,0,domeggook-com;sellmoa-com;wiconseller-com
smartphone-acc,26,팝소켓코리아 팝월렛,PopSockets Korea PopWallet,팝소켓코리아,15,7000,53,45,9394,popsockets wallet;phone wallet;korean phone accessory,0,domeggook-com;dometopia-com;domewh-com
smartphone-acc,27,만렙 맥세이프 충전 스탠드,ManLab MagSafe Charging Stand,만렙,38,17500,54,250,9394,manlab magsafe;charging stand;korean phone stand,0,domeggook-com;ownerclan-com;dome119-com
smartphone-acc,28,슈퍼디비전 아이폰 15 프로 맥스 강화유리,Superdivision iPhone 15 Pro Max Tempered Glass,슈퍼디비전,14,6500,54,60,9394,superdivision screen protector;iphone 15 pro max;korean tempered glass,0,domeggook-com;supercat-co-kr;sellmoa-com
smartphone-acc,29,엘라고 에어팟 프로 2세대 케이스,Elago AirPods Pro 2nd Gen Case,엘라고,16,7500,53,40,9394,elago airpods case;airpods pro 2;korean earbud case,0,domeggook-com;dometopia-com;onchannel-co-kr
smartphone-acc,30,케이스티파이 갤럭시 S24 울트라 임팩트 케이스,Casetify Galaxy S24 Ultra Impact Case,케이스티파이,62,29000,53,75,9394,casetify case;galaxy s24 ultra;korean designer case,0,domeggook-com;ownerclan-com;wiconseller-com
inner-beauty,1,정관장 홍삼정 에브리타임 밸런스,Cheong Kwan Jang Red Ginseng Everytime Balance,정관장,80,38000,52,350,11776,korean red ginseng;cheong kwan jang;everytime balance,0,domeggook-com;ownerclan-com;dometopia-com
inner-beauty,2,종근당건강 락토핏 생유산균 골드,Chong Kun Dang Health Lacto-Fit Probiotics Gold,종근당건강,30,14000,53,200,11776,korean probiotics;lactofit gold;chong kun dang,0,domeggook-com;sellmoa-com;supercat-co-kr
inner-beauty,3,뉴트리원 루테인 지아잔틴 164,Nutrione Lutein Zeaxanthin 164,뉴트리원,25,11500,54,100,11776,korean lutein;nutrione eye health;zeaxanthin,5,domeggook-com;ownerclan-com;domemall-co-kr
inner-beauty,4,바이탈뷰티 슈퍼콜라겐 에센스,Vitalbeautie Super Collagen Essence,바이탈뷰티,50,23000,54,300,11776,korean collagen;vitalbeautie;super collagen,0,domeggook-com;dometopia-com;onchannel-co-kr
inner-beauty,5,세리박스 세리번 나이트,Seri Box Seriburn Night,세리박스,45,21000,53,180,11776,korean diet supplement;seriburn night;seri box,-1,domeggook-com;ownerclan-com;wiconseller-com
inner-beauty,6,GRN+ 분홍이 초록이,GRN+ Pink & Green Diet Supplement,GRN+,60,28000,53,250,11776,korean diet pill;grn plus;pink green,0,domeggook-com;sellmoa-com;domewh-com
inner-beauty,7,에버콜라겐 인앤업 플러스,Evercollagen In & Up Plus,에버콜라겐,40,18500,54,220,11776,korean collagen;evercollagen;in and up,5,domeggook-com;ownerclan-com;dome119-com
inner-beauty,8,고려은단 비타민C 1000,Korea Eundan Vitamin C 1000,고려은단,20,9000,55,150,11776,korean vitamin c;korea eundan;vitamin c 1000,3,domeggook-com;dometopia-com;supercat-co-kr
inner-beauty,9,비비랩 저분자 콜라겐,BB Lab Low Molecular Collagen,비비랩,35,16000,54,280,11776,korean collagen;bb lab;low molecular,-6,domeggook-com;ownerclan-com;onchannel-co-kr
inner-beauty,10,일동제약 마이니 지엠에프,Ildong Pharmaceutical MyNi GMF,일동제약,28,13000,54,120,11776,korean health supplement;ildong myni;gmf,0,domeggook-com;sellmoa-com;wiconseller-com
inner-beauty,11,유한양행 삐콤씨 액티브,Yuhan Corporation Bicom C Active,유한양행,32,15000,53,180,11776,korean multivitamin;yuhan bicom c;vitamin b complex,0,domeggook-com;dometopia-com;domewh-com
inner-beauty,12,대웅제약 우루사 200mg,Daewoong Pharmaceutical Ursa 200mg,대웅제약,48,22000,54,100,11776,korean liver supplement;daewoong ursa;ursodeoxycholic acid,0,domeggook-com;ownerclan-com;dome119-com
inner-beauty,13,오쏘몰 이뮨,Orthomol Immune,오쏘몰,70,33000,53,400,11776,korean orthomol;immune support;multivitamin,0,domeggook-com;supercat-co-kr;sellmoa-com
inner-beauty,14,센트룸 멀티비타민,Centrum Multivitamin,센트룸,30,14000,53,180,11776,korean multivitamin;centrum;daily vitamins,0,domeggook-com;dometopia-com;onchannel-co-kr
inner-beauty,15,솔가 에스터-C 1000mg,Solgar Ester-C 1000mg,솔가,28,13000,54,150,11776,korean solgar;ester-c;vitamin c,0,domeggook-com;ownerclan-com;wiconseller-com
inner-beauty,16,정관장 화애락 이너제틱,Cheong Kwan Jang Hwa Ae Rak Innergetic,정관장,65,30000,54,300,11776,korean red ginseng;hwa ae rak;women's health,0,domeggook-com;ownerclan-com;dometopia-com
inner-beauty,17,종근당건강 아임비오 비타민D 2000IU,Chong Kun Dang Health I'm Bio Vitamin D 2000IU,종근당건강,22,10000,55,80,11776,korean vitamin d;chong kun dang;2000iu,0,domeggook-com;sellmoa-com;supercat-co-kr
inner-beauty,18,뉴트리원 초록입홍합,Nutrione Green Lipped Mussel,뉴트리원,38,17500,54,150,11776,korean joint health;nutrione;green lipped mussel,0,domeggook-com;ownerclan-com;domemall-co-kr
inner-beauty,19,바이탈뷰티 메타그린 슬림,Vitalbeautie Metagreen Slim,바이탈뷰티,55,25000,55,200,11776,korean diet supplement;metagreen slim;vitalbeautie,0,domeggook-com;dometopia-com;onchannel-co-kr
inner-beauty,20,세리박스 세리컷 알파,Seri Box Sericut Alpha,세리박스,42,19500,54,160,11776,korean diet pill;sericut alpha;seri box,0,domeggook-com;ownerclan-com;wiconseller-com
inner-beauty,21,GRN+ 올뉴 다이어트,GRN+ All New Diet,GRN+,58,27000,53,230,11776,korean diet supplement;grn plus;all new diet,0,domeggook-com;sellmoa-com;domewh-com
inner-beauty,22,에버콜라겐 코큐텐,Evercollagen CoQ10,에버콜라겐,38,17500,54,150,11776,korean collagen;evercollagen;coq10,0,domeggook-com;ownerclan-com;dome119-com
inner-beauty,23,고려은단 퓨어 알티지 오메가3,Korea Eundan Pure rTG Omega-3,고려은단,28,13000,54,120,11776,korean omega 3;korea eundan;rtg omega,0,domeggook-com;dometopia-com;supercat-co-kr
inner-beauty,24,비비랩 콜라겐 젤리,BB Lab Collagen Jelly,비비랩,25,11500,54,200,11776,korean collagen;bb lab;collagen jelly,0,domeggook-com;ownerclan-com;onchannel-co-kr
inner-beauty,25,일동제약 마이니 굿나잇 구미,Ildong Pharmaceutical MyNi Goodnight Gummy,일동제약,20,9000,55,100,11776,korean sleep aid;ildong myni;goodnight gummy,0,domeggook-com;sellmoa-com;wiconseller-com
inner-beauty,26,유한양행 메가트루 포커스,Yuhan Corporation Megatrue Focus,유한양행,35,16000,54,150,11776,korean multivitamin;yuhan megatrue;focus vitamin,0,domeggook-com;dometopia-com;domewh-com
inner-beauty,27,대웅제약 덴티가드랩 치아 유산균,Daewoong Pharmaceutical Dentiguard Lab Oral Probiotics,대웅제약,28,13000,54,80,11776,korean oral health;dentiguard lab;oral probiotics,0,domeggook-com;ownerclan-com;dome119-com
inner-beauty,28,오쏘몰 바이탈 F,Orthomol Vital F,오쏘몰,75,35000,53,450,11776,korean orthomol;vital f;women's multivitamin,0,domeggook-com;supercat-co-kr;sellmoa-com
inner-beauty,29,센트룸 실버 멀티비타민,Centrum Silver Multivitamin,센트룸,32,15000,53,200,11776,korean multivitamin;centrum silver;senior vitamins,0,domeggook-com;dometopia-com;onchannel-co-kr
inner-beauty,30,솔가 비타민 D3 2000IU,Solgar Vitamin D3 2000IU,솔가,24,11000,54,90,11776,korean solgar;vitamin d3;2000iu,0,domeggook-com;ownerclan-com;wiconseller-com
k-beauty-devices,1,메디큐브 에이지알 EMS 샷,Medicube Age-R EMS Shot,메디큐브 에이지알,250,120000,52,400,183497,medicube age-r;ems device;korean beauty device,0,domeggook-com;ownerclan-com;dometopia-com
k-beauty-devices,2,LG 프라엘 더마 LED 마스크,LG Pra.L Derma LED Mask,LG 프라엘,500,240000,52,800,183497,lg pra.l;led mask;korean skincare device,0,domeggook-com;sellmoa-com;supercat-co-kr
k-beauty-devices,3,셀리턴 LED 마스크 프리미엄,Cellreturn LED Mask Premium,셀리턴,700,330000,53,900,183497,cellreturn mask;led therapy;korean anti-aging,0,domeggook-com;ownerclan-com;domemall-co-kr
k-beauty-devices,4,듀얼소닉 맥시멈,Dualsonic Maximum,듀얼소닉,800,380000,52,600,183497,dualsonic hifu;korean lifting device;maximum,2,domeggook-com;dometopia-com;onchannel-co-kr
k-beauty-devices,5,메이크온 스킨 라이트 테라피 II,MakeON Skin Light Therapy II,메이크온,180,85000,53,300,183497,makeon device;light therapy;korean facial device,0,domeggook-com;ownerclan-com;wiconseller-com
k-beauty-devices,6,바나브 UP5 멀티 갈바닉 이온 기기,Vanav UP5 Multi Galvanic Ion Device,바나브,220,105000,52,380,183497,vanav galvanic;korean skincare tool;up5 device,0,domeggook-com;sellmoa-com;domewh-com
k-beauty-devices,7,뉴스킨 코리아 갈바닉 스파 시스템 II,Nu Skin Korea Galvanic Spa System II,뉴스킨 코리아,300,140000,53,500,183497,nu skin galvanic;korean spa system;anti-aging device,0,domeggook-com;ownerclan-com;dome119-com
k-beauty-devices,8,실큰 코리아 페이스타이트 2.0,Silk'n Korea Facetite 2.0,실큰 코리아,280,130000,54,450,183497,silkn facetite;korean rf device;skin tightening,0,domeggook-com;dometopia-com;supercat-co-kr
k-beauty-devices,9,DPC 스킨샷 LED 마스크,DPC Skin Shot LED Mask,DPC,350,165000,53,700,183497,dpc led mask;korean skincare mask;skin shot,-1,domeggook-com;ownerclan-com;onchannel-co-kr
k-beauty-devices,10,아띠베뷰티 홈쎄라,Attibeauty Homshera,아띠베뷰티,900,420000,53,750,183497,attibeauty hifu;korean lifting device;homshera,0,domeggook-com;sellmoa-com;wiconseller-com
k-beauty-devices,11,이오시카 RF 고주파 마사지기,Iosika RF High-Frequency Massager,이오시카,200,95000,53,350,183497,iosika rf device;korean facial massager;high frequency,0,domeggook-com;dometopia-com;domewh-com
k-beauty-devices,12,지온메디텍 듀얼소닉 프로페셔널,Zion Meditech Dualsonic Professional,지온메디텍,1200,560000,53,1000,183497,dualsonic professional;korean hifu device;zion meditech,0,domeggook-com;ownerclan-com;dome119-com
k-beauty-devices,13,누페이스 코리아 트리니티 페이셜 토닝 기기,NuFACE Korea Trinity Facial Toning Device,누페이스 코리아,320,150000,53,400,183497,nuface trinity;korean microcurrent;facial toning,0,domeggook-com;supercat-co-kr;sellmoa-com
k-beauty-devices,14,포레오 코리아 루나 3,FOREO Korea LUNA 3,포레오 코리아,190,90000,53,250,183497,foreo luna 3;korean facial cleanser;sonic brush,0,domeggook-com;dometopia-com;onchannel-co-kr
k-beauty-devices,15,야만 코리아 RF 보떼 포토플러스,YA-MAN Korea RF Beaute Photo PLUS,야만 코리아,400,190000,52,500,183497,ya-man rf;korean beauty device;photo plus,0,domeggook-com;ownerclan-com;wiconseller-com
k-beauty-devices,16,메디큐브 에이지알 유쎄라 딥샷,Medicube Age-R Ussera Deep Shot,메디큐브 에이지알,300,140000,53,450,183497,medicube age-r;usshera deep shot;korean lifting device,0,domeggook-com;ownerclan-com;dometopia-com
k-beauty-devices,17,LG 프라엘 인텐시브 멀티케어,LG Pra.L Intensive Multi Care,LG 프라엘,450,210000,53,700,183497,lg pra.l;multi care device;korean anti-aging,0,domeggook-com;sellmoa-com;supercat-co-kr
k-beauty-devices,18,셀리턴 넥클레이,Cellreturn Neckle Ray,셀리턴,350,165000,53,500,183497,cellreturn neck;korean neck device;neckle ray,0,domeggook-com;ownerclan-com;domemall-co-kr
k-beauty-devices,19,듀얼소닉 럭셔리,Dualsonic Luxury,듀얼소닉,1000,470000,53,800,183497,dualsonic hifu;korean luxury device;skin lifting,0,domeggook-com;dometopia-com;onchannel-co-kr
k-beauty-devices,20,메이크온 써모웨이브 아이리프트,MakeON Thermowave Eye Lift,메이크온,150,70000,53,250,183497,makeon eye lift;korean eye device;thermowave,0,domeggook-com;ownerclan-com;wiconseller-com
k-beauty-devices,21,바나브 핫앤쿨 스킨핏,Vanav Hot & Cool Skin Fit,바나브,180,85000,53,300,183497,vanav hot cool;korean skin device;skin fit,0,domeggook-com;sellmoa-com;domewh-com
k-beauty-devices,22,뉴스킨 코리아 에이지락 미,Nu Skin Korea ageLOC Me,뉴스킨 코리아,400,190000,52,600,183497,nu skin ageloc;korean customized skincare;ageloc me,0,domeggook-com;ownerclan-com;dome119-com
k-beauty-devices,23,실큰 코리아 인피니티 2.0,Silk'n Korea Infinity 2.0,실큰 코리아,300,140000,53,480,183497,silkn infinity;korean hair removal;ipl device,0,domeggook-com;dometopia-com;supercat-co-kr
k-beauty-devices,24,DPC 스킨샷 미세전류 마사지기,DPC Skin Shot Microcurrent Massager,DPC,120,55000,54,200,183497,dpc microcurrent;korean facial massager;skin shot,0,domeggook-com;ownerclan-com;onchannel-co-kr
k-beauty-devices,25,아띠베뷰티 울트라 리프팅,Attibeauty Ultra Lifting,아띠베뷰티,700,330000,53,650,183497,attibeauty lifting;korean anti-aging;ultra lifting,-15,domeggook-com;sellmoa-com;wiconseller-com
k-beauty-devices,26,이오시카 RF 고주파 넥&바디,Iosika RF High-Frequency Neck & Body,이오시카,250,115000,54,400,183497,iosika rf device;korean body massager;neck body,0,domeggook-com;dometopia-com;domewh-com
k-beauty-devices,27,지온메디텍 듀얼소닉 맥시멈,Zion Meditech Dualsonic Maximum,지온메디텍,900,420000,53,700,183497,dualsonic maximum;korean hifu device;zion meditech,0,domeggook-com;ownerclan-com;dome119-com
k-beauty-devices,28,누페이스 코리아 미니 페이셜 토닝 기기,NuFACE Korea Mini Facial Toning Device,누페이스 코리아,220,100000,55,300,183497,nuface mini;korean microcurrent;facial toning,0,domeggook-com;supercat-co-kr;sellmoa-com
k-beauty-devices,29,포레오 코리아 UFO 2 스마트 마스크,FOREO Korea UFO 2 Smart Mask,포레오 코리아,280,130000,54,350,183497,foreo ufo 2;korean smart mask;facial treatment,0,domeggook-com;dometopia-com;onchannel-co-kr
k-beauty-devices,30,야만 코리아 RF 보떼 캐비스파 360,YA-MAN Korea RF Beaute Cavi Spa 360,야만 코리아,350,165000,53,480,183497,ya-man cavispa;korean body device;cavi spa 360,0,domeggook-com;ownerclan-com;wiconseller-com
figures-collectibles,1,Blitzway 태권브이 피규어,Blitzway Taekwon V Figure,Blitzway,120,55000,54,450,246,korean robot;blitzway;collectible figure,0,domeggook-com;ownerclan-com;funpick-co-kr
figures-collectibles,2,5PROSTUDIO 마징가Z 피규어,5PROSTUDIO Mazinger Z Figure,5PROSTUDIO,150,70000,53,500,246,mazinger z;5prostudio;action figure,0,domeggook-com;ownerclan-com;toynmom-com
figures-collectibles,3,JND Studios 배트맨 스태츄,JND Studios Batman Statue,JND Studios,800,350000,56,2000,246,batman statue;jnd studios;premium collectible,0,domeggook-com;dometopia-com;funpick-co-kr
figures-collectibles,4,TOYCITY 라부부 피규어,TOYCITY Labubu Figure,TOYCITY,45,18000,60,150,246,labubu;toycity;designer toy,0,domeggook-com;sellmoa-com;supercat-co-kr
figures-collectibles,5,Sticky Monster Lab 피규어,Sticky Monster Lab Figure,Sticky Monster Lab,35,14000,60,100,246,sml;korean design toy;art toy,0,domeggook-com;ownerclan-com;dometopia-com
figures-collectibles,6,CoolrainLABO 던킨 피규어,CoolrainLABO Dunkin Figure,CoolrainLABO,60,25000,58,200,246,coolrainlabo;dunkin figure;limited edition,0,domeggook-com;domema-com;funpick-co-kr
figures-collectibles,7,HANDS IN FACTORY 러너 피규어,HANDS IN FACTORY Runner Figure,HANDS IN FACTORY,70,30000,57,250,246,hands in factory;runner figure;urban vinyl,0,domeggook-com;ownerclan-com;dometopia-com
figures-collectibles,8,Cerebral Art 레진 스태츄,Cerebral Art Resin Statue,Cerebral Art,200,90000,55,800,246,cerebral art;resin statue;collectible art,0,domeggook-com;sellmoa-com;supercat-co-kr
figures-collectibles,9,RastaMoon 아트 토이,RastaMoon Art Toy,RastaMoon,50,20000,60,180,246,rastamoon;korean art toy;designer collectible,0,domeggook-com;domema-com;onchannel-co-kr
figures-collectibles,10,Prime 1 Studio 옵티머스 프라임 스태츄,Prime 1 Studio Optimus Prime Statue,Prime 1 Studio,1500,700000,53,5000,246,optimus prime;prime 1 studio;transformers,0,domeggook-com;dometopia-com;funpick-co-kr
figures-collectibles,11,Pop Mart 몰리 피규어,Pop Mart Molly Figure,Pop Mart,20,8000,60,80,246,pop mart;molly;blind box,0,domeggook-com;ownerclan-com;sellmoa-com
figures-collectibles,12,Tarmac Works 다이캐스트 모델카,Tarmac Works Diecast Model Car,Tarmac Works,40,16000,60,120,223,tarmac works;diecast car;model car,0,domeggook-com;supercat-co-kr;toynmom-com
figures-collectibles,13,Action Figure 건담 프라모델,Action Figure Gundam Plastic Model,Action Figure,60,25000,58,300,246,gundam;plastic model;robot kit,0,domeggook-com;ownerclan-com;dometopia-com
figures-collectibles,14,Kidult 포켓몬 카드 박스,Kidult Pokemon Card Box,Kidult,80,35000,56,250,183454,pokemon cards;trading cards;booster box,0,domeggook-com;sellmoa-com;funpick-co-kr
figures-collectibles,15,Hobby Stock 애니메이션 피규어,Hobby Stock Anime Figure,Hobby Stock,90,40000,55,350,246,anime figure;japanese anime;collectible statue,0,domeggook-com;domema-com;toynmom-com
figures-collectibles,16,한국 전통 인형,Korean Traditional Doll,Sticky Monster Lab,40,16000,60,150,246,korean doll;traditional craft;collectible,0,domeggook-com;dometopia-com;daisomall-co-kr-b2b
figures-collectibles,17,레트로 게임기 미니어처,Retro Game Console Miniature,Kidult,30,12000,60,100,246,retro console;miniature toy;gaming collectible,0,domeggook-com;ownerclan-com;supercat-co-kr
figures-collectibles,18,K-POP 아이돌 앨범 포토카드,K-POP Idol Album Photocard,Pop Mart,15,6000,60,30,183454,kpop photocard;idol collectible;korean music,0,domeggook-com;sellmoa-com;onchannel-co-kr
figures-collectibles,19,한국 영화 캐릭터 피규어,Korean Movie Character Figure,Blitzway,75,32000,57,280,246,korean movie;character figure;film collectible,0,domeggook-com;dometopia-com;funpick-co-kr
figures-collectibles,20,빈티지 한국 포스터,Vintage Korean Poster,Cerebral Art,25,10000,60,50,1600,korean poster;vintage art;collectible print,0,domeggook-com;domema-com;daisomall-co-kr-b2b
figures-collectibles,21,한국 웹툰 피규어,Korean Webtoon Figure,TOYCITY,55,23000,58,200,246,webtoon figure;korean webcomic;character collectible,0,domeggook-com;ownerclan-com;sellmoa-com
figures-collectibles,22,한국 전통 문양 자석,Korean Traditional Pattern Magnet,Sticky Monster Lab,10,4000,60,40,11700,korean magnet;traditional pattern;souvenir,0,domeggook-com;supercat-co-kr;daisomall-co-kr-b2b
figures-collectibles,23,한국 드라마 굿즈,Korean Drama Merchandise,Pop Mart,28,11000,61,90,11700,korean drama;kdrama merch;collectible,0,domeggook-com;dometopia-com;onchannel-co-kr
figures-collectibles,24,한국 역사 인물 피규어,Korean Historical Figure,JND Studios,180,80000,55,700,246,korean history;historical figure;collectible statue,0,domeggook-com;domema-com;funpick-co-kr
figures-collectibles,25,한국 민화 아트 프린트,Korean Minhwa Art Print,Cerebral Art,35,14000,60,60,1600,korean folk art;minhwa;art print,0,domeggook-com;ownerclan-com;daisomall-co-kr-b2b
figures-collectibles,26,한국 스포츠 스타 피규어,Korean Sports Star Figure,Action Figure,65,28000,57,250,246,korean sports;athlete figure;collectible,0,domeggook-com;sellmoa-com;supercat-co-kr
figures-collectibles,27,한국 전통 건축 미니어처,Korean Traditional Architecture Miniature,Hobby Stock,48,20000,58,180,246,korean architecture;miniature model;traditional building,0,domeggook-com;dometopia-com;toynmom-com
figures-collectibles,28,한국 전통 놀이 세트,Korean Traditional Play Set,Kidult,22,9000,59,150,11700,korean game;traditional toy;cultural item,0,domeggook-com;domema-com;daisomall-co-kr-b2b
figures-collectibles,29,한국 애니메이션 캐릭터 피규어,Korean Animation Character Figure,5PROSTUDIO,50,20000,60,180,246,korean animation;character figure;anime collectible,0,domeggook-com;ownerclan-com;funpick-co-kr
figures-collectibles,30,한국 아이돌 굿즈 키링,Korean Idol Merchandise Keychain,Pop Mart,12,5000,58,50,11700,kpop keychain;idol merch;fan collectible,0,domeggook-com;sellmoa-com;onchannel-co-kr
character-goods,1,Kakao Friends 라이언 인형,Kakao Friends Ryan Plush Doll,Kakao Friends,30,12000,60,200,11700,kakao ryan;korean character;plush toy,0,domeggook-com;ownerclan-com;artbox-co-kr-b2b
character-goods,2,LINE Friends 브라운 에코백,LINE Friends Brown Eco Bag,LINE Friends,25,10000,60,150,11700,line brown;eco bag;korean character,0,domeggook-com;dometopia-com;10x10-co-kr-b2b
character-goods,3,BT21 타타 쿠션,BT21 Tata Cushion,BT21,40,16000,60,300,11700,bt21 tata;kpop merch;bts character,0,domeggook-com;sellmoa-com;supercat-co-kr
character-goods,4,Wiggle Wiggle 아이폰 케이스,Wiggle Wiggle iPhone Case,Wiggle Wiggle,20,8000,60,80,11700,wiggle wiggle;phone case;korean design,0,domeggook-com;domema-com;onchannel-co-kr
character-goods,5,Dinotaeng 보보 스티커 팩,Dinotaeng Bobo Sticker Pack,Dinotaeng,15,6000,60,30,11700,dinotaeng bobo;korean sticker;cute stationery,0,domeggook-com;ownerclan-com;1000za-kr
character-goods,6,ARTBOX 캐릭터 볼펜,ARTBOX Character Ballpoint Pen,ARTBOX,8,3000,62,20,11700,artbox pen;korean stationery;character pen,0,domeggook-com;dometopia-com;artbox-co-kr-b2b
character-goods,7,ROMANE 브런치 브라더스 파우치,ROMANE Brunch Brothers Pouch,ROMANE,18,7000,61,100,11700,romane pouch;brunch brothers;korean design,0,domeggook-com;sellmoa-com;10x10-co-kr-b2b
character-goods,8,Ompangi 옴팡이 키링,Ompangi Keychain,Ompangi,12,5000,58,50,11700,ompangi;korean keychain;cute character,0,domeggook-com;supercat-co-kr;onchannel-co-kr
character-goods,9,Niniz 죠르디 피규어,Niniz Jordy Figure,Niniz,22,9000,59,80,11700,niniz jordy;korean figure;kakao character,0,domeggook-com;domema-com;artbox-co-kr-b2b
character-goods,10,Studio Haneul 구름 인형,Studio Haneul Cloud Plush,Studio Haneul,28,11000,61,180,11700,studio haneul;cloud plush;korean design,0,domeggook-com;ownerclan-com;1000za-kr
character-goods,11,Butters 버터스 머그컵,Butters Mug Cup,Butters,16,6500,59,250,11700,butters mug;korean character;ceramic cup,0,domeggook-com;dometopia-com;10x10-co-kr-b2b
character-goods,12,Jessoo Chipmunk 다람쥐 폰 그립,Jessoo Chipmunk Phone Grip,Jessoo Chipmunk,10,4000,60,40,11700,jessoo chipmunk;phone grip;korean character,0,domeggook-com;sellmoa-com;supercat-co-kr
character-goods,13,OGUDUCKOO 오구덕구 인형,OGUDUCKOO Plush Doll,OGUDUCKOO,32,13000,59,220,11700,oguduckoo;korean plush;character toy,0,domeggook-com;domema-com;onchannel-co-kr
character-goods,14,Bo Friends 보프렌즈 스티커,Bo Friends Sticker,Bo Friends,7,2800,60,20,11700,bo friends;korean sticker;cute stationery,0,domeggook-com;ownerclan-com;1000za-kr
character-goods,15,PLAVE 플레이브 포토카드,PLAVE Photocard,PLAVE,15,6000,60,30,11700,plave;kpop photocard;virtual idol,0,domeggook-com;dometopia-com;sellmoa-com
character-goods,16,카카오 프렌즈 춘식이 파우치,Kakao Friends Chunsik Pouch,Kakao Friends,18,7500,58,90,11700,chunsik pouch;kakao friends;korean character,0,domeggook-com;ownerclan-com;artbox-co-kr-b2b
character-goods,17,라인 프렌즈 샐리 마우스 패드,LINE Friends Sally Mouse Pad,LINE Friends,14,5500,61,70,11700,line sally;mouse pad;korean character,0,domeggook-com;dometopia-com;10x10-co-kr-b2b
character-goods,18,BT21 망이 헤어밴드,BT21 Mang Headband,BT21,15,6000,60,60,11700,bt21 mang;kpop headband;bts merch,0,domeggook-com;sellmoa-com;supercat-co-kr
character-goods,19,위글위글 패턴 양말,Wiggle Wiggle Pattern Socks,Wiggle Wiggle,10,4000,60,50,11700,wiggle wiggle socks;korean fashion;pattern socks,0,domeggook-com;domema-com;onchannel-co-kr
character-goods,20,다이노탱 쿼카 그립톡,Dinotaeng Quokka Griptok,Dinotaeng,12,5000,58,40,11700,dinotaeng quokka;griptok;korean phone accessory,0,domeggook-com;ownerclan-com;1000za-kr
character-goods,21,아트박스 캐릭터 노트,ARTBOX Character Notebook,ARTBOX,9,3500,61,120,11700,artbox notebook;korean stationery;cute notebook,0,domeggook-com;dometopia-com;artbox-co-kr-b2b
character-goods,22,로마네 브런치 브라더스 컵받침,ROMANE Brunch Brothers Coaster,ROMANE,10,4000,60,50,11700,romane coaster;brunch brothers;korean design,0,domeggook-com;sellmoa-com;10x10-co-kr-b2b
character-goods,23,옴팡이 스마트톡,Ompangi Smart톡,Ompangi,11,4500,59,40,11700,ompangi smarttok;phone accessory;korean character,0,domeggook-com;supercat-co-kr;onchannel-co-kr
character-goods,24,니니즈 죠르디 에어팟 케이스,Niniz Jordy AirPods Case,Niniz,19,7800,59,60,11700,niniz jordy;airpods case;korean character,0,domeggook-com;domema-com;artbox-co-kr-b2b
character-goods,25,스튜디오 하네울 구름 엽서,Studio Haneul Cloud Postcard,Studio Haneul,6,2500,58,10,11700,studio haneul;postcard;korean design,0,domeggook-com;ownerclan-com;1000za-kr
character-goods,26,버터스 캐릭터 마스킹 테이프,Butters Character Masking Tape,Butters,8,3000,62,30,11700,butters tape;masking tape;korean stationery,0,domeggook-com;dometopia-com;10x10-co-kr-b2b
character-goods,27,제쑤 칩멍크 다람쥐 펜,Jessoo Chipmunk Pen,Jessoo Chipmunk,7,2800,60,20,11700,jessoo chipmunk;character pen;korean stationery,0,domeggook-com;sellmoa-com;supercat-co-kr
character-goods,28,오구덕구 캐릭터 스티커,OGUDUCKOO Character Sticker,OGUDUCKOO,5,2000,60,10,11700,oguduckoo sticker;korean sticker;cute character,0,domeggook-com;domema-com;onchannel-co-kr
character-goods,29,보프렌즈 캐릭터 폰케이스,Bo Friends Character Phone Case,Bo Friends,17,7000,59,70,11700,bo friends;phone case;korean character,0,domeggook-com;ownerclan-com;1000za-kr
character-goods,30,플레이브 응원봉,PLAVE Light Stick,PLAVE,45,18000,60,250,11700,plave lightstick;kpop merch;virtual idol,0,domeggook-com;dometopia-com;sellmoa-com
auto-accessories,1,Bullsone 불스원샷 연료첨가제,Bullsone Bullsone Shot Fuel Additive,Bullsone,25,10000,60,400,33698,bullsone shot;fuel additive;car maintenance,0,domeggook-com;ownerclan-com;bullsonemall-com-b2b
auto-accessories,2,Hyundai Mobis 순정 와이퍼 블레이드,Hyundai Mobis Genuine Wiper Blade,Hyundai Mobis,35,14000,60,300,33698,hyundai wiper;mobis parts;car accessory,0,domeggook-com;dometopia-com;auton-kr
auto-accessories,3,i-Road 블랙박스,i-Road Dash Cam,i-Road,150,60000,60,450,33698,iroad dashcam;korean dashcam;car camera,0,domeggook-com;sellmoa-com;supercat-co-kr
auto-accessories,4,Carnix 차량용 공기청정기,Carnix Car Air Purifier,Carnix,50,20000,60,250,33698,carnix air purifier;car air cleaner;auto accessory,0,domeggook-com;domema-com;carex-co-kr
auto-accessories,5,Motline 차량용 무선 충전 거치대,Motline Car Wireless Charger Mount,Motline,40,16000,60,180,33698,motline charger;wireless car charger;phone mount,0,domeggook-com;ownerclan-com;onchannel-co-kr
auto-accessories,6,The Club 핸들 잠금장치,The Club Steering Wheel Lock,The Club,60,25000,58,800,33698,car lock;steering wheel lock;anti theft,0,domeggook-com;dometopia-com;bullsonemall-com-b2b
auto-accessories,7,Carment 차량용 방향제,Carment Car Air Freshener,Carment,15,6000,60,50,33698,car air freshener;carment;auto scent,0,domeggook-com;sellmoa-com;carex-co-kr
auto-accessories,8,Autoclover 도어 바이저,Autoclover Door Visor,Autoclover,70,30000,57,600,33698,autoclover;door visor;car exterior,0,domeggook-com;supercat-co-kr;auton-kr
auto-accessories,9,L&C Corporation 차량용 목쿠션,L&C Corporation Car Neck Pillow,L&C Corporation,20,8000,60,150,33698,car neck pillow;auto comfort;korean car accessory,0,domeggook-com;domema-com;onchannel-co-kr
auto-accessories,10,Neofit 차량용 시트커버,Neofit Car Seat Cover,Neofit,120,50000,58,1500,33698,car seat cover;neofit;auto interior,0,domeggook-com;ownerclan-com;carex-co-kr
auto-accessories,11,MECAR 차량용 청소기,MECAR Car Vacuum Cleaner,MECAR,80,35000,56,700,33698,car vacuum;mecar;auto cleaning,0,domeggook-com;dometopia-com;bullsonemall-com-b2b
auto-accessories,12,Kwangjin 차량용 LED 램프,Kwangjin Car LED Lamp,Kwangjin,30,12000,60,100,33698,car led;kwangjin;auto lighting,0,domeggook-com;sellmoa-com;auton-kr
auto-accessories,13,Thinkware 블랙박스,Thinkware Dash Cam,Thinkware,180,75000,58,480,33698,thinkware dashcam;korean dashcam;car security,0,domeggook-com;supercat-co-kr;onchannel-co-kr
auto-accessories,14,Fine Digital 내비게이션,Fine Digital Navigation System,Fine Digital,250,100000,60,700,33698,car navigation;fine digital;gps system,0,domeggook-com;domema-com;carex-co-kr
auto-accessories,15,Pittasoft 블랙박스 (BlackVue),Pittasoft Dash Cam (BlackVue),Pittasoft,200,85000,57,500,33698,blackvue dashcam;pittasoft;car recorder,0,domeggook-com;ownerclan-com;dometopia-com
auto-accessories,16,차량용 스마트폰 거치대,Car Smartphone Mount,Motline,20,8000,60,100,33698,car phone mount;smartphone holder;auto accessory,0,domeggook-com;ownerclan-com;onchannel-co-kr
auto-accessories,17,차량용 햇빛 가리개,Car Sun Shade,Autoclover,18,7000,61,150,33698,car sunshade;window shade;auto interior,0,domeggook-com;supercat-co-kr;auton-kr
auto-accessories,18,차량용 트렁크 정리함,Car Trunk Organizer,L&C Corporation,30,12000,60,300,33698,trunk organizer;car storage;auto accessory,0,domeggook-com;domema-com;carex-co-kr
auto-accessories,19,차량용 컵홀더,Car Cup Holder,Carment,12,5000,58,80,33698,car cupholder;auto interior;drink holder,0,domeggook-com;sellmoa-com;onchannel-co-kr
auto-accessories,20,차량용 후방 카메라,Car Rear View Camera,i-Road,70,30000,57,200,33698,rear view camera;car camera;parking assist,0,domeggook-com;dometopia-com;supercat-co-kr
auto-accessories,21,차량용 스마트키 케이스,Car Smart Key Case,Hyundai Mobis,25,10000,60,60,33698,smart key case;car key cover;auto accessory,0,domeggook-com;ownerclan-com;auton-kr
auto-accessories,22,차량용 발매트,Car Floor Mat,Neofit,50,20000,60,1000,33698,car floor mat;auto interior;custom fit,0,domeggook-com;domema-com;carex-co-kr
auto-accessories,23,차량용 핸드폰 충전기,Car Phone Charger,Motline,15,6000,60,50,33698,car charger;usb charger;auto accessory,0,domeggook-com;sellmoa-com;onchannel-co-kr
auto-accessories,24,차량용 타이어 공기압 측정기,Car Tire Pressure Gauge,Bullsone,28,11000,61,100,33698,tire gauge;car maintenance;tire pressure,0,domeggook-com;supercat-co-kr;bullsonemall-com-b2b
auto-accessories,25,차량용 헤드업 디스플레이 (HUD),Car Head-Up Display (HUD),Fine Digital,90,40000,55,250,33698,car hud;head up display;auto tech,0,domeggook-com;ownerclan-com;dometopia-com
auto-accessories,26,차량용 사이드 미러 필름,Car Side Mirror Film,Autoclover,10,4000,60,30,33698,side mirror film;rain repellent;car safety,0,domeggook-com;domema-com;auton-kr
auto-accessories,27,차량용 대시보드 커버,Car Dashboard Cover,Neofit,40,16000,60,400,33698,dashboard cover;car interior;sun protection,0,domeggook-com;sellmoa-com;carex-co-kr
auto-accessories,28,차량용 안전벨트 커버,Car Seat Belt Cover,L&C Corporation,15,6000,60,80,33698,seat belt cover;car comfort;auto accessory,0,domeggook-com;supercat-co-kr;onchannel-co-kr
auto-accessories,29,차량용 퓨즈 박스,Car Fuse Box,Hyundai Mobis,22,9000,59,120,33698,car fuse box;auto electrical;replacement part,0,domeggook-com;ownerclan-com;auton-kr
auto-accessories,30,차량용 스티어링 휠 커버,Car Steering Wheel Cover,The Club,25,10000,60,200,33698,steering wheel cover;car interior;auto accessory,0,domeggook-com;dometopia-com;carex-co-kr
drones,1,PABLO AIR 드론 배터리,PABLO AIR Drone Battery,PABLO AIR,80,35000,56,200,179697,pablo air;drone battery;uav parts,0,domeggook-com;ownerclan-com;dji-com-kr
drones,2,Doosan Mobility Innovation 수소 드론,Doosan Mobility Innovation Hydrogen Drone,Doosan Mobility Innovation,5000,2000000,60,5000,179697,hydrogen drone;doosan drone;long endurance uav,0,domeggook-com;dometopia-com;dronestore-co-kr
drones,3,Nearthlab 드론 비행 컨트롤러,Nearthlab Drone Flight Controller,Nearthlab,200,85000,57,150,179697,drone controller;nearthlab;uav electronics,0,domeggook-com;sellmoa-com;funpick-co-kr
drones,4,Byrobot 드론 프로펠러,Byrobot Drone Propeller,Byrobot,20,8000,60,50,179697,drone propeller;byrobot;uav parts,0,domeggook-com;supercat-co-kr;domema-com
drones,5,UCONSYSTEM 드론 카메라 짐벌,UCONSYSTEM Drone Camera Gimbal,UCONSYSTEM,300,120000,60,300,179697,drone gimbal;uconsystem;camera stabilizer,0,domeggook-com;onchannel-co-kr;dji-com-kr
drones,6,Preneu 산업용 드론,Preneu Industrial Drone,Preneu,3000,1200000,60,4000,179697,industrial drone;preneu;heavy lift uav,0,domeggook-com;ownerclan-com;dronestore-co-kr
drones,7,Giant Drone 농업용 드론,Giant Drone Agricultural Drone,Giant Drone,4000,1600000,60,6000,179697,agricultural drone;giant drone;crop spraying,0,domeggook-com;dometopia-com;funpick-co-kr
drones,8,Hojung Solutions 드론 프레임,Hojung Solutions Drone Frame,Hojung Solutions,150,60000,60,500,179697,drone frame;hojung solutions;uav chassis,0,domeggook-com;sellmoa-com;domema-com
drones,9,Hancom Awesome Tech 드론 모터,Hancom Awesome Tech Drone Motor,Hancom Awesome Tech,70,28000,60,100,179697,drone motor;hancom tech;brushless motor,0,domeggook-com;supercat-co-kr;onchannel-co-kr
drones,10,VORASKY 드론 조종기,VORASKY Drone Remote Controller,VORASKY,180,75000,58,350,179697,drone remote;vorasky;rc controller,0,domeggook-com;ownerclan-com;dji-com-kr
drones,11,UVify 레이싱 드론,UVify Racing Drone,UVify,500,200000,60,600,179697,racing drone;uvify;fpv drone,0,domeggook-com;dometopia-com;funpick-co-kr
drones,12,Synerex 드론 랜딩 기어,Synerex Drone Landing Gear,Synerex,40,16000,60,80,179697,drone landing gear;synerex;uav parts,0,domeggook-com;sellmoa-com;domema-com
drones,13,Nam Yang Nexmo 드론 충전기,Nam Yang Nexmo Drone Charger,Nam Yang Nexmo,60,25000,58,250,179697,drone charger;nexmo;lipo charger,0,domeggook-com;supercat-co-kr;onchannel-co-kr
drones,14,Vololand 교육용 드론,Vololand Educational Drone,Vololand,120,50000,58,300,179697,educational drone;vololand;stem toy,0,domeggook-com;ownerclan-com;funpick-co-kr
drones,15,Daeyoung M&S 드론 센서,Daeyoung M&S Drone Sensor,Daeyoung M&S,90,38000,58,70,179697,drone sensor;daeyoung m&s;uav electronics,0,domeggook-com;dometopia-com;dronestore-co-kr
drones,16,미니 드론,Mini Drone,Byrobot,45,18000,60,100,179697,mini drone;toy drone;beginner drone,0,domeggook-com;supercat-co-kr;funpick-co-kr
drones,17,드론 카메라 필터,Drone Camera Filter,UCONSYSTEM,30,12000,60,30,179697,drone filter;camera lens;uav accessory,0,domeggook-com;onchannel-co-kr;dji-com-kr
drones,18,드론 착륙 패드,Drone Landing Pad,Synerex,25,10000,60,150,179697,landing pad;drone accessory;portable pad,0,domeggook-com;sellmoa-com;domema-com
drones,19,드론 가방,Drone Carrying Case,Vololand,50,20000,60,400,179697,drone case;carrying bag;uav storage,0,domeggook-com;ownerclan-com;dronestore-co-kr
drones,20,드론 조종기 스트랩,Drone Remote Controller Strap,VORASKY,15,6000,60,40,179697,controller strap;drone accessory;rc strap,2,domeggook-com;dometopia-com;funpick-co-kr
drones,21,드론 프로펠러 가드,Drone Propeller Guard,Byrobot,18,7000,61,60,179697,propeller guard;drone safety;uav protection,0,domeggook-com;supercat-co-kr;domema-com
drones,22,드론 모터 마운트,Drone Motor Mount,Hancom Awesome Tech,22,9000,59,50,179697,motor mount;drone parts;uav accessory,0,domeggook-com;onchannel-co-kr;dji-com-kr
drones,23,드론 GPS 모듈,Drone GPS Module,Nearthlab,70,28000,60,50,179697,drone gps;uav module;flight sensor,0,domeggook-com;sellmoa-com;funpick-co-kr
drones,24,드론 FPV 고글,Drone FPV Goggles,UVify,250,100000,60,400,179697,fpv goggles;drone racing;video headset,1,domeggook-com;ownerclan-com;dronestore-co-kr
drones,25,드론 랜딩 스키드,Drone Landing Skid,Hojung Solutions,35,14000,60,100,179697,landing skid;drone parts;uav accessory,0,domeggook-com;dometopia-com;domema-com
drones,26,드론 배터리 충전 허브,Drone Battery Charging Hub,PABLO AIR,65,27000,58,180,179697,battery hub;drone charger;multi charger,0,domeggook-com;sellmoa-com;dji-com-kr
drones,27,드론 비행 시뮬레이터,Drone Flight Simulator,Vololand,80,35000,56,250,179697,flight simulator;drone training;rc simulator,0,domeggook-com;supercat-co-kr;funpick-co-kr
drones,28,드론 안테나,Drone Antenna,Nam Yang Nexmo,20,8000,60,30,179697,drone antenna;rc antenna;uav signal,0,domeggook-com;ownerclan-com;onchannel-co-kr
drones,29,드론 비상 착륙 시스템,Drone Emergency Landing System,Doosan Mobility Innovation,400,160000,60,500,179697,emergency landing;drone safety;parachute system,0,domeggook-com;dometopia-com;dronestore-co-kr
drones,30,드론 비행 컨트롤러 케이스,Drone Flight Controller Case,Daeyoung M&S,28,11000,61,80,179697,controller case;drone parts;uav accessory,0,domeggook-com;sellmoa-com;domema-com
k-food,1,Nongshim 신라면 멀티팩,Nongshim Shin Ramyun Multipack,Nongshim,15,6000,60,600,180292,shin ramyun;korean ramen;nongshim,0,domeggook-com;ownerclan-com;sjmall-co-kr
k-food,2,Orion 초코파이,Orion Choco Pie,Orion,12,5000,58,400,180292,choco pie;korean snack;orion,0,domeggook-com;dometopia-com;nhamall-com-b2b
k-food,3,Lotte Wellfood 빼빼로,Lotte Wellfood Pepero,Lotte Wellfood,8,3000,62,150,180292,pepero;korean cookie;lotte,0,domeggook-com;sellmoa-com;cjfreshway-com
k-food,4,Samyang Foods 불닭볶음면,Samyang Foods Buldak Ramen,Samyang Foods,18,7000,61,650,180292,buldak ramen;spicy korean noodles;samyang,0,domeggook-com;supercat-co-kr;sjmall-co-kr
k-food,5,CJ CheilJedang 비비고 만두,CJ CheilJedang Bibigo Dumplings,CJ CheilJedang,25,10000,60,800,180292,bibigo dumplings;korean mandu;cj food,0,domeggook-com;domema-com;cjfreshway-com
k-food,6,Haitai 허니버터칩,Haitai Honey Butter Chip,Haitai,10,4000,60,120,180292,honey butter chip;korean potato chips;haitai,0,domeggook-com;ownerclan-com;nhamall-com-b2b
k-food,7,Crown Confectionery 마이쮸,Crown Confectionery Mychew,Crown Confectionery,7,2800,60,80,180292,mychew;korean candy;crown,0,domeggook-com;dometopia-com;sjmall-co-kr
k-food,8,Ottogi 진라면,Ottogi Jin Ramen,Ottogi,14,5500,61,550,180292,jin ramen;korean instant noodles;ottogi,0,domeggook-com;sellmoa-com;cjfreshway-com
k-food,9,Daesang 종가집 김치,Daesang Jongga Kimchi,Daesang,20,8000,60,500,180292,jongga kimchi;korean fermented cabbage;daesang,0,domeggook-com;supercat-co-kr;nhamall-com-b2b
k-food,10,Pulmuone 냉면,Pulmuone Naengmyeon,Pulmuone,16,6500,59,450,180292,naengmyeon;korean cold noodles;pulmuone,0,domeggook-com;domema-com;sjmall-co-kr
k-food,11,Binggrae 바나나맛우유,Binggrae Banana Milk,Binggrae,10,4000,60,250,180292,banana milk;korean drink;binggrae,0,domeggook-com;ownerclan-com;cjfreshway-com
k-food,12,Dongwon F&B 참치캔,Dongwon F&B Tuna Can,Dongwon F&B,12,5000,58,180,180292,dongwon tuna;korean canned food;tuna fish,0,domeggook-com;dometopia-com;nhamall-com-b2b
k-food,13,Maeil Dairies 상하목장 유기농 우유,Maeil Dairies Sangha Farm Organic Milk,Maeil Dairies,18,7500,58,1000,180292,organic milk;korean dairy;maeil,0,domeggook-com;sellmoa-com;sjmall-co-kr
k-food,14,KIRIN 쌀과자,KIRIN Rice Cracker,KIRIN,9,3500,61,100,180292,rice cracker;korean snack;kirin,0,domeggook-com;supercat-co-kr;cjfreshway-com
k-food,15,Jolly Pong 죠리퐁,Jolly Pong Cereal Snack,Jolly Pong,8,3000,62,150,180292,jolly pong;korean cereal;snack food,0,domeggook-com;domema-com;nhamall-com-b2b
k-food,16,한국 김 세트,Korean Seaweed Snack Set,Daesang,20,8000,60,200,180292,korean seaweed;laver snack;healthy snack,0,domeggook-com;ownerclan-com;sjmall-co-kr
k-food,17,한국 전통 과자 약과,Korean Traditional Yakgwa Cookie,Crown Confectionery,15,6000,60,300,180292,yakgwa;korean cookie;traditional snack,0,domeggook-com;dometopia-com;nhamall-com-b2b
k-food,18,한국 인스턴트 커피 믹스,Korean Instant Coffee Mix,Nongshim,18,7000,61,500,180292,korean coffee mix;instant coffee;maxim coffee,0,domeggook-com;sellmoa-com;cjfreshway-com
k-food,19,한국 라면 컵라면 세트,Korean Instant Cup Noodle Set,Samyang Foods,22,9000,59,700,180292,cup ramen;korean noodles;instant food,0,domeggook-com;supercat-co-kr;sjmall-co-kr
k-food,20,한국 고추장,Korean Gochujang (Chili Paste),CJ CheilJedang,15,6000,60,500,180292,gochujang;korean chili paste;korean sauce,0,domeggook-com;domema-com;cjfreshway-com
k-food,21,한국 떡볶이 밀키트,Korean Tteokbokki Meal Kit,Ottogi,20,8000,60,600,180292,tteokbokki;korean street food;meal kit,0,domeggook-com;ownerclan-com;nhamall-com-b2b
k-food,22,한국 전통차 유자차,Korean Traditional Yuja-cha (Citron Tea),Binggrae,12,5000,58,300,180292,yuja tea;korean citron tea;traditional drink,0,domeggook-com;dometopia-com;sjmall-co-kr
k-food,23,한국 간장,Korean Soy Sauce,Daesang,10,4000,60,500,180292,korean soy sauce;cooking sauce;fermented sauce,0,domeggook-com;sellmoa-com;cjfreshway-com
k-food,24,한국 식혜,Korean Sikhye (Rice Punch),Binggrae,8,3000,62,350,180292,sikhye;korean rice punch;sweet drink,0,domeggook-com;supercat-co-kr;nhamall-com-b2b
k-food,25,한국 김치찌개 양념,Korean Kimchi Jjigae Seasoning,CJ CheilJedang,14,5500,61,200,180292,kimchi jjigae;korean stew;seasoning paste,0,domeggook-com;domema-com;sjmall-co-kr
k-food,26,한국 컵밥,Korean Cupbap (Instant Rice Bowl),CJ CheilJedang,10,4000,60,250,180292,cupbap;korean instant rice;quick meal,0,domeggook-com;ownerclan-com;cjfreshway-com
k-food,27,한국 젤리 스낵,Korean Jelly Snack,Orion,7,2800,60,80,180292,korean jelly;fruit jelly;sweet snack,0,domeggook-com;dometopia-com;nhamall-com-b2b
k-food,28,한국 전통 과자 강정,Korean Traditional Gangjeong Snack,KIRIN,16,6500,59,200,180292,gangjeong;korean puff snack;rice snack,0,domeggook-com;sellmoa-com;sjmall-co-kr
k-food,29,한국 막걸리 (무알콜),Korean Makgeolli (Non-alcoholic),Pulmuone,18,7500,58,750,180292,makgeolli;korean rice wine;non alcoholic,0,domeggook-com;supercat-co-kr;cjfreshway-com
k-food,30,한국 식용유,Korean Cooking Oil,Ottogi,12,5000,58,900,180292,korean cooking oil;sesame oil;perilla oil,0,domeggook-com;domema-com;nhamall-com-b2b
mens-fashion,1,MUSINSA STANDARD 오버사이즈 스웨트셔츠,MUSINSA STANDARD Oversized Sweatshirt,MUSINSA STANDARD,45,22000,55,400,15724,korean streetwear;musinsa;oversized hoodie,0,domeggook-com;sinsangmarket-kr;ownerclan-com
mens-fashion,2,COVERNAT C로고 후드티,COVERNAT C Logo Hoodie,COVERNAT,60,28000,58,450,15724,covernat hoodie;korean fashion;streetwear,0,domeggook-com;sinsangmarket-kr;domema-com
mens-fashion,3,thisisneverthat T-로고 티셔츠,thisisneverthat T-Logo T-shirt,thisisneverthat,35,16000,54,250,15724,thisisneverthat tee;kpop fashion;graphic tee,0,domeggook-com;ownerclan-com;onchannel-co-kr
mens-fashion,4,LMC 베이직 로고 맨투맨,LMC Basic Logo Sweatshirt,LMC,55,26000,56,380,15724,lmc sweatshirt;korean brand;streetwear,0,domeggook-com;sinsangmarket-kr;domema-com
mens-fashion,5,87MM MMLG 후드티,87MM MMLG Hoodie,87MM,65,30000,58,420,15724,87mm hoodie;korean fashion;mmlg,0,domeggook-com;ownerclan-com;onchannel-co-kr
mens-fashion,6,ANDERSSON BELL 시그니처 로고 티셔츠,ANDERSSON BELL Signature Logo T-shirt,ANDERSSON BELL,40,19000,52,280,15724,andersson bell;korean designer;graphic tee,0,domeggook-com;sinsangmarket-kr;domema-com
mens-fashion,7,MAHAGRID 마하그리드 로고 후드티,MAHAGRID Logo Hoodie,MAHAGRID,58,27000,57,430,15724,mahagrid hoodie;korean streetwear;oversized,0,domeggook-com;ownerclan-com;onchannel-co-kr
mens-fashion,8,VIVASTUDIO 시그니처 로고 맨투맨,VIVASTUDIO Signature Logo Sweatshirt,VIVASTUDIO,50,24000,52,390,15724,vivastudio;korean fashion;minimalist,0,domeggook-com;sinsangmarket-kr;domema-com
mens-fashion,9,oioi 시그니처 로고 티셔츠,oioi Signature Logo T-shirt,oioi,38,17000,55,260,15724,oioi;korean brand;graphic tee,0,domeggook-com;ownerclan-com;onchannel-co-kr
mens-fashion,10,NERDY 트랙탑 세트,NERDY Track Top Set,NERDY,120,55000,54,800,15724,nerdy track suit;kpop fashion;athleisure,0,domeggook-com;sinsangmarket-kr;domema-com
mens-fashion,11,BROWN BREATH 로고 그래픽 티셔츠,BROWN BREATH Logo Graphic T-shirt,BROWN BREATH,32,15000,53,240,15724,brown breath;korean streetwear;graphic tee,0,domeggook-com;ownerclan-com;onchannel-co-kr
mens-fashion,12,CRITIC 로고 자수 후드티,CRITIC Logo Embroidered Hoodie,CRITIC,55,26000,56,410,15724,critic hoodie;korean fashion;streetwear,0,domeggook-com;sinsangmarket-kr;domema-com
mens-fashion,13,ESPIONAGE 밀리터리 자켓,ESPIONAGE Military Jacket,ESPIONAGE,90,40000,55,700,57988,espionage jacket;korean military;outerwear,0,domeggook-com;ownerclan-com;onchannel-co-kr
mens-fashion,14,ISTKUNST 유니버시티 로고 스웨트셔츠,ISTKUNST University Logo Sweatshirt,ISTKUNST,48,23000,52,370,15724,istkunst;korean college;sweatshirt,0,domeggook-com;sinsangmarket-kr;domema-com
mens-fashion,15,MARK GONZALES 엔젤 로고 티셔츠,MARK GONZALES Angel Logo T-shirt,MARK GONZALES,30,14000,53,230,15724,mark gonzales;korean skate;angel logo,0,domeggook-com;ownerclan-com;onchannel-co-kr
mens-fashion,16,MUSINSA STANDARD 와이드핏 데님 팬츠,MUSINSA STANDARD Wide Fit Denim Pants,MUSINSA STANDARD,70,32000,54,600,11494,korean denim;wide leg jeans;musinsa,0,domeggook-com;sinsangmarket-kr;ownerclan-com
mens-fashion,17,COVERNAT 코듀로이 셔츠,COVERNAT Corduroy Shirt,COVERNAT,65,30000,54,480,57991,covernat shirt;korean fashion;corduroy,0,domeggook-com;sinsangmarket-kr;domema-com
mens-fashion,18,thisisneverthat 고어텍스 자켓,thisisneverthat Gore-Tex Jacket,thisisneverthat,150,70000,53,750,57988,goretex jacket;korean outdoor;thisisneverthat,0,domeggook-com;ownerclan-com;onchannel-co-kr
mens-fashion,19,LMC 카고 팬츠,LMC Cargo Pants,LMC,80,38000,53,550,11494,lmc cargo;korean streetwear;utility pants,0,domeggook-com;sinsangmarket-kr;domema-com
mens-fashion,20,87MM 니트 가디건,87MM Knit Cardigan,87MM,95,45000,52,500,57991,87mm cardigan;korean knitwear;mmlg,0,domeggook-com;ownerclan-com;onchannel-co-kr
mens-fashion,21,ANDERSSON BELL 울 블렌드 코트,ANDERSSON BELL Wool Blend Coat,ANDERSSON BELL,200,90000,55,1200,57988,andersson bell coat;korean designer;winter coat,0,domeggook-com;sinsangmarket-kr;domema-com
mens-fashion,22,MAHAGRID 볼캡,MAHAGRID Ball Cap,MAHAGRID,30,13000,57,150,175780,mahagrid cap;korean hat;ballcap,0,domeggook-com;ownerclan-com;onchannel-co-kr
mens-fashion,23,VIVASTUDIO 레더 자켓,VIVASTUDIO Leather Jacket,VIVASTUDIO,180,80000,55,1000,57988,vivastudio leather;korean jacket;biker jacket,0,domeggook-com;sinsangmarket-kr;domema-com
mens-fashion,24,oioi 스니커즈,oioi Sneakers,oioi,75,35000,53,800,93427,oioi shoes;korean sneakers;casual shoes,0,domeggook-com;ownerclan-com;onchannel-co-kr
mens-fashion,25,NERDY 롱패딩,NERDY Long Padded Jacket,NERDY,160,75000,53,1500,57988,nerdy padding;korean winter coat;long puffer,0,domeggook-com;sinsangmarket-kr;domema-com
mens-fashion,26,남성용 데일리 스니커즈,Men's Daily Sneakers,MUSINSA STANDARD,50,23000,54,700,93427,korean sneakers;mens casual shoes;daily wear,0,domeggook-com;ownerclan-com;sinsangmarket-kr
mens-fashion,27,남성용 캐주얼 백팩,Men's Casual Backpack,COVERNAT,60,28000,53,600,175780,korean backpack;mens bag;school bag,0,domeggook-com;domema-com;onchannel-co-kr
mens-fashion,28,남성용 레더 지갑,Men's Leather Wallet,thisisneverthat,40,18000,55,100,175780,korean wallet;mens leather;card holder,0,domeggook-com;ownerclan-com;sellmoa-com
mens-fashion,29,남성용 베이직 양말 세트,Men's Basic Socks Set,LMC,20,8000,60,120,175780,korean socks;mens socks;basic socks,0,domeggook-com;dometopia-com;supercat-co-kr
mens-fashion,30,남성용 미니멀 시계,Men's Minimalist Watch,87MM,70,30000,57,200,31387,korean watch;mens minimalist;fashion watch,0,domeggook-com;ownerclan-com;onchannel-co-kr
k-beauty-haircare,1,Dr.FORHAIR 폴리젠 샴푸,Dr.FORHAIR Folligen Shampoo,Dr.FORHAIR,25,11000,56,500,183471,dr forhair;folligen shampoo;korean hair loss,0,domeggook-com;ownerclan-com;memebox-com-b2b
k-beauty-haircare,2,KUNDAL 허니 앤 마카다미아 샴푸,KUNDAL Honey & Macadamia Shampoo,KUNDAL,18,8000,55,500,183471,kundal shampoo;korean haircare;honey macadamia,0,domeggook-com;dometopia-com;lgcare-com-b2b
k-beauty-haircare,3,Mise-en-scène 퍼펙트 세럼,Mise-en-scène Perfect Serum,Mise-en-scène,12,5000,58,150,183471,mise en scene;hair serum;korean hair oil,0,domeggook-com;amorepacific-com-kr-ko-b2b;ownerclan-com
k-beauty-haircare,4,Lador 필업 앰플,Lador Fill-Up Ampoule,Lador,15,6500,57,100,183471,lador ampoule;hair treatment;korean salon,0,domeggook-com;memebox-com-b2b;onchannel-co-kr
k-beauty-haircare,5,Amos Professional 더마 스칼프 팩,Amos Professional Derma Scalp Pack,Amos Professional,30,13000,57,300,183471,amos professional;scalp treatment;korean salon,0,domeggook-com;amorepacific-com-kr-ko-b2b;ownerclan-com
k-beauty-haircare,6,UNOVE 딥 데미지 트리트먼트,UNOVE Deep Damage Treatment,UNOVE,22,9500,57,250,183471,unove treatment;deep damage;korean hair mask,0,domeggook-com;lgcare-com-b2b;dometopia-com
k-beauty-haircare,7,Dr. Groot 탈모 증상 완화 샴푸,Dr. Groot Anti-Hair Loss Shampoo,Dr. Groot,28,12000,57,480,183471,dr groot;hair loss shampoo;korean anti-hair loss,0,domeggook-com;lgcare-com-b2b;ownerclan-com
k-beauty-haircare,8,Daeng Gi Meo Ri 진기 샴푸,Daeng Gi Meo Ri Jin Gi Shampoo,Daeng Gi Meo Ri,35,15000,57,500,183471,daeng gi meo ri;herbal shampoo;korean traditional,0,domeggook-com;domema-com;sellmoa-com
k-beauty-haircare,9,LABO-H 프로바이오틱스 헤어 로스 샴푸,LABO-H Probiotics Hair Loss Shampoo,LABO-H,27,11500,57,450,183471,labo h;probiotics shampoo;korean hair loss,0,domeggook-com;amorepacific-com-kr-ko-b2b;ownerclan-com
k-beauty-haircare,10,Nature Republic 아르간 에센셜 딥 케어 샴푸,Nature Republic Argan Essential Deep Care Shampoo,Nature Republic,16,7000,56,500,183471,nature republic;argan shampoo;korean haircare,0,domeggook-com;memebox-com-b2b;dometopia-com
k-beauty-haircare,11,Innisfree 마이 헤어 레시피 리프레싱 샴푸,Innisfree My Hair Recipe Refreshing Shampoo,Innisfree,19,8500,55,400,183471,innisfree shampoo;korean scalp care;refreshing,0,domeggook-com;amorepacific-com-kr-ko-b2b;ownerclan-com
k-beauty-haircare,12,Etude House 0.2 테라피 에어 마스크,Etude House 0.2 Therapy Air Mask,Etude House,1.5,600,60,30,183471,etude house;hair mask;korean sheet mask,0,domeggook-com;amorepacific-com-kr-ko-b2b;memebox-com-b2b
k-beauty-haircare,13,Holika Holika 알로에 99% 수딩젤,Holika Holika Aloe 99% Soothing Gel,Holika Holika,10,4000,60,300,183471,holika holika;aloe vera gel;korean soothing,0,domeggook-com;memebox-com-b2b;dometopia-com
k-beauty-haircare,14,Anillo 헤어 오일,Anillo Hair Oil,Anillo,20,9000,55,120,183471,anillo hair oil;korean hair treatment;shine serum,0,domeggook-com;ownerclan-com;onchannel-co-kr
k-beauty-haircare,15,Seapuri 씨솔트 스칼프 스크럽,Seapuri Sea Salt Scalp Scrub,Seapuri,24,10000,58,200,183471,seapuri;scalp scrub;korean detox,0,domeggook-com;memebox-com-b2b;sellmoa-com
k-beauty-haircare,16,Dr.FORHAIR 피토테라피 샴푸,Dr.FORHAIR Phytotherapy Shampoo,Dr.FORHAIR,23,10000,56,480,183471,dr forhair;phytotherapy;korean natural shampoo,0,domeggook-com;ownerclan-com;memebox-com-b2b
k-beauty-haircare,17,KUNDAL 울트라 헤어 세럼,KUNDAL Ultra Hair Serum,KUNDAL,15,6500,57,120,183471,kundal serum;hair oil;korean hair essence,0,domeggook-com;dometopia-com;lgcare-com-b2b
k-beauty-haircare,18,Mise-en-scène 살롱 플러스 클리닉 10 트리트먼트,Mise-en-scène Salon Plus Clinic 10 Treatment,Mise-en-scène,14,6000,57,200,183471,mise en scene;hair clinic;korean treatment,0,domeggook-com;amorepacific-com-kr-ko-b2b;ownerclan-com
k-beauty-haircare,19,Lador 케라틴 LPP 샴푸,Lador Keratin LPP Shampoo,Lador,20,8500,58,400,183471,lador keratin;protein shampoo;korean hair repair,0,domeggook-com;memebox-com-b2b;onchannel-co-kr
k-beauty-haircare,20,Amos Professional 컬링 에센스 2X,Amos Professional Curling Essence 2X,Amos Professional,26,11000,58,180,183471,amos professional;curling essence;korean hair styling,0,domeggook-com;amorepacific-com-kr-ko-b2b;ownerclan-com
k-beauty-haircare,21,UNOVE 히팅 가드 노 워시 트리트먼트,UNOVE Heating Guard No-Wash Treatment,UNOVE,19,8000,58,150,183471,unove no wash;heat protectant;korean hair care,0,domeggook-com;lgcare-com-b2b;dometopia-com
k-beauty-haircare,22,Dr. Groot 마이크로 바이옴 스칼프 앰플,Dr. Groot Microbiome Scalp Ampoule,Dr. Groot,32,14000,56,100,183471,dr groot;scalp ampoule;korean microbiome,0,domeggook-com;lgcare-com-b2b;ownerclan-com
k-beauty-haircare,23,Daeng Gi Meo Ri 골드 스페셜 샴푸,Daeng Gi Meo Ri Gold Special Shampoo,Daeng Gi Meo Ri,40,17000,57,500,183471,daeng gi meo ri;gold shampoo;korean herbal,0,domeggook-com;domema-com;sellmoa-com
k-beauty-haircare,24,LABO-H 프로바이오틱스 트리트먼트,LABO-H Probiotics Treatment,LABO-H,25,10500,58,250,183471,labo h;probiotics treatment;korean scalp care,0,domeggook-com;amorepacific-com-kr-ko-b2b;ownerclan-com
k-beauty-haircare,25,Nature Republic 아르간 에센셜 딥 케어 헤어팩,Nature Republic Argan Essential Deep Care Hair Pack,Nature Republic,17,7500,56,200,183471,nature republic;argan hair pack;korean deep conditioning,0,domeggook-com;memebox-com-b2b;dometopia-com
k-beauty-haircare,26,한국산 두피 진정 토너,Korean Scalp Soothing Toner,Innisfree,20,9000,55,180,183471,korean scalp toner;soothing care;hair treatment,0,domeggook-com;amorepacific-com-kr-ko-b2b;ownerclan-com
k-beauty-haircare,27,한국산 헤어 볼륨 스프레이,Korean Hair Volume Spray,Etude House,15,6500,57,150,183471,korean volume spray;hair styling;root lift,0,domeggook-com;amorepacific-com-kr-ko-b2b;memebox-com-b2b
k-beauty-haircare,28,한국산 염색모 보호 샴푸,Korean Color Protect Shampoo,Holika Holika,18,8000,55,450,183471,korean color shampoo;color care;hair protection,0,domeggook-com;memebox-com-b2b;dometopia-com
k-beauty-haircare,29,한국산 두피 쿨링 에센스,Korean Scalp Cooling Essence,Anillo,22,9500,57,100,183471,korean scalp essence;cooling effect;hair tonic,0,domeggook-com;ownerclan-com;onchannel-co-kr
k-beauty-haircare,30,한국산 탈모 케어 컨디셔너,Korean Hair Loss Care Conditioner,Seapuri,26,11000,58,400,183471,korean hair loss conditioner;anti-hairfall;scalp care,0,domeggook-com;memebox-com-b2b;sellmoa-com
k-stationery,1,Monami 153 볼펜 세트,Monami 153 Ballpoint Pen Set,Monami,10,4000,60,80,185038,monami pen;korean stationery;ballpoint pen,0,domeggook-com;morningglory-co-kr-b2b;1000za-kr
k-stationery,2,Morning Glory 캐릭터 다이어리,Morning Glory Character Diary,Morning Glory,18,8000,55,250,185038,morning glory;korean diary;character journal,0,domeggook-com;morningglory-co-kr-b2b;ownerclan-com
k-stationery,3,ARTBOX 동물 캐릭터 스티커,ARTBOX Animal Character Stickers,ARTBOX,8,3000,62,50,185038,artbox stickers;korean deco;animal stickers,0,domeggook-com;artbox-co-kr-b2b;dometopia-com
k-stationery,4,ICONIC 플래너,ICONIC Planner,ICONIC,25,11000,56,300,185038,iconic planner;korean planner;yearly agenda,0,domeggook-com;ownerclan-com;onchannel-co-kr
k-stationery,5,Paperian 그리드 노트,Paperian Grid Notebook,Paperian,12,5000,58,200,185038,paperian notebook;korean grid;bullet journal,0,domeggook-com;1000za-kr;domema-com
k-stationery,6,Dailylike 패브릭 스티커,Dailylike Fabric Stickers,Dailylike,9,3500,61,40,185038,dailylike stickers;korean fabric;deco stickers,0,domeggook-com;artbox-co-kr-b2b;supercat-co-kr
k-stationery,7,Indigo 여행 스크랩북,Indigo Travel Scrapbook,Indigo,22,9500,57,350,185038,indigo scrapbook;korean travel;memory book,0,domeggook-com;ownerclan-com;onchannel-co-kr
k-stationery,8,ROMANE 브런치 브라더스 펜 케이스,ROMANE Brunch Brothers Pen Case,ROMANE,15,6000,60,100,185038,romane pen case;brunch brothers;korean pencil case,0,domeggook-com;artbox-co-kr-b2b;dometopia-com
k-stationery,9,Appree 압화 스티커,Appree Pressed Flower Stickers,Appree,10,4000,60,30,185038,appree stickers;pressed flower;korean nature,0,domeggook-com;1000za-kr;sellmoa-com
k-stationery,10,Be on D 다이어리 꾸미기 스티커,Be on D Diary Deco Stickers,Be on D,7,2500,64,20,185038,be on d;deco stickers;korean diary decor,0,domeggook-com;artbox-co-kr-b2b;supercat-co-kr
k-stationery,11,Plepic 만년형 다이어리,Plepic Undated Planner,Plepic,20,8500,58,280,185038,plepic planner;undated diary;korean stationery,0,domeggook-com;ownerclan-com;onchannel-co-kr
k-stationery,12,7321DESIGN 이상한 나라의 앨리스 노트,7321DESIGN Alice in Wonderland Notebook,7321DESIGN,14,5500,60,180,185038,7321design;alice notebook;korean fantasy,0,domeggook-com;artbox-co-kr-b2b;dometopia-com
k-stationery,13,NACOO 컬러 젤펜 세트,NACOO Color Gel Pen Set,NACOO,16,7000,56,120,185038,nacoo gel pens;korean color pens;stationery set,0,domeggook-com;1000za-kr;sellmoa-com
k-stationery,14,fromable 마스킹 테이프 세트,fromable Masking Tape Set,fromable,11,4500,59,60,185038,fromable washi;korean masking tape;deco tape,0,domeggook-com;artbox-co-kr-b2b;supercat-co-kr
k-stationery,15,MOTEMOTE 체크리스트 플래너,MOTEMOTE Checklist Planner,MOTEMOTE,13,5000,61,150,185038,motemote planner;checklist notebook;korean study,0,domeggook-com;ownerclan-com;onchannel-co-kr
k-stationery,16,Monami 라이브 컬러 펜,Monami Live Color Pen,Monami,8,3000,62,70,185038,monami live color;korean marker;dual tip pen,0,domeggook-com;morningglory-co-kr-b2b;1000za-kr
k-stationery,17,Morning Glory 캐릭터 지우개,Morning Glory Character Eraser,Morning Glory,5,1800,64,30,185038,morning glory;korean eraser;cute stationery,0,domeggook-com;morningglory-co-kr-b2b;ownerclan-com
k-stationery,18,ARTBOX 데스크 오거나이저,ARTBOX Desk Organizer,ARTBOX,28,12000,57,400,185038,artbox organizer;korean desk decor;stationery storage,0,domeggook-com;artbox-co-kr-b2b;dometopia-com
k-stationery,19,ICONIC 스티커 북,ICONIC Sticker Book,ICONIC,16,7000,56,100,185038,iconic stickers;korean sticker book;deco journal,0,domeggook-com;ownerclan-com;onchannel-co-kr
k-stationery,20,Paperian 컬러 인덱스 스티커,Paperian Color Index Stickers,Paperian,6,2200,63,20,185038,paperian index;korean tab stickers;planner accessories,0,domeggook-com;1000za-kr;domema-com
k-stationery,21,Dailylike 마스킹 테이프 디스펜서,Dailylike Masking Tape Dispenser,Dailylike,12,5000,58,80,185038,dailylike dispenser;korean tape holder;washi organizer,0,domeggook-com;artbox-co-kr-b2b;supercat-co-kr
k-stationery,22,Indigo 북마크 세트,Indigo Bookmark Set,Indigo,9,3500,61,40,185038,indigo bookmark;korean book accessories;reading gift,0,domeggook-com;ownerclan-com;onchannel-co-kr
k-stationery,23,ROMANE 브런치 브라더스 노트,ROMANE Brunch Brothers Notebook,ROMANE,11,4500,59,150,185038,romane notebook;brunch brothers;korean character,0,domeggook-com;artbox-co-kr-b2b;dometopia-com
k-stationery,24,Appree 식물 모티브 스티커,Appree Plant Motif Stickers,Appree,8,3000,62,25,185038,appree stickers;plant deco;korean nature,0,domeggook-com;1000za-kr;sellmoa-com
k-stationery,25,Be on D 스터디 플래너,Be on D Study Planner,Be on D,18,8000,55,250,185038,be on d planner;korean study;academic planner,0,domeggook-com;artbox-co-kr-b2b;supercat-co-kr
k-stationery,26,한국산 캐릭터 볼펜,Korean Character Ballpoint Pen,Monami,7,2500,64,30,185038,korean character pen;cute pen;stationery gift,0,domeggook-com;morningglory-co-kr-b2b;1000za-kr
k-stationery,27,한국산 다이어리 꾸미기 스티커,Korean Diary Decoration Stickers,Morning Glory,6,2000,66,20,185038,korean deco stickers;diary supplies;journal stickers,0,domeggook-com;artbox-co-kr-b2b;dometopia-com
k-stationery,28,한국산 미니 노트 세트,Korean Mini Notebook Set,ARTBOX,10,4000,60,100,185038,korean mini notebook;pocket journal;cute stationery,0,domeggook-com;ownerclan-com;onchannel-co-kr
k-stationery,29,한국산 컬러 마스킹 테이프,Korean Color Masking Tape,ICONIC,5,1800,64,30,185038,korean washi tape;color tape;craft supplies,0,domeggook-com;1000za-kr;sellmoa-com
k-stationery,30,한국산 데스크 캘린더,Korean Desk Calendar,Paperian,15,6500,57,200,185038,korean calendar;desk planner;yearly calendar,0,domeggook-com;ownerclan-com;domema-com
webtoon-goods,1,Naver Webtoon 여신강림 피규어,Naver Webtoon True Beauty Figure,Naver Webtoon,45,20000,55,300,246,true beauty;webtoon figure;korean webtoon,0,domeggook-com;store-kakaofriends-com-b2b
webtoon-goods,2,Kakao Webtoon 나 혼자만 레벨업 아크릴 스탠드,Kakao Webtoon Solo Leveling Acrylic Stand,Kakao Webtoon,30,13000,57,150,246,solo leveling;webtoon stand;korean manhwa,0,domeggook-com;store-kakaofriends-com-b2b
webtoon-goods,3,Toonique 전지적 독자 시점 굿즈 세트,Toonique Omniscient Reader's Viewpoint Goods Set,Toonique,60,28000,53,400,246,omniscient reader;webtoon merch;korean novel,0,domeggook-com
webtoon-goods,4,Webtoon Friends 신의 탑 캐릭터 인형,Webtoon Friends Tower of God Character Plush,Webtoon Friends,35,15000,57,250,246,tower of god;webtoon plush;korean anime,0,domeggook-com;store-linefriends-com-b2b;supercat-co-kr
webtoon-goods,5,D&C Webtoon Biz 어공주 폰케이스,D&C Webtoon Biz Who Made Me a Princess Phone Case,D&C Webtoon Biz,25,10000,60,80,246,who made me a princess;webtoon phone case;korean rofan,0,domeggook-com;ownerclan-com;dometopia-com
webtoon-goods,6,MOFUN 마법스크롤 상인 지오 텀블러,MOFUN Geo the Merchant of Magic Scrolls Tumbler,MOFUN,28,12000,57,200,246,geo the merchant;webtoon tumbler;korean fantasy,0,domeggook-com;onchannel-co-kr
webtoon-goods,7,C&C Revolution 화산귀환 키링,C&C Revolution Return of the Mount Hua Sect Keychain,C&C Revolution,18,7500,58,50,246,return of mount hua;webtoon keychain;korean wuxia,0,domeggook-com;sellmoa-com;supercat-co-kr
webtoon-goods,8,Copinstore 백작가의 망나니가 되었다 엽서 세트,Copinstore Lout of Count's Family Postcard Set,Copinstore,15,6000,60,100,246,lout of count;webtoon postcard;korean novel,0,domeggook-com;dometopia-com;ownerclan-com
webtoon-goods,9,Moremall 내 남편과 결혼해줘 포스터,Moremall Marry My Husband Poster,Moremall,20,8500,58,120,246,marry my husband;webtoon poster;korean drama,0,domeggook-com;onchannel-co-kr
webtoon-goods,10,Goodsme 어글리후드 스티커 팩,Goodsme Uglyhood Sticker Pack,Goodsme,10,4000,60,30,246,uglyhood;webtoon stickers;korean webcomic,0,domeggook-com;supercat-co-kr;sellmoa-com
webtoon-goods,11,Toon-D 데뷔 못 하면 죽는 병 걸림 뱃지,Toon-D Debut or Die Badge,Toon-D,12,5000,58,40,246,debut or die;webtoon badge;korean idol,0,domeggook-com;ownerclan-com
webtoon-goods,12,Whosfan Store 뷰티풀 군바리 머그컵,Whosfan Store Beautiful Gumbary Mug,Whosfan Store,22,9000,59,350,246,beautiful gumbary;webtoon mug;korean military,0,domeggook-com;dometopia-com
webtoon-goods,13,Aniplus 갓 오브 하이스쿨 티셔츠,Aniplus God of High School T-shirt,Aniplus,38,17000,55,250,246,god of high school;webtoon t-shirt;korean anime,0,domeggook-com;onchannel-co-kr;supercat-co-kr
webtoon-goods,14,Animate 싸움독학 마우스패드,Animate How to Fight Mousepad,Animate,17,7000,59,100,246,how to fight;webtoon mousepad;korean action,0,domeggook-com;sellmoa-com;ownerclan-com
webtoon-goods,15,K-Toon 재혼 황후 렌티큘러 카드,K-Toon The Remarried Empress Lenticular Card,K-Toon,14,5500,60,30,246,remarried empress;webtoon card;korean rofan,0,domeggook-com
webtoon-goods,16,Naver Webtoon 외모지상주의 폰 스트랩,Naver Webtoon Lookism Phone Strap,Naver Webtoon,15,6000,60,40,246,lookism;webtoon phone strap;korean webtoon,0,domeggook-com;store-kakaofriends-com-b2b
webtoon-goods,17,Kakao Webtoon 나 혼자만 레벨업 만화책,Kakao Webtoon Solo Leveling Comic Book,Kakao Webtoon,25,10000,60,400,246,solo leveling comic;webtoon book;korean manhwa,0,domeggook-com;store-kakaofriends-com-b2b
webtoon-goods,18,Toonique 전지적 독자 시점 담요,Toonique Omniscient Reader's Viewpoint Blanket,Toonique,50,22000,56,800,246,omniscient reader;webtoon blanket;korean novel,0,domeggook-com
webtoon-goods,19,Webtoon Friends 신의 탑 에코백,Webtoon Friends Tower of God Eco Bag,Webtoon Friends,20,8500,58,150,246,tower of god;webtoon eco bag;korean anime,0,domeggook-com;store-linefriends-com-b2b;supercat-co-kr
webtoon-goods,20,D&C Webtoon Biz 어공주 스크랩북,D&C Webtoon Biz Who Made Me a Princess Scrapbook,D&C Webtoon Biz,28,12000,57,300,246,who made me a princess;webtoon scrapbook;korean rofan,0,domeggook-com;ownerclan-com;dometopia-com
webtoon-goods,21,MOFUN 마법스크롤 상인 지오 폰 그립톡,MOFUN Geo the Merchant of Magic Scrolls Phone Grip Tok,MOFUN,18,7500,58,50,246,geo the merchant;webtoon grip tok;korean fantasy,0,domeggook-com;onchannel-co-kr
webtoon-goods,22,C&C Revolution 화산귀환 아크릴 키링,C&C Revolution Return of the Mount Hua Sect Acrylic Keychain,C&C Revolution,20,8500,58,60,246,return of mount hua;webtoon acrylic;korean wuxia,0,domeggook-com;sellmoa-com;supercat-co-kr
webtoon-goods,23,Copinstore 백작가의 망나니가 되었다 텀블러,Copinstore Lout of Count's Family Tumbler,Copinstore,30,13000,57,250,246,lout of count;webtoon tumbler;korean novel,0,domeggook-com;dometopia-com;ownerclan-com
webtoon-goods,24,Moremall 내 남편과 결혼해줘 뱃지 세트,Moremall Marry My Husband Badge Set,Moremall,16,6500,59,50,246,marry my husband;webtoon badge;korean drama,0,domeggook-com;onchannel-co-kr
webtoon-goods,25,Goodsme 어글리후드 아크릴 키링,Goodsme Uglyhood Acrylic Keychain,Goodsme,18,7500,58,60,246,uglyhood;webtoon keychain;korean webcomic,0,domeggook-com;supercat-co-kr;sellmoa-com
webtoon-goods,26,인기 웹툰 캐릭터 스티커,Popular Webtoon Character Stickers,Naver Webtoon,8,3000,62,30,246,webtoon stickers;korean webcomic;character deco,0,domeggook-com;store-kakaofriends-com-b2b
webtoon-goods,27,웹툰 주인공 일러스트 엽서,Webtoon Protagonist Illustration Postcard,Kakao Webtoon,10,4000,60,50,246,webtoon postcard;korean illustration;manhwa art,0,domeggook-com;store-kakaofriends-com-b2b
webtoon-goods,28,웹툰 명대사 폰케이스,Webtoon Famous Quote Phone Case,Toonique,22,9000,59,80,246,webtoon phone case;korean quotes;manhwa merch,0,domeggook-com;ownerclan-com;dometopia-com
webtoon-goods,29,웹툰 캐릭터 미니 피규어,Webtoon Character Mini Figure,Webtoon Friends,18,7500,58,100,246,webtoon mini figure;korean character;collectible,0,domeggook-com;store-linefriends-com-b2b;supercat-co-kr
webtoon-goods,30,웹툰 OST 앨범,Webtoon OST Album,D&C Webtoon Biz,35,15000,57,200,246,webtoon ost;korean soundtrack;manhwa music,0,domeggook-com;onchannel-co-kr
camping-gear,1,Helinox 체어원,Helinox Chair One,Helinox,120,55000,54,900,16036,helinox chair;camping chair;lightweight gear,0,domeggook-com;campingtrunk-com;kovea-co-kr-b2b
camping-gear,2,Kovea 큐브 가스 스토브,Kovea Cube Gas Stove,Kovea,50,23000,54,800,16036,kovea stove;camping stove;portable cooker,0,domeggook-com;kovea-co-kr-b2b;ownerclan-com
camping-gear,3,Minimal Works 파프리카 쉘터,Minimal Works Paprika Shelter,Minimal Works,300,130000,57,3000,16036,minimal works;camping shelter;outdoor tent,0,domeggook-com;campingtrunk-com;domema-com
camping-gear,4,Snowline 큐브 익스팬더 테이블,Snowline Cube Expander Table,Snowline,80,38000,53,1500,16036,snowline table;camping table;portable furniture,0,domeggook-com;ownerclan-com;onchannel-co-kr
camping-gear,5,Kazmi KZM 캠핑 릴렉스 체어,Kazmi KZM Camping Relax Chair,Kazmi,70,32000,54,2000,16036,kazmi chair;relax chair;outdoor seating,0,domeggook-com;kovea-co-kr-b2b;sellmoa-com
camping-gear,6,BLACKYAK 텐트,BLACKYAK Tent,BLACKYAK,250,110000,56,4000,16036,blackyak tent;camping tent;outdoor shelter,0,domeggook-com;campingtrunk-com;domema-com
camping-gear,7,Kolon Sport 등산 스틱,Kolon Sport Trekking Poles,Kolon Sport,60,28000,53,400,16036,kolon sport;trekking poles;hiking gear,0,domeggook-com;ownerclan-com;onchannel-co-kr
camping-gear,8,CAYL 백팩,CAYL Backpack,CAYL,150,70000,53,800,16036,cayl backpack;hiking backpack;outdoor bag,0,domeggook-com;campingtrunk-com;supercat-co-kr
camping-gear,9,Jeep 캠핑 랜턴,Jeep Camping Lantern,Jeep,40,18000,55,300,16036,jeep lantern;camping light;outdoor lighting,0,domeggook-com;kovea-co-kr-b2b;dometopia-com
camping-gear,10,Northpeak 침낭,Northpeak Sleeping Bag,Northpeak,90,40000,55,1200,16036,northpeak sleeping bag;camping sleeping bag;outdoor bedding,0,domeggook-com;ownerclan-com;onchannel-co-kr
camping-gear,11,Claymore 캠핑 선풍기,Claymore Camping Fan,Claymore,65,30000,54,500,16036,claymore fan;camping fan;portable fan,0,domeggook-com;campingtrunk-com;domema-com
camping-gear,12,Zerogram 백패킹 텐트,Zerogram Backpacking Tent,Zerogram,400,180000,55,1500,16036,zerogram tent;backpacking tent;ultralight tent,0,domeggook-com;ownerclan-com;onchannel-co-kr
camping-gear,13,Abénakis 캠핑 매트,Abénakis Camping Mat,Abénakis,55,25000,55,700,16036,abenakis mat;camping pad;sleeping mat,0,domeggook-com;kovea-co-kr-b2b;sellmoa-com
camping-gear,14,Buffalo 캠핑 테이블,Buffalo Camping Table,Buffalo,75,35000,53,2500,16036,buffalo table;outdoor table;portable table,0,domeggook-com;dometopia-com;ownerclan-com
camping-gear,15,Zed 캠핑 해먹,Zed Camping Hammock,Zed,45,20000,55,600,16036,zed hammock;camping hammock;outdoor relaxation,0,domeggook-com;campingtrunk-com;domema-com
camping-gear,16,Helinox 테이블원,Helinox Table One,Helinox,100,45000,55,700,16036,helinox table;camping table;lightweight table,0,domeggook-com;campingtrunk-com;kovea-co-kr-b2b
camping-gear,17,Kovea 알파인 마스터 가스 스토브,Kovea Alpine Master Gas Stove,Kovea,70,32000,54,600,16036,kovea stove;alpine master;backpacking stove,0,domeggook-com;kovea-co-kr-b2b;ownerclan-com
camping-gear,18,Minimal Works 에디슨 랜턴,Minimal Works Edison Lantern,Minimal Works,40,18000,55,200,16036,minimal works;edison lantern;camping light,0,domeggook-com;campingtrunk-com;domema-com
camping-gear,19,Snowline 캠핑 코펠 세트,Snowline Camping Cookware Set,Snowline,95,42000,56,1000,16036,snowline cookware;camping pot set;outdoor cooking,0,domeggook-com;ownerclan-com;onchannel-co-kr
camping-gear,20,Kazmi KZM 캠핑 침대,Kazmi KZM Camping Cot,Kazmi,110,50000,54,3000,16036,kazmi cot;camping bed;portable cot,0,domeggook-com;kovea-co-kr-b2b;sellmoa-com
camping-gear,21,BLACKYAK 등산화,BLACKYAK Hiking Boots,BLACKYAK,130,60000,54,1000,16036,blackyak boots;hiking shoes;outdoor footwear,0,domeggook-com;campingtrunk-com;domema-com
camping-gear,22,Kolon Sport 캠핑 의자,Kolon Sport Camping Chair,Kolon Sport,85,38000,55,1800,16036,kolon sport chair;outdoor chair;portable chair,0,domeggook-com;ownerclan-com;onchannel-co-kr
camping-gear,23,CAYL 등산 모자,CAYL Hiking Hat,CAYL,35,15000,57,100,16036,cayl hat;hiking hat;outdoor headwear,0,domeggook-com;campingtrunk-com;supercat-co-kr
camping-gear,24,Jeep 캠핑 컵 세트,Jeep Camping Cup Set,Jeep,30,13000,57,200,16036,jeep cups;camping mugs;outdoor tableware,0,domeggook-com;kovea-co-kr-b2b;dometopia-com
camping-gear,25,Northpeak 캠핑 침낭 라이너,Northpeak Camping Sleeping Bag Liner,Northpeak,40,18000,55,300,16036,northpeak liner;sleeping bag liner;camping accessory,0,domeggook-com;ownerclan-com;onchannel-co-kr
camping-gear,26,한국산 휴대용 캠핑 테이블,Korean Portable Camping Table,Helinox,60,28000,53,1000,16036,portable camping table;korean outdoor;lightweight table,0,domeggook-com;campingtrunk-com;kovea-co-kr-b2b
camping-gear,27,한국산 미니 캠핑 랜턴,Korean Mini Camping Lantern,Kovea,30,13000,57,150,16036,mini camping lantern;korean light;portable lamp,0,domeggook-com;kovea-co-kr-b2b;ownerclan-com
camping-gear,28,한국산 캠핑용 접이식 의자,Korean Folding Camping Chair,Minimal Works,45,20000,55,1200,16036,folding camping chair;korean outdoor seat;compact chair,0,domeggook-com;campingtrunk-com;domema-com
camping-gear,29,한국산 캠핑용 컵 세트,Korean Camping Cup Set,Snowline,25,10000,60,300,16036,camping cup set;korean tableware;outdoor mugs,0,domeggook-com;ownerclan-com;onchannel-co-kr
camping-gear,30,한국산 휴대용 캠핑 버너,Korean Portable Camping Burner,Kazmi,35,15000,57,400,16036,portable camping burner;korean stove;outdoor cooking,0,domeggook-com;kovea-co-kr-b2b;sellmoa-com
golf-gear,1,볼빅 비비드 골프공,Volvik Vivid Golf Balls,볼빅,35.99,18000,49,450,18349,volvik;golf balls;korean golf,0,domeggook-com;golfzonmarket-com;golfing-kr
golf-gear,2,캘러웨이 어패럴 남성 골프 티셔츠,Callaway Apparel Men's Golf T-Shirt,캘러웨이 어패럴,69.99,35000,49,250,15709,callaway;golf apparel;men's golf,0,ownerclan-com;golfzonmarket-com;golfland-co-kr
golf-gear,3,타이틀리스트 어패럴 여성 골프 스커트,Titleist Apparel Women's Golf Skirt,타이틀리스트 어패럴,89.99,45000,49,300,15709,titleist;golf skirt;women's golf,0,dometopia-com;golfzonmarket-com;golfcube-co-kr
golf-gear,4,PXG 어패럴 골프 모자,PXG Apparel Golf Cap,PXG 어패럴,49.99,25000,49,150,18348,pxg;golf cap;korean fashion,0,sellmoa-com;golfzonmarket-com;golfsky-co-kr
golf-gear,5,제이린드버그 골프 장갑,J.Lindeberg Golf Glove,제이린드버그,39.99,20000,49,80,18349,jlindeberg;golf glove;premium golf,0,domeggook-com;golfzonmarket-com;golfing-kr
golf-gear,6,풋조이 골프화,FootJoy Golf Shoes,풋조이,129.99,65000,49,900,18349,footjoy;golf shoes;comfort golf,0,ownerclan-com;golfzonmarket-com;golfland-co-kr
golf-gear,7,까스텔바작 여성 골프웨어,Castelbajac Women's Golf Wear,까스텔바작,79.99,40000,49,350,15709,castelbajac;golf fashion;women's apparel,0,dometopia-com;golfzonmarket-com;golfcube-co-kr
golf-gear,8,왁 골프 파우치,WAAC Golf Pouch,왁,59.99,30000,49,200,18349,waac;golf accessories;korean brand,0,sellmoa-com;golfzonmarket-com;golfsky-co-kr
golf-gear,9,빈폴골프 남성 골프 바지,Beanpole Golf Men's Golf Pants,빈폴골프,99.99,50000,49,400,15709,beanpole;golf pants;men's fashion,0,domeggook-com;golfzonmarket-com;golfing-kr
golf-gear,10,어메이징크리 골프 거리측정기,Amazingcree Golf Rangefinder,어메이징크리,149.99,75000,49,250,18349,rangefinder;golf tech;amazingcree,0,ownerclan-com;golfzonmarket-com;golfland-co-kr
golf-gear,11,페어라이어 여성 골프 니트,Fair Liar Women's Golf Knit,페어라이어,119.99,60000,49,300,15709,fair liar;golf knit;women's golf,0,dometopia-com;golfzonmarket-com;golfcube-co-kr
golf-gear,12,사우스케이프 골프 우산,Southcape Golf Umbrella,사우스케이프,45.99,23000,49,400,18349,southcape;golf umbrella;weather gear,3,sellmoa-com;golfzonmarket-com;golfsky-co-kr
golf-gear,13,클리브랜드 골프웨어 남성 바람막이,Cleveland Golf Wear Men's Windbreaker,클리브랜드 골프웨어,89.99,45000,49,350,15709,cleveland golf;windbreaker;men's golf,0,domeggook-com;golfzonmarket-com;golfing-kr
golf-gear,14,데상트골프 여성 골프 팬츠,Descente Golf Women's Golf Pants,데상트골프,99.99,50000,49,300,15709,descente golf;golf pants;women's fashion,0,ownerclan-com;golfzonmarket-com;golfland-co-kr
golf-gear,15,핑 어패럴 골프 조끼,Ping Apparel Golf Vest,핑 어패럴,79.99,40000,49,280,15709,ping golf;golf vest;outerwear,0,dometopia-com;golfzonmarket-com;golfcube-co-kr
golf-gear,16,골프 스윙 연습기,Golf Swing Trainer,어메이징크리,55.99,28000,49,300,18349,swing trainer;golf practice;training aid,0,domeggook-com;golfzonmarket-com;domema-com
golf-gear,17,골프 볼 마커 세트,Golf Ball Marker Set,볼빅,15.99,8000,49,50,18349,ball marker;golf accessories;gift set,0,ownerclan-com;sellmoa-com;golfing-kr
golf-gear,18,골프 클럽 커버,Golf Club Headcover,PXG 어패럴,29.99,15000,49,100,18349,club cover;headcover;golf protection,0,dometopia-com;golfcube-co-kr;domema-com
golf-gear,19,골프 타월,Golf Towel,타이틀리스트 어패럴,19.99,10000,49,80,18349,golf towel;cleaning;accessories,0,sellmoa-com;golfsky-co-kr;domeggook-com
golf-gear,20,여성 골프 장갑,Women's Golf Glove,풋조이,24.99,12500,49,60,18349,women's golf;golf glove;performance,0,golfzonmarket-com;golfing-kr;ownerclan-com
golf-gear,21,남성 골프 벨트,Men's Golf Belt,빈폴골프,49.99,25000,49,150,15709,golf belt;men's accessory;fashion,0,golfland-co-kr;dometopia-com;domema-com
golf-gear,22,골프 양말,Golf Socks,데상트골프,12.99,6500,49,40,15709,golf socks;athletic socks;comfort,0,golfcube-co-kr;sellmoa-com;domeggook-com
golf-gear,23,골프 티 세트,Golf Tee Set,볼빅,9.99,5000,49,30,18349,golf tees;accessories;practice,0,golfsky-co-kr;golfzonmarket-com;ownerclan-com
golf-gear,24,골프 우산,Golf Umbrella,사우스케이프,39.99,20000,49,450,18349,umbrella;golf gear;rain protection,0,golfing-kr;dometopia-com;domema-com
golf-gear,25,골프 파우치,Golf Pouch Bag,왁,34.99,17500,49,180,18349,golf pouch;accessory bag;storage,0,golfland-co-kr;sellmoa-com;domeggook-com
golf-gear,26,골프 캐디백,Golf Caddy Bag,클리브랜드 골프웨어,149.99,75000,49,3000,18349,caddy bag;golf bag;club storage,0,golfcube-co-kr;golfzonmarket-com;ownerclan-com
golf-gear,27,골프 선크림,Golf Sunscreen,페어라이어,22.99,11500,49,100,11233,sunscreen;golf skincare;uv protection,0,golfsky-co-kr;dometopia-com;domema-com
golf-gear,28,골프 팔토시,Golf Arm Sleeves,캘러웨이 어패럴,17.99,9000,49,50,15709,arm sleeves;golf accessories;uv protection,0,golfing-kr;sellmoa-com;domeggook-com
golf-gear,29,골프 모자 클립,Golf Hat Clip,제이린드버그,14.99,7500,49,30,18348,hat clip;golf accessories;ball marker holder,0,golfland-co-kr;golfzonmarket-com;ownerclan-com
golf-gear,30,골프 거리 측정기 케이스,Golf Rangefinder Case,어메이징크리,29.99,15000,49,120,18349,rangefinder case;golf accessories;protection,0,golfcube-co-kr;dometopia-com;domema-com
lego-blocks,1,옥스포드 블록 타운 시리즈,Oxford Block Town Series,옥스포드,45.99,23000,49,800,17201,oxford blocks;building blocks;korean toy,0,domeggook-com;lottemart-com-toysrus;itoy-co-kr
lego-blocks,2,코블록 소프트 블록 세트,CoBlock Soft Block Set,코블록,59.99,30000,49,1200,17201,coblock;soft blocks;toddler toy,0,ownerclan-com;toynmom-co-kr;domema-com
lego-blocks,3,아이링고 베이직 세트,Iringo Basic Set,아이링고,79.99,40000,49,1500,17201,iringo;construction toy;creative play,9,dometopia-com;1000za-kr;domeggook-com
lego-blocks,4,클릭포머스 자석 블록,Clickformers Magnetic Blocks,클릭포머스,89.99,45000,49,1000,17201,clickformers;magnetic tiles;stem toy,0,sellmoa-com;lottemart-com-toysrus;itoy-co-kr
lego-blocks,5,몰펀 주니어 세트,Morphun Junior Set,몰펀,65.99,33000,49,900,17201,morphun;interlocking blocks;educational toy,0,domeggook-com;toynmom-co-kr;domema-com
lego-blocks,6,맥포머스 브레인 마스터,Magformers Brain Master Set,맥포머스,129.99,65000,49,1800,17201,magformers;magnetic construction;stem learning,0,ownerclan-com;1000za-kr;lottemart-com-toysrus
lego-blocks,7,가베 원목 블록 세트,Gabe Wooden Block Set,가베,75.99,38000,49,2000,17201,gabe blocks;wooden toys;montessori,0,dometopia-com;itoy-co-kr;domeggook-com
lego-blocks,8,자석블록 대형 세트,Magnetic Blocks Large Set,지니맥,99.99,50000,49,1500,17201,magnetic blocks;building toys;creative play,0,sellmoa-com;toynmom-co-kr;domema-com
lego-blocks,9,플레이팩토 교구 세트,Playfacto Learning Tools Set,플레이팩토,110.99,55000,49,1700,17201,playfacto;educational games;math learning,0,domeggook-com;1000za-kr;lottemart-com-toysrus
lego-blocks,10,오르다 첫 발견 세트,Orda First Discovery Set,오르다,139.99,70000,49,2000,17201,orda;early learning;cognitive development,0,ownerclan-com;itoy-co-kr;domema-com
lego-blocks,11,소마큐브 퍼즐,Soma Cube Puzzle,소마큐브,25.99,13000,49,300,17201,soma cube;puzzle game;brain teaser,0,dometopia-com;toynmom-co-kr;domeggook-com
lego-blocks,12,조이매스 수학 교구,Joymath Math Learning Tools,조이매스,85.99,43000,49,1100,17201,joymath;math education;learning toy,0,sellmoa-com;1000za-kr;lottemart-com-toysrus
lego-blocks,13,에드토이 원목 블록,Edtoy Wooden Blocks,에드토이,69.99,35000,49,1600,17201,edtoy;wooden blocks;eco-friendly toy,0,domeggook-com;itoy-co-kr;domema-com
lego-blocks,14,맘스보드 자석칠판,Momsboard Magnetic Whiteboard,맘스보드,95.99,48000,49,2500,17201,momsboard;magnetic board;drawing toy,0,ownerclan-com;toynmom-co-kr;1000za-kr
lego-blocks,15,지니맥 자석 블록,Ginimac Magnetic Blocks,지니맥,79.99,40000,49,1300,17201,ginimac;magnetic construction;kids toy,0,dometopia-com;lottemart-com-toysrus;itoy-co-kr
lego-blocks,16,옥스포드 미니 블록,Oxford Mini Blocks,옥스포드,19.99,10000,49,200,17201,mini blocks;oxford;small building toy,0,domeggook-com;sellmoa-com;domema-com
lego-blocks,17,코블록 동물 블록,CoBlock Animal Blocks,코블록,35.99,18000,49,500,17201,animal blocks;coblock;toddler activity,0,ownerclan-com;toynmom-co-kr;1000za-kr
lego-blocks,18,아이링고 바퀴 블록,Iringo Wheel Blocks,아이링고,49.99,25000,49,700,17201,wheel blocks;iringo;vehicle construction,0,dometopia-com;itoy-co-kr;lottemart-com-toysrus
lego-blocks,19,클릭포머스 도형 블록,Clickformers Geometric Blocks,클릭포머스,55.99,28000,49,800,17201,geometric blocks;clickformers;shape learning,0,sellmoa-com;domema-com;domeggook-com
lego-blocks,20,몰펀 건축 블록,Morphun Architecture Blocks,몰펀,75.99,38000,49,1000,17201,architecture blocks;morphun;building challenges,0,ownerclan-com;toynmom-co-kr;1000za-kr
lego-blocks,21,맥포머스 라이트 세트,Magformers Light Set,맥포머스,109.99,55000,49,1400,17201,magformers;light up blocks;creative building,0,dometopia-com;lottemart-com-toysrus;itoy-co-kr
lego-blocks,22,가베 도형 블록,Gabe Geometric Blocks,가베,60.99,30500,49,1500,17201,gabe;geometric shapes;wooden learning,0,sellmoa-com;domema-com;domeggook-com
lego-blocks,23,자석블록 미니 세트,Magnetic Blocks Mini Set,지니맥,39.99,20000,49,600,17201,magnetic blocks;mini set;travel toy,0,ownerclan-com;toynmom-co-kr;1000za-kr
lego-blocks,24,플레이팩토 숫자 블록,Playfacto Number Blocks,플레이팩토,45.99,23000,49,700,17201,number blocks;playfacto;math toy,0,dometopia-com;lottemart-com-toysrus;itoy-co-kr
lego-blocks,25,오르다 창의 블록,Orda Creative Blocks,오르다,99.99,50000,49,1600,17201,orda;creative toy;problem solving,-1,sellmoa-com;domema-com;domeggook-com
lego-blocks,26,소마큐브 고급 퍼즐,Soma Cube Advanced Puzzle,소마큐브,32.99,16500,49,400,17201,soma cube;advanced puzzle;logic game,0,ownerclan-com;toynmom-co-kr;1000za-kr
lego-blocks,27,조이매스 도형 블록,Joymath Shape Blocks,조이매스,68.99,34500,49,900,17201,joymath;shape recognition;geometry toy,0,dometopia-com;lottemart-com-toysrus;itoy-co-kr
lego-blocks,28,에드토이 동물 블록,Edtoy Animal Blocks,에드토이,59.99,30000,49,1200,17201,edtoy;animal figures;wooden play,0,sellmoa-com;domema-com;domeggook-com
lego-blocks,29,맘스보드 자석 가나다라,Momsboard Magnetic Korean Alphabet,맘스보드,42.99,21500,49,800,17201,momsboard;korean alphabet;magnetic letters,0,ownerclan-com;toynmom-co-kr;1000za-kr
lego-blocks,30,지니맥 자석 도형,Ginimac Magnetic Shapes,지니맥,52.99,26500,49,700,17201,ginimac;magnetic shapes;geometry learning,0,dometopia-com;lottemart-com-toysrus;itoy-co-kr
kdrama-goods,1,스튜디오드래곤 드라마 OST 앨범,Studio Dragon K-Drama OST Album,스튜디오드래곤,29.99,15000,49,300,17698,k-drama ost;studio dragon;korean soundtrack,0,domeggook-com;withmuu-com;smtownandstore-com
kdrama-goods,2,메이크스타 드라마 포토카드 세트,Makestar K-Drama Photocards Set,메이크스타,18.99,9500,49,50,17698,photocards;k-drama merch;makestar,0,ownerclan-com;thejypshop-com
kdrama-goods,3,위드드라마 드라마 공식 응원봉,Withdrama K-Drama Official Light Stick,위드드라마,45.99,23000,49,200,17698,light stick;k-drama fan;withdrama,0,dometopia-com;withmuu-com;ygselect-com
kdrama-goods,4,카카오프렌즈 드라마 콜라보 인형,Kakao Friends K-Drama Collaboration Plush,카카오프렌즈,39.99,20000,49,300,17698,kakao friends;k-drama plush;character goods,0,sellmoa-com;domema-com
kdrama-goods,5,라인프렌즈 드라마 콜라보 텀블러,Line Friends K-Drama Collaboration Tumbler,라인프렌즈,25.99,13000,49,250,17698,line friends;k-drama tumbler;character merch,0,domeggook-com;gotomall-kr
kdrama-goods,6,SBS Store 드라마 대본집,SBS Store K-Drama Script Book,SBS Store,35.99,18000,49,400,17698,k-drama script;sbs drama;collectible book,0,ownerclan-com;withmuu-com
kdrama-goods,7,KBS 미디어 드라마 포스터 세트,KBS Media K-Drama Poster Set,KBS 미디어,22.99,11500,49,150,17698,k-drama poster;kbs drama;wall decor,0,dometopia-com;smtownandstore-com
kdrama-goods,8,MBC 콘텐츠 드라마 굿즈 키링,MBC Content K-Drama Goods Keychain,MBC 콘텐츠,15.99,8000,49,30,17698,k-drama keychain;mbc drama;merchandise,0,sellmoa-com;thejypshop-com
kdrama-goods,9,JTBC 스토어 드라마 OST LP,JTBC Store K-Drama OST LP,JTBC 스토어,59.99,30000,49,600,17698,k-drama lp;jtbc drama;vinyl record,0,domeggook-com;withmuu-com
kdrama-goods,10,tvN 즐거움전 드라마 엽서 세트,tvN Joy Exhibition K-Drama Postcard Set,tvN 즐거움전,12.99,6500,49,80,17698,k-drama postcard;tvn drama;collectible,0,ownerclan-com;domema-com
kdrama-goods,11,에이스토리 드라마 캘린더,AStory K-Drama Calendar,에이스토리,24.99,12500,49,250,17698,k-drama calendar;astory;desk accessory,0,dometopia-com;smtownandstore-com
kdrama-goods,12,코코아 드라마 캐릭터 스티커,Cocoa K-Drama Character Stickers,코코아,9.99,5000,49,20,17698,k-drama stickers;cocoa;character decals,0,sellmoa-com;gotomall-kr
kdrama-goods,13,아이템매니아 드라마 폰케이스,Itemmania K-Drama Phone Case,아이템매니아,19.99,10000,49,70,17698,k-drama phone case;itemmania;fan merch,0,domeggook-com;thejypshop-com
kdrama-goods,14,글림 드라마 포토북,Gleam K-Drama Photobook,글림,49.99,25000,49,500,17698,k-drama photobook;gleam;collector's item,0,ownerclan-com;withmuu-com
kdrama-goods,15,팝콘D스퀘어 드라마 에코백,Popcorn D Square K-Drama Eco Bag,팝콘D스퀘어,22.99,11500,49,150,17698,k-drama eco bag;popcorn d square;fashion accessory,0,dometopia-com;domema-com
kdrama-goods,16,드라마 OST CD,K-Drama OST CD,스튜디오드래곤,24.99,12500,49,150,17698,ost cd;korean drama;music album,0,domeggook-com;withmuu-com;smtownandstore-com
kdrama-goods,17,드라마 공식 포스터,K-Drama Official Poster,KBS 미디어,15.99,8000,49,100,17698,drama poster;korean art;wall decor,0,ownerclan-com;domema-com
kdrama-goods,18,드라마 캐릭터 스티커 세트,K-Drama Character Sticker Set,카카오프렌즈,9.99,5000,49,20,17698,character stickers;k-drama;fan art,0,dometopia-com;gotomall-kr
kdrama-goods,19,드라마 명대사 컵,K-Drama Famous Quote Mug,라인프렌즈,18.99,9500,49,300,17698,drama mug;korean quotes;fan gift,0,sellmoa-com;thejypshop-com
kdrama-goods,20,드라마 로고 티셔츠,K-Drama Logo T-Shirt,SBS Store,29.99,15000,49,200,17698,drama t-shirt;korean fashion;fan apparel,0,domeggook-com;withmuu-com
kdrama-goods,21,드라마 대본집,K-Drama Script Book,JTBC 스토어,35.99,18000,49,400,17698,script book;korean drama;collectible,0,ownerclan-com;smtownandstore-com
kdrama-goods,22,드라마 캐릭터 인형,K-Drama Character Plush Doll,카카오프렌즈,39.99,20000,49,300,17698,character plush;k-drama doll;soft toy,0,dometopia-com;domema-com
kdrama-goods,23,드라마 포토카드 바인더,K-Drama Photocard Binder,메이크스타,22.99,11500,49,180,17698,photocard binder;k-drama collector;storage,0,sellmoa-com;withmuu-com
kdrama-goods,24,드라마 키링,K-Drama Keychain,MBC 콘텐츠,14.99,7500,49,30,17698,keychain;k-drama accessory;fan item,0,domeggook-com;thejypshop-com
kdrama-goods,25,드라마 엽서 세트,K-Drama Postcard Set,tvN 즐거움전,12.99,6500,49,80,17698,postcard set;k-drama art;souvenir,0,ownerclan-com;gotomall-kr
kdrama-goods,26,드라마 폰 그립톡,K-Drama Phone Grip Tok,아이템매니아,16.99,8500,49,40,17698,phone grip;k-drama accessory;pop socket,0,dometopia-com;domema-com
kdrama-goods,27,드라마 배지 세트,K-Drama Badge Set,글림,11.99,6000,49,30,17698,badge set;k-drama pins;collector,0,sellmoa-com;smtownandstore-com
kdrama-goods,28,드라마 손거울,K-Drama Hand Mirror,코코아,8.99,4500,49,50,17698,hand mirror;k-drama beauty;compact mirror,0,domeggook-com;thejypshop-com
kdrama-goods,29,드라마 마우스패드,K-Drama Mousepad,팝콘D스퀘어,13.99,7000,49,100,17698,mousepad;k-drama desk;office accessory,0,ownerclan-com;withmuu-com
kdrama-goods,30,드라마 포토카드 홀더,K-Drama Photocard Holder,메이크스타,10.99,5500,49,40,17698,photocard holder;k-drama collector;card sleeve,0,dometopia-com;domema-com
kitchen-ware,1,락앤락 밀폐용기 세트,LocknLock Airtight Container Set,락앤락,39.99,20000,49,800,20630,locknlock;food storage;airtight containers,0,domeggook-com;domemall-co-kr;mall-hanssem-com
kitchen-ware,2,해피콜 다이아몬드 프라이팬,Happycall Diamond Frying Pan,해피콜,59.99,30000,49,1000,20630,happycall;frying pan;non-stick cookware,1,ownerclan-com;livinghankook-com;domema-com
kitchen-ware,3,PN풍년 압력솥,PN Poongnyun Pressure Cooker,PN풍년,89.99,45000,49,2500,20630,pn poongnyun;pressure cooker;korean kitchen,0,dometopia-com;modernhouse-co-kr;domeggook-com
kitchen-ware,4,글라스락 유리 밀폐용기,Glasslock Glass Food Container,글라스락,29.99,15000,49,600,20630,glasslock;glass containers;food storage,0,sellmoa-com;domemall-co-kr;mall-hanssem-com
kitchen-ware,5,네오플램 피카 냄비 세트,Neoflam Fika Pot Set,네오플램,119.99,60000,49,3000,20630,neoflam;cookware set;ceramic pots,0,domeggook-com;livinghankook-com;domema-com
kitchen-ware,6,키친아트 스텐 냄비,Kitchen Art Stainless Steel Pot,키친아트,45.99,23000,49,1500,20630,kitchen art;stainless steel;cooking pot,0,ownerclan-com;modernhouse-co-kr;domeggook-com
kitchen-ware,7,쿠쿠 전기밥솥,Cuckoo Electric Rice Cooker,쿠쿠,149.99,75000,49,4000,20630,cuckoo;rice cooker;korean appliance,0,dometopia-com;domemall-co-kr;mall-hanssem-com
kitchen-ware,8,한샘 식기건조대,Hanssem Dish Drying Rack,한샘,69.99,35000,49,1800,20630,hanssem;dish rack;kitchen organization,0,sellmoa-com;mall-hanssem-com;livinghankook-com
kitchen-ware,9,도루코 칼 세트,Dorco Knife Set,도루코,49.99,25000,49,700,20630,dorco;knife set;kitchen knives,0,domeggook-com;modernhouse-co-kr;domema-com
kitchen-ware,10,퀸센스 에어프라이어,Queensense Air Fryer,퀸센스,99.99,50000,49,3500,20630,queensense;air fryer;kitchen appliance,1,ownerclan-com;domemall-co-kr;mall-hanssem-com
kitchen-ware,11,실리쿡 실리콘 지퍼백,Silicook Silicone Zipper Bag,실리쿡,25.99,13000,49,200,20630,silicook;silicone bags;reusable storage,0,dometopia-com;livinghankook-com;domeggook-com
kitchen-ware,12,오덴세 그릇 세트,Odense Dinnerware Set,오덴세,129.99,65000,49,5000,20630,odense;dinnerware;ceramic plates,0,sellmoa-com;modernhouse-co-kr;domema-com
kitchen-ware,13,광주요 도자기 그릇,Kwangjuyo Ceramic Bowl,광주요,35.99,18000,49,400,20630,kwangjuyo;korean ceramics;handmade bowl,0,domeggook-com;domemall-co-kr;mall-hanssem-com
kitchen-ware,14,한국도자기 커피잔 세트,Hankook Chinaware Coffee Cup Set,한국도자기,55.99,28000,49,900,20630,hankook chinaware;coffee cups;porcelain,0,ownerclan-com;livinghankook-com;domeggook-com
kitchen-ware,15,행남자기 밥그릇 세트,Haengnam Chinaware Rice Bowl Set,행남자기,49.99,25000,49,1200,20630,haengnam chinaware;rice bowls;tableware,0,dometopia-com;modernhouse-co-kr;domema-com
kitchen-ware,16,밀폐용기,Airtight Food Container,락앤락,15.99,8000,49,300,20630,food container;storage;kitchen organization,0,domeggook-com;domemall-co-kr;mall-hanssem-com
kitchen-ware,17,프라이팬,Frying Pan,해피콜,35.99,18000,49,700,20630,frying pan;cookware;non-stick,0,ownerclan-com;livinghankook-com;domema-com
kitchen-ware,18,냄비,Cooking Pot,PN풍년,49.99,25000,49,1200,20630,cooking pot;stockpot;kitchen essentials,0,dometopia-com;modernhouse-co-kr;domeggook-com
kitchen-ware,19,유리 밀폐용기,Glass Food Container,글라스락,22.99,11500,49,500,20630,glass container;meal prep;eco-friendly,0,sellmoa-com;domemall-co-kr;mall-hanssem-com
kitchen-ware,20,세라믹 냄비,Ceramic Pot,네오플램,65.99,33000,49,1800,20630,ceramic pot;healthy cooking;non-toxic,0,domeggook-com;livinghankook-com;domema-com
kitchen-ware,21,스텐 냄비,Stainless Steel Pot,키친아트,39.99,20000,49,1300,20630,stainless pot;durable cookware;kitchen staple,0,ownerclan-com;modernhouse-co-kr;domeggook-com
kitchen-ware,22,전기밥솥,Electric Rice Cooker,쿠쿠,129.99,65000,49,3500,20630,rice cooker;automatic cooker;korean cuisine,0,dometopia-com;domemall-co-kr;mall-hanssem-com
kitchen-ware,23,식기건조대,Dish Drying Rack,한샘,55.99,28000,49,1500,20630,dish rack;kitchen organizer;drying solution,0,sellmoa-com;mall-hanssem-com;livinghankook-com
kitchen-ware,24,주방 칼 세트,Kitchen Knife Set,도루코,39.99,20000,49,600,20630,knife set;chef knives;cooking tools,0,domeggook-com;modernhouse-co-kr;domema-com
kitchen-ware,25,에어프라이어,Air Fryer,퀸센스,89.99,45000,49,3000,20630,air fryer;healthy cooking;kitchen gadget,0,ownerclan-com;domemall-co-kr;mall-hanssem-com
kitchen-ware,26,실리콘 지퍼백,Silicone Zipper Bag,실리쿡,19.99,10000,49,150,20630,silicone bag;reusable storage;food saver,0,dometopia-com;livinghankook-com;domeggook-com
kitchen-ware,27,도자기 그릇,Ceramic Dish,광주요,28.99,14500,49,350,20630,ceramic dish;korean tableware;handmade,0,sellmoa-com;modernhouse-co-kr;domema-com
kitchen-ware,28,커피잔 세트,Coffee Cup Set,한국도자기,45.99,23000,49,800,20630,coffee cups;tea set;porcelain,0,domeggook-com;domemall-co-kr;mall-hanssem-com
kitchen-ware,29,밥그릇 세트,Rice Bowl Set,행남자기,39.99,20000,49,1000,20630,rice bowls;korean dinnerware;table setting,0,ownerclan-com;livinghankook-com;domeggook-com
kitchen-ware,30,수저 세트,Korean Spoon and Chopstick Set,오덴세,25.99,13000,49,250,20630,spoon chopsticks;korean cutlery;tableware,0,dometopia-com;modernhouse-co-kr;domema-com
pet-supplies,1,바잇미 강아지 수제 간식,Biteme Handmade Dog Treats,바잇미,18.99,9500,49,150,1281,biteme;dog treats;korean pet food,0,domeggook-com;petfriends-co-kr;dogmaru-co-kr
pet-supplies,2,하울팟 강아지 방석,Howlpot Dog Cushion,하울팟,69.99,35000,49,1500,1281,howlpot;dog bed;pet cushion,0,ownerclan-com;pet-interpark-com;supercat-co-kr
pet-supplies,3,강아지대통령 사료,Dog President Dog Food,강아지대통령,45.99,23000,49,2000,1281,dog president;dog food;korean pet food,0,dometopia-com;dogmaru-co-kr;petbox-kr
pet-supplies,4,고양이대통령 고양이 모래,Cat President Cat Litter,고양이대통령,29.99,15000,49,5000,1281,cat president;cat litter;odor control,0,sellmoa-com;supercat-co-kr;petfriends-co-kr
pet-supplies,5,어바웃펫 강아지 장난감,About Pet Dog Toy,어바웃펫,12.99,6500,49,100,1281,about pet;dog toy;interactive toy,0,domeggook-com;pet-interpark-com;domema-com
pet-supplies,6,펫프렌즈 고양이 간식,Petfriends Cat Treats,펫프렌즈,15.99,8000,49,80,1281,petfriends;cat treats;healthy snacks,8,ownerclan-com;petfriends-co-kr;dogmaru-co-kr
pet-supplies,7,아르르 배변패드,Arrr Puppy Pads,아르르,22.99,11500,49,1000,1281,arrr;puppy pads;pet training,0,dometopia-com;petbox-kr;supercat-co-kr
pet-supplies,8,이리온 강아지 샴푸,Irion Dog Shampoo,이리온,19.99,10000,49,300,1281,irion;dog shampoo;pet grooming,0,sellmoa-com;pet-interpark-com;domema-com
pet-supplies,9,도그메이트 강아지 옷,Dogmate Dog Clothes,도그메이트,25.99,13000,49,120,1281,dogmate;dog clothes;pet fashion,0,domeggook-com;dogmaru-co-kr;petfriends-co-kr
pet-supplies,10,페슬러 고양이 캣타워,Fesler Cat Tree,페슬러,89.99,45000,49,8000,1281,fesler;cat tree;cat furniture,0,ownerclan-com;supercat-co-kr;petbox-kr
pet-supplies,11,리카리카 강아지 하네스,Rica Rica Dog Harness,리카리카,35.99,18000,49,180,1281,rica rica;dog harness;pet walking,0,dometopia-com;pet-interpark-com;domema-com
pet-supplies,12,러프웨어 강아지 리드줄,Ruffwear Dog Leash,러프웨어,29.99,15000,49,150,1281,ruffwear;dog leash;outdoor pet,0,sellmoa-com;dogmaru-co-kr;petfriends-co-kr
pet-supplies,13,마이베프 강아지 영양제,Myvef Dog Supplements,마이베프,24.99,12500,49,200,1281,myvef;dog supplements;pet health,0,domeggook-com;petbox-kr;supercat-co-kr
pet-supplies,14,브릭브릭 고양이 장난감,Brickbrick Cat Toy,브릭브릭,14.99,7500,49,50,1281,brickbrick;cat toy;interactive cat,0,ownerclan-com;pet-interpark-com;domema-com
pet-supplies,15,베럴즈 강아지 식기,Betterz Dog Bowl,베럴즈,19.99,10000,49,300,1281,betterz;dog bowl;pet feeder,0,dometopia-com;dogmaru-co-kr;petfriends-co-kr
pet-supplies,16,강아지 간식,Dog Treats,바잇미,14.99,7500,49,100,1281,dog treats;natural snacks;pet food,0,domeggook-com;petfriends-co-kr;dogmaru-co-kr
pet-supplies,17,강아지 침대,Dog Bed,하울팟,59.99,30000,49,1200,1281,dog bed;pet furniture;comfort,0,ownerclan-com;pet-interpark-com;supercat-co-kr
pet-supplies,18,강아지 사료,Dog Food,강아지대통령,39.99,20000,49,1800,1281,dog food;kibble;pet nutrition,0,dometopia-com;dogmaru-co-kr;petbox-kr
pet-supplies,19,고양이 모래,Cat Litter,고양이대통령,25.99,13000,49,4000,1281,cat litter;clumping litter;pet hygiene,0,sellmoa-com;supercat-co-kr;petfriends-co-kr
pet-supplies,20,강아지 장난감,Dog Toy,어바웃펫,9.99,5000,49,80,1281,dog toy;chew toy;playtime,0,domeggook-com;pet-interpark-com;domema-com
pet-supplies,21,고양이 간식,Cat Treats,펫프렌즈,12.99,6500,49,60,1281,cat treats;feline snacks;pet food,0,ownerclan-com;petfriends-co-kr;dogmaru-co-kr
pet-supplies,22,배변패드,Puppy Training Pads,아르르,19.99,10000,49,800,1281,puppy pads;potty training;pet supplies,0,dometopia-com;petbox-kr;supercat-co-kr
pet-supplies,23,강아지 샴푸,Dog Shampoo,이리온,17.99,9000,49,250,1281,dog shampoo;pet grooming;hypoallergenic,0,sellmoa-com;pet-interpark-com;domema-com
pet-supplies,24,강아지 옷,Dog Apparel,도그메이트,22.99,11500,49,100,1281,dog clothes;pet fashion;dog sweater,0,domeggook-com;dogmaru-co-kr;petfriends-co-kr
pet-supplies,25,고양이 캣타워,Cat Tree Tower,페슬러,79.99,40000,49,7000,1281,cat tree;cat condo;play structure,0,ownerclan-com;supercat-co-kr;petbox-kr
pet-supplies,26,강아지 하네스,Dog Harness,리카리카,29.99,15000,49,150,1281,dog harness;no-pull harness;pet walking,0,dometopia-com;pet-interpark-com;domema-com
pet-supplies,27,강아지 리드줄,Dog Leash,러프웨어,24.99,12500,49,120,1281,dog leash;pet lead;walking accessory,0,sellmoa-com;dogmaru-co-kr;petfriends-co-kr
pet-supplies,28,강아지 영양제,Dog Supplements,마이베프,22.99,11500,49,180,1281,dog supplements;joint support;pet health,0,domeggook-com;petbox-kr;supercat-co-kr
pet-supplies,29,고양이 장난감,Cat Toy,브릭브릭,11.99,6000,49,40,1281,cat toy;feather toy;playtime,0,ownerclan-com;pet-interpark-com;domema-com
pet-supplies,30,강아지 식기,Dog Food Bowl,베럴즈,16.99,8500,49,250,1281,dog bowl;pet feeder;slow feeder,0,dometopia-com;dogmaru-co-kr;petfriends-co-kr
esports-merch,1,T1 페이커 유니폼,T1 Faker Jersey,T1 Shop,85,45000,47,300,18464,t1 esports;faker merch;lol jersey,0,t1shop-co-kr;domeggook-com;ownerclan-com;leagueoflegends-com-ko-kr-merch
esports-merch,2,Gen.G 로고 후드티,Gen.G Logo Hoodie,Gen.G Shop,65,32000,50,450,18464,gen.g esports;korean esports;gaming hoodie,0,gen-g-shop;domeggook-com;dometopia-com
esports-merch,3,DRX 데프트 마우스패드,DRX Deft Mousepad,DRX Shop,25,10000,60,150,18464,drx esports;deft merch;gaming mousepad,0,domeggook-com;ownerclan-com;dometopia-com
esports-merch,4,DWG KIA 챔피언 티셔츠,DWG KIA Champion T-shirt,DWG KIA Shop,40,18000,55,200,18464,dwg kia;lck champions;esports apparel,0,domeggook-com;ownerclan-com;sellmoa-com
esports-merch,5,LCK 공식 로고 모자,LCK Official Logo Cap,LCK Shop,35,15000,57,100,18464,lck merch;korean league;esports cap,0,domeggook-com;ownerclan-com;dometopia-com
esports-merch,6,농심 레드포스 응원 타월,Nongshim RedForce Cheering Towel,농심 레드포스 샵,20,8000,60,80,18464,nongshim esports;lck fan;korean team,0,domeggook-com;ownerclan-com;sellmoa-com
esports-merch,7,KT Rolster 팀 로고 머그컵,KT Rolster Team Logo Mug,KT Rolster Shop,18,7000,61,350,18464,kt rolster;lck merch;gaming mug,0,domeggook-com;ownerclan-com;dometopia-com
esports-merch,8,한화생명e스포츠 키링,Hanwha Life Esports Keychain,한화생명e스포츠 샵,15,6000,60,50,18464,hanwha esports;lck fan;esports accessory,0,domeggook-com;ownerclan-com;sellmoa-com
esports-merch,9,리브 샌드박스 마우스패드,Liiv Sandbox Mousepad,리브 샌드박스 샵,22,9000,59,120,18464,liiv sandbox;lck merch;gaming gear,0,domeggook-com;ownerclan-com;dometopia-com
esports-merch,10,아프리카 프릭스 팀 스티커 세트,Afreeca Freecs Team Sticker Set,아프리카 프릭스 샵,12,5000,58,30,18464,afreeca freecs;lck fan;esports stickers,0,domeggook-com;ownerclan-com;sellmoa-com
esports-merch,11,프레딧 브리온 팀 로고 뱃지,Fredit Brion Team Logo Badge,프레딧 브리온 샵,10,4000,60,20,18464,fredit brion;lck merch;esports badge,0,domeggook-com;ownerclan-com;dometopia-com
esports-merch,12,슈퍼플레이 게이밍 장갑,Superplay Gaming Gloves,슈퍼플레이,30,12000,60,100,18464,superplay gear;esports gloves;gaming accessory,-4,domeggook-com;ownerclan-com;sellmoa-com
esports-merch,13,이스포츠팜 게이밍 헤드셋 거치대,Esports Farm Gaming Headset Stand,이스포츠팜,28,11000,60,200,18464,esports farm;gaming stand;headset holder,0,domeggook-com;ownerclan-com;dometopia-com
esports-merch,14,페이커 굿즈 한정판 피규어,Faker Limited Edition Figure,페이커 굿즈,120,60000,50,400,18464,faker figure;lol collectible;t1 legend,0,t1shop-co-kr;domeggook-com;leagueoflegends-com-ko-kr-merch
esports-merch,15,리그 오브 레전드 공식 티버 인형,League of Legends Official Tibbers Plush,리그 오브 레전드 공식 스토어,45,20000,55,300,18464,lol plush;tibbers doll;gaming collectible,0,leagueoflegends-com-ko-kr-merch;domeggook-com;ownerclan-com
esports-merch,16,T1 팀 로고 후드 집업,T1 Team Logo Zip-up Hoodie,T1 Shop,70,35000,50,400,18464,t1 hoodie;esports apparel;korean gaming,0,t1shop-co-kr;domeggook-com;ownerclan-com
esports-merch,17,Gen.G 게이밍 마우스,Gen.G Gaming Mouse,Gen.G Shop,55,25000,54,180,18464,gen.g gear;gaming mouse;esports peripheral,0,gen-g-shop;domeggook-com;dometopia-com
esports-merch,18,DRX 팀 로고 백팩,DRX Team Logo Backpack,DRX Shop,60,28000,53,400,18464,drx backpack;esports bag;korean team,0,domeggook-com;ownerclan-com;sellmoa-com
esports-merch,19,DWG KIA 응원봉,DWG KIA Light Stick,DWG KIA Shop,30,12000,60,150,18464,dwg kia lightstick;lck fan;esports cheering,0,domeggook-com;ownerclan-com;dometopia-com
esports-merch,20,LCK 공식 로고 티셔츠,LCK Official Logo T-shirt,LCK Shop,38,16000,58,180,18464,lck t-shirt;korean league;esports apparel,0,domeggook-com;ownerclan-com;sellmoa-com
esports-merch,21,리그 오브 레전드 아칼리 피규어,League of Legends Akali Figure,리그 오브 레전드 공식 스토어,75,35000,53,350,18464,lol akali;gaming figure;kda merch,0,leagueoflegends-com-ko-kr-merch;domeggook-com;ownerclan-com
esports-merch,22,T1 팀 로고 텀블러,T1 Team Logo Tumbler,T1 Shop,25,10000,60,250,18464,t1 tumbler;esports drinkware;korean gaming,0,t1shop-co-kr;domeggook-com;ownerclan-com
esports-merch,23,Gen.G 팀 로고 스냅백,Gen.G Team Logo Snapback,Gen.G Shop,32,13000,59,100,18464,gen.g snapback;esports cap;korean team,0,gen-g-shop;domeggook-com;dometopia-com
esports-merch,24,DRX 팀 로고 맨투맨,DRX Team Logo Sweatshirt,DRX Shop,50,22000,56,350,18464,drx sweatshirt;esports apparel;korean gaming,0,domeggook-com;ownerclan-com;sellmoa-com
esports-merch,25,DWG KIA 팀 로고 키보드,DWG KIA Team Logo Keyboard,DWG KIA Shop,90,45000,50,800,18464,dwg kia keyboard;gaming keyboard;esports gear,0,domeggook-com;ownerclan-com;dometopia-com
esports-merch,26,LCK 공식 로고 후드티,LCK Official Logo Hoodie,LCK Shop,60,28000,53,450,18464,lck hoodie;korean league;esports apparel,0,domeggook-com;ownerclan-com;sellmoa-com
esports-merch,27,리그 오브 레전드 포로 인형,League of Legends Poro Plush,리그 오브 레전드 공식 스토어,30,12000,60,200,18464,lol poro;gaming plush;cute collectible,0,leagueoflegends-com-ko-kr-merch;domeggook-com;ownerclan-com
esports-merch,28,T1 팀 로고 마우스,T1 Team Logo Mouse,T1 Shop,50,22000,56,150,18464,t1 mouse;gaming mouse;esports peripheral,0,t1shop-co-kr;domeggook-com;ownerclan-com
esports-merch,29,Gen.G 팀 로고 담요,Gen.G Team Logo Blanket,Gen.G Shop,40,18000,55,400,18464,gen.g blanket;esports fan;korean team,0,gen-g-shop;domeggook-com;dometopia-com
esports-merch,30,DRX 팀 로고 스마트톡,DRX Team Logo Smart Tok,DRX Shop,15,6000,60,30,18464,drx smart tok;esports accessory;phone grip,0,domeggook-com;ownerclan-com;sellmoa-com
home-decor,1,모던하우스 북유럽풍 러그,Modern House Nordic Style Rug,모던하우스,70,30000,57,1500,20444,korean rug;nordic decor;home textile,0,modernhouse-co-kr;domeggook-com;ownerclan-com;ohou-se
home-decor,2,자주 (JAJU) 미니멀리스트 화병,JAJU Minimalist Vase,자주 (JAJU),35,15000,57,400,20444,korean vase;jaju decor;minimalist design,0,domeggook-com;ownerclan-com;dometopia-com;ohou-se
home-decor,3,까사미아 디자인 거울,Casamia Design Mirror,까사미아,90,40000,55,2000,20444,korean mirror;casamia decor;interior design,0,domeggook-com;ownerclan-com;sellmoa-com;ohou-se
home-decor,4,데코뷰 암막 커튼,Decoview Blackout Curtains,데코뷰,80,35000,56,1000,20444,korean curtains;decoview home;blackout drapes,0,domeggook-com;ownerclan-com;dometopia-com;ohou-se
home-decor,5,오늘의집 감성 무드등,Ohou Mood Lamp,오늘의집,45,20000,56,300,20444,korean lamp;ohou decor;mood lighting,0,ohou-se;domeggook-com;ownerclan-com;domema-com
home-decor,6,한샘 수납 정리함,Hanssem Storage Box,한샘,28,12000,57,500,20444,korean storage;hanssem home;organizer box,0,mall-hanssem-com;domeggook-com;ownerclan-com;ohou-se
home-decor,7,리바트 디자인 시계,Livart Design Clock,리바트,50,22000,56,600,20444,korean clock;livart decor;wall clock,0,domeggook-com;ownerclan-com;dometopia-com;ohou-se
home-decor,8,마켓비 철제 선반,MarketB Metal Shelf,마켓비,65,28000,57,1800,20444,korean shelf;marketb furniture;metal storage,7,domeggook-com;ownerclan-com;sellmoa-com;ohou-se
home-decor,9,룸앤홈 디자인 액자,Room&Home Design Photo Frame,룸앤홈,20,8000,60,200,20444,korean frame;room&home decor;picture frame,0,domeggook-com;ownerclan-com;dometopia-com;ohou-se
home-decor,10,바디럽 마약 베개,Bodyluv Addiction Pillow,바디럽,55,25000,54,800,20444,korean pillow;bodyluv comfort;ergonomic pillow,0,domeggook-com;ownerclan-com;sellmoa-com;ohou-se
home-decor,11,코즈니 인테리어 소품,Kosney Interior Props,코즈니,30,12000,60,150,20444,korean props;kosney decor;home accessories,0,domeggook-com;ownerclan-com;dometopia-com;ohou-se
home-decor,12,헬로우슬립 바디필로우,Hello Sleep Body Pillow,헬로우슬립,60,28000,53,1200,20444,korean body pillow;hello sleep;comfort pillow,0,domeggook-com;ownerclan-com;sellmoa-com;ohou-se
home-decor,13,올루미 LED 스탠드,Ollumi LED Desk Lamp,올루미,40,18000,55,500,20444,korean lamp;ollumi lighting;led desk lamp,-4,domeggook-com;ownerclan-com;dometopia-com;ohou-se
home-decor,14,두닷 모듈형 책장,Dodot Modular Bookshelf,두닷,110,50000,55,3000,20444,korean bookshelf;dodot furniture;modular storage,0,domeggook-com;ownerclan-com;sellmoa-com;ohou-se
home-decor,15,먼데이하우스 라탄 바구니,Monday House Rattan Basket,먼데이하우스,38,16000,58,400,20444,korean basket;rattan decor;storage solution,0,domeggook-com;ownerclan-com;dometopia-com;ohou-se
home-decor,16,모던하우스 디퓨저,Modern House Diffuser,모던하우스,25,10000,60,250,20444,korean diffuser;home fragrance;modern decor,0,modernhouse-co-kr;domeggook-com;ownerclan-com
home-decor,17,자주 (JAJU) 주방 타월,JAJU Kitchen Towel,자주 (JAJU),15,6000,60,100,20444,korean kitchen;jaju towel;home essentials,0,domeggook-com;ownerclan-com;dometopia-com
home-decor,18,까사미아 쿠션 커버,Casamia Cushion Cover,까사미아,22,9000,59,150,20444,korean cushion;casamia textile;sofa decor,0,domeggook-com;ownerclan-com;sellmoa-com
home-decor,19,데코뷰 침구 세트,Decoview Bedding Set,데코뷰,120,55000,54,2500,20444,korean bedding;decoview sleep;bedroom decor,0,domeggook-com;ownerclan-com;dometopia-com
home-decor,20,오늘의집 디자인 포스터,Ohou Design Poster,오늘의집,18,7000,61,80,20444,korean poster;ohou art;wall decor,0,ohou-se;domeggook-com;ownerclan-com
home-decor,21,한샘 주방 수납장,Hanssem Kitchen Cabinet,한샘,150,70000,53,5000,20444,korean kitchen;hanssem furniture;storage cabinet,0,mall-hanssem-com;domeggook-com;ownerclan-com
home-decor,22,리바트 거실 테이블,Livart Living Room Table,리바트,95,45000,53,3000,20444,korean table;livart furniture;coffee table,0,domeggook-com;ownerclan-com;dometopia-com
home-decor,23,마켓비 스툴 의자,MarketB Stool Chair,마켓비,40,18000,55,1000,20444,korean stool;marketb seating;minimalist chair,0,domeggook-com;ownerclan-com;sellmoa-com
home-decor,24,룸앤홈 인테리어 식물,Room&Home Artificial Plant,룸앤홈,30,12000,60,300,20444,korean plant;room&home decor;artificial greenery,0,domeggook-com;ownerclan-com;dometopia-com
home-decor,25,바디럽 수건 세트,Bodyluv Towel Set,바디럽,28,11000,60,400,20444,korean towel;bodyluv bath;soft towel,0,domeggook-com;ownerclan-com;sellmoa-com
home-decor,26,코즈니 디자인 캔들,Kosney Design Candle,코즈니,20,8000,60,180,20444,korean candle;kosney fragrance;home ambiance,0,domeggook-com;ownerclan-com;dometopia-com
home-decor,27,헬로우슬립 매트리스 토퍼,Hello Sleep Mattress Topper,헬로우슬립,100,48000,52,4000,20444,korean mattress;hello sleep comfort;bed topper,0,domeggook-com;ownerclan-com;sellmoa-com
home-decor,28,올루미 천장 조명,Ollumi Ceiling Light,올루미,70,32000,54,1500,20444,korean lighting;ollumi ceiling;modern light,0,domeggook-com;ownerclan-com;dometopia-com
home-decor,29,두닷 서랍장,Dodot Chest of Drawers,두닷,130,60000,53,4500,20444,korean drawers;dodot furniture;bedroom storage,0,domeggook-com;ownerclan-com;sellmoa-com
home-decor,30,먼데이하우스 벽걸이 선반,Monday House Wall Shelf,먼데이하우스,45,20000,56,800,20444,korean shelf;monday house decor;floating shelf,0,domeggook-com;ownerclan-com;dometopia-com
fishing-gear,1,바낙스 낚싯대,Banax Fishing Rod,바낙스,90,40000,55,300,17997,korean fishing rod;banax gear;fishing tackle,0,domeggook-com;ownerclan-com;fishingnpeople-com;domema-com
fishing-gear,2,NS블랙홀 낚시릴,NS Blackhole Fishing Reel,NS블랙홀,120,55000,54,400,17997,korean fishing reel;ns blackhole;spinning reel,0,nsrod-co-kr;domeggook-com;ownerclan-com;fishingwholesale-co-kr
fishing-gear,3,JS컴퍼니 루어 낚싯대,JS Company Lure Fishing Rod,JS컴퍼니,100,45000,55,350,17997,korean lure rod;js company;bass fishing,0,jscompany-net;domeggook-com;ownerclan-com;fishingnpeople-com
fishing-gear,4,용성 낚시줄,Yongsung Fishing Line,용성,25,10000,60,80,17997,korean fishing line;yongsung mono;braided line,0,domeggook-com;ownerclan-com;dometopia-com;fishingwholesale-co-kr
fishing-gear,5,아피스 낚시찌,Apis Fishing Float,아피스,18,7000,61,30,17997,korean fishing float;apis tackle;fishing bobber,0,domeggook-com;ownerclan-com;sellmoa-com;fishingnpeople-com
fishing-gear,6,HDF 낚시 가방,HDF Fishing Bag,HDF,60,28000,53,800,17997,korean fishing bag;hdf gear;tackle storage,0,domeggook-com;ownerclan-com;dometopia-com;fishingwholesale-co-kr
fishing-gear,7,엔에스 낚시복,NS Fishing Apparel,엔에스,75,35000,53,600,17997,korean fishing wear;ns apparel;fishing jacket,0,nsrod-co-kr;domeggook-com;ownerclan-com;fishingnpeople-com
fishing-gear,8,도요 낚시용 장갑,Doyo Fishing Gloves,도요,20,8000,60,50,17997,korean fishing gloves;doyo gear;protective gloves,0,domeggook-com;ownerclan-com;sellmoa-com;fishingwholesale-co-kr
fishing-gear,9,기간이즘 낚시 모자,Gigantism Fishing Hat,기간이즘,22,9000,59,70,17997,korean fishing hat;gigantism apparel;sun protection,0,domeggook-com;ownerclan-com;dometopia-com;fishingnpeople-com
fishing-gear,10,라팔라 낚시 미끼,Rapala Fishing Lure,라팔라,15,6000,60,40,17997,korean fishing lure;rapala bait;artificial bait,0,domeggook-com;ownerclan-com;sellmoa-com;fishingwholesale-co-kr
fishing-gear,11,슈어캐치 낚시 바늘,Surecatch Fishing Hooks,슈어캐치,10,4000,60,20,17997,korean fishing hooks;surecatch tackle;fishing accessories,0,supercat-co-kr;domeggook-com;ownerclan-com;fishingnpeople-com
fishing-gear,12,피나클 낚시 태클박스,Pinnacle Fishing Tackle Box,피나클,30,12000,60,500,17997,korean tackle box;pinnacle storage;fishing organizer,0,domeggook-com;ownerclan-com;dometopia-com;fishingwholesale-co-kr
fishing-gear,13,제이에스컴퍼니 낚시 의자,JS Company Fishing Chair,제이에스컴퍼니,80,38000,53,1500,17997,korean fishing chair;js company comfort;portable chair,0,jscompany-net;domeggook-com;ownerclan-com;fishingnpeople-com
fishing-gear,14,머모피 낚시 뜰채,Mumophi Fishing Net,머모피,45,20000,56,400,17997,korean fishing net;mumophi gear;landing net,0,domeggook-com;ownerclan-com;sellmoa-com;fishingwholesale-co-kr
fishing-gear,15,해동조구사 낚시 쿨러,Haedong Jogu Sa Fishing Cooler,해동조구사,70,32000,54,2000,17997,korean fishing cooler;haedong jogu sa;insulated cooler,0,domeggook-com;ownerclan-com;dometopia-com;fishingnpeople-com
fishing-gear,16,바낙스 낚시찌 세트,Banax Fishing Float Set,바낙스,25,10000,60,100,17997,korean fishing float;banax tackle;float set,0,domeggook-com;ownerclan-com;fishingnpeople-com
fishing-gear,17,NS블랙홀 낚시 가이드,NS Blackhole Fishing Guide,NS블랙홀,15,6000,60,50,17997,korean fishing guide;ns blackhole parts;rod guide,0,nsrod-co-kr;domeggook-com;ownerclan-com
fishing-gear,18,JS컴퍼니 낚시 미끼 세트,JS Company Fishing Lure Set,JS컴퍼니,35,15000,57,200,17997,korean lure set;js company bait;fishing kit,0,jscompany-net;domeggook-com;ownerclan-com
fishing-gear,19,용성 낚시용 칼,Yongsung Fishing Knife,용성,20,8000,60,100,17997,korean fishing knife;yongsung tool;fillet knife,0,domeggook-com;ownerclan-com;dometopia-com
fishing-gear,20,아피스 낚시용 랜턴,Apis Fishing Lantern,아피스,28,11000,60,250,17997,korean fishing light;apis lantern;camping light,0,domeggook-com;ownerclan-com;sellmoa-com
fishing-gear,21,HDF 낚시용 구명조끼,HDF Fishing Life Vest,HDF,65,30000,54,700,17997,korean life vest;hdf safety;fishing vest,0,domeggook-com;ownerclan-com;dometopia-com
fishing-gear,22,엔에스 낚시용 선글라스,NS Fishing Sunglasses,엔에스,40,18000,55,80,17997,korean sunglasses;ns eyewear;polarized fishing,0,nsrod-co-kr;domeggook-com;ownerclan-com
fishing-gear,23,도요 낚시용 플라이어,Doyo Fishing Pliers,도요,22,9000,59,120,17997,korean fishing pliers;doyo tool;fishing tool,0,domeggook-com;ownerclan-com;sellmoa-com
fishing-gear,24,기간이즘 낚시용 장화,Gigantism Fishing Boots,기간이즘,55,25000,54,1000,17997,korean fishing boots;gigantism footwear;wading boots,0,domeggook-com;ownerclan-com;dometopia-com
fishing-gear,25,라팔라 낚시용 가위,Rapala Fishing Scissors,라팔라,12,5000,58,40,17997,korean fishing scissors;rapala tool;line cutter,0,domeggook-com;ownerclan-com;sellmoa-com
fishing-gear,26,슈어캐치 낚시용 루어박스,Surecatch Lure Box,슈어캐치,18,7000,61,150,17997,korean lure box;surecatch storage;tackle organizer,0,supercat-co-kr;domeggook-com;ownerclan-com
fishing-gear,27,피나클 낚시용 로드 스탠드,Pinnacle Fishing Rod Stand,피나클,30,12000,60,300,17997,korean rod stand;pinnacle holder;fishing accessory,0,domeggook-com;ownerclan-com;dometopia-com
fishing-gear,28,제이에스컴퍼니 낚시용 모자,JS Company Fishing Cap,제이에스컴퍼니,20,8000,60,60,17997,korean fishing cap;js company apparel;sun hat,0,jscompany-net;domeggook-com;ownerclan-com
fishing-gear,29,머모피 낚시용 릴 오일,Mumophi Fishing Reel Oil,머모피,10,4000,60,30,17997,korean reel oil;mumophi maintenance;fishing lubricant,0,domeggook-com;ownerclan-com;sellmoa-com
fishing-gear,30,해동조구사 낚시용 장갑,Haedong Jogu Sa Fishing Gloves,해동조구사,18,7000,61,70,17997,korean fishing gloves;haedong jogu sa;protective gear,0,domeggook-com;ownerclan-com;dometopia-com
modern-hanbok,1,리슬 모던 한복 원피스,Leesle Modern Hanbok Dress,리슬,150,70000,53,500,15724,korean modern hanbok;leesle dress;hanbok fashion,0,leesle-com;domeggook-com;ownerclan-com;happly-co-kr
modern-hanbok,2,단하주단 생활 한복 저고리,Danha Judan Daily Hanbok Jeogori,단하주단,90,40000,55,300,15724,korean daily hanbok;danha jeogori;hanbok top,0,domeggook-com;ownerclan-com;dometopia-com;happly-co-kr
modern-hanbok,3,차이킴 모던 한복 치마,Tchaikim Modern Hanbok Skirt,차이킴,130,60000,53,400,15724,korean hanbok skirt;tchaikim fashion;modern chima,0,tchaikim-co-kr;domeggook-com;ownerclan-com;happly-co-kr
modern-hanbok,4,하플리 생활 한복 블라우스,Happly Daily Hanbok Blouse,하플리,80,35000,56,250,15724,korean blouse;happly hanbok;modern jeogori,0,happly-co-kr;domeggook-com;ownerclan-com;sellmoa-com
modern-hanbok,5,서리나래 모던 한복 자켓,Seorinarae Modern Hanbok Jacket,서리나래,110,50000,55,600,15724,korean hanbok jacket;seorinarae fashion;modern outerwear,0,domeggook-com;ownerclan-com;dometopia-com;happly-co-kr
modern-hanbok,6,꼬까옷 아동 한복,Kkoggabot Kids Hanbok,꼬까옷,70,30000,57,300,15724,korean kids hanbok;kkoggabot children;traditional wear,0,domeggook-com;ownerclan-com;sellmoa-com;gotomall-kr
modern-hanbok,7,다래원 한복 노리개,Daraewon Hanbok Norigae,다래원,40,18000,55,80,15724,korean norigae;daraewon accessory;hanbok jewelry,0,domeggook-com;ownerclan-com;dometopia-com;gotomall-kr
modern-hanbok,8,웨이유 모던 한복 셔츠,Wayu Modern Hanbok Shirt,웨이유,75,35000,53,300,15724,korean hanbok shirt;wayu fashion;men's hanbok,0,domeggook-com;ownerclan-com;sellmoa-com;happly-co-kr
modern-hanbok,9,더고은생활한복 허리치마,The Goeun Daily Hanbok Skirt,더고은생활한복,85,38000,55,350,15724,korean skirt;the goeun hanbok;wrap skirt,0,domeggook-com;ownerclan-com;dometopia-com;happly-co-kr
modern-hanbok,10,나빔 모던 한복 코트,Nabim Modern Hanbok Coat,나빔,180,80000,56,800,15724,korean hanbok coat;nabim outerwear;winter hanbok,0,domeggook-com;ownerclan-com;sellmoa-com;happly-co-kr
modern-hanbok,11,치마저고리 모던 한복 세트,Chima Jeogori Modern Hanbok Set,치마저고리,200,95000,52,700,15724,korean hanbok set;chima jeogori;traditional outfit,0,domeggook-com;ownerclan-com;dometopia-com;happly-co-kr
modern-hanbok,12,한복린 웨딩 한복,Hanbok Lynn Wedding Hanbok,한복린,500,250000,50,1500,15724,korean wedding hanbok;hanbok lynn;bridal hanbok,0,domeggook-com;ownerclan-com;sellmoa-com;happly-co-kr
modern-hanbok,13,이노주단 남자 한복,Inno Judan Men's Hanbok,이노주단,180,85000,53,700,15724,korean men hanbok;inno judan;traditional male wear,0,domeggook-com;ownerclan-com;dometopia-com;happly-co-kr
modern-hanbok,14,기로에 모던 한복 스카프,Giroe Modern Hanbok Scarf,기로에,50,22000,56,100,15724,korean scarf;giroe accessory;hanbok fashion,0,domeggook-com;ownerclan-com;sellmoa-com;gotomall-kr
modern-hanbok,15,사임당by이혜미 모던 한복 머리띠,Saimdang by Lee Hyemi Modern Hanbok Headband,사임당by이혜미,30,12000,60,50,15724,korean headband;saimdang accessory;hanbok hair,0,domeggook-com;ownerclan-com;dometopia-com;gotomall-kr
modern-hanbok,16,리슬 모던 한복 저고리,Leesle Modern Hanbok Jeogori,리슬,100,45000,55,300,15724,korean modern jeogori;leesle top;hanbok blouse,0,leesle-com;domeggook-com;ownerclan-com
modern-hanbok,17,단하주단 생활 한복 바지,Danha Judan Daily Hanbok Pants,단하주단,80,35000,56,350,15724,korean daily pants;danha hanbok;modern trousers,0,domeggook-com;ownerclan-com;dometopia-com
modern-hanbok,18,차이킴 모던 한복 두루마기,Tchaikim Modern Hanbok Durumagi,차이킴,250,120000,52,900,15724,korean durumagi;tchaikim coat;hanbok outerwear,0,tchaikim-co-kr;domeggook-com;ownerclan-com
modern-hanbok,19,하플리 생활 한복 조끼,Happly Daily Hanbok Vest,하플리,60,28000,53,200,15724,korean vest;happly hanbok;modern gilet,0,happly-co-kr;domeggook-com;ownerclan-com
modern-hanbok,20,서리나래 모던 한복 가방,Seorinarae Modern Hanbok Bag,서리나래,50,22000,56,250,15724,korean hanbok bag;seorinarae accessory;traditional bag,0,domeggook-com;ownerclan-com;dometopia-com
modern-hanbok,21,꼬까옷 아동 한복 조끼,Kkoggabot Kids Hanbok Vest,꼬까옷,45,20000,56,150,15724,korean kids vest;kkoggabot children;hanbok gilet,0,domeggook-com;ownerclan-com;sellmoa-com
modern-hanbok,22,다래원 한복 브로치,Daraewon Hanbok Brooch,다래원,25,10000,60,40,15724,korean brooch;daraewon accessory;hanbok pin,0,domeggook-com;ownerclan-com;dometopia-com
modern-hanbok,23,웨이유 모던 한복 원피스,Wayu Modern Hanbok Dress,웨이유,140,65000,54,500,15724,korean hanbok dress;wayu fashion;modern dress,0,domeggook-com;ownerclan-com;sellmoa-com
modern-hanbok,24,더고은생활한복 두루마기,The Goeun Daily Hanbok Durumagi,더고은생활한복,160,75000,53,700,15724,korean durumagi;the goeun hanbok;long coat,0,domeggook-com;ownerclan-com;dometopia-com
modern-hanbok,25,나빔 모던 한복 머리핀,Nabim Modern Hanbok Hairpin,나빔,20,8000,60,30,15724,korean hairpin;nabim accessory;hanbok hair,0,domeggook-com;ownerclan-com;sellmoa-com
modern-hanbok,26,치마저고리 모던 한복 블라우스,Chima Jeogori Modern Hanbok Blouse,치마저고리,70,30000,57,250,15724,korean blouse;chima jeogori;modern top,0,domeggook-com;ownerclan-com;dometopia-com
modern-hanbok,27,한복린 아동 한복,Hanbok Lynn Kids Hanbok,한복린,120,55000,54,400,15724,korean kids hanbok;hanbok lynn;children's wear,0,domeggook-com;ownerclan-com;sellmoa-com
modern-hanbok,28,이노주단 여성 한복,Inno Judan Women's Hanbok,이노주단,200,90000,55,600,15724,korean women hanbok;inno judan;traditional female wear,0,domeggook-com;ownerclan-com;dometopia-com
modern-hanbok,29,기로에 모던 한복 팔찌,Giroe Modern Hanbok Bracelet,기로에,35,15000,57,60,15724,korean bracelet;giroe accessory;hanbok jewelry,0,domeggook-com;ownerclan-com;sellmoa-com
modern-hanbok,30,사임당by이혜미 모던 한복 귀걸이,Saimdang by Lee Hyemi Modern Hanbok Earrings,사임당by이혜미,28,11000,60,30,15724,korean earrings;saimdang accessory;hanbok jewelry,0,domeggook-com;ownerclan-com;dometopia-com
traditional-craft,1,국립박물관문화재단 청자 머그컵,National Museum of Korea Celadon Mug,국립박물관문화재단,40,18000,55,300,15724,korean celadon;museum merch;traditional mug,0,ndm-kr;domeggook-com;ownerclan-com;kcdf-kr-craftshop
traditional-craft,2,한국문화재재단 자개 명함 케이스,Korea Cultural Heritage Foundation Mother-of-pearl Business Card Case,한국문화재재단,55,25000,54,100,15724,korean mother of pearl;jagal craft;business card holder,0,chf-or-kr-c1-sub2-do;domeggook-com;ownerclan-com;kcdf-kr-craftshop
traditional-craft,3,광주요 백자 식기 세트,Kwangjuyo White Porcelain Dinnerware Set,광주요,150,70000,53,2000,15724,korean porcelain;kwangjuyo ceramics;dinnerware set,0,domeggook-com;ownerclan-com;dometopia-com;kcdf-kr-craftshop
traditional-craft,4,이도도자기 옹기 그릇,Yido Ceramics Onggi Bowl,이도도자기,60,28000,53,800,15724,korean onggi;yido ceramics;traditional pottery,0,domeggook-com;ownerclan-com;sellmoa-com;kcdf-kr-craftshop
traditional-craft,5,박씨상방 한지 공예 조명,Bakssisangbang Hanji Craft Lamp,박씨상방,90,40000,55,700,15724,korean hanji;bakssisangbang lamp;paper craft,0,domeggook-com;ownerclan-com;dometopia-com;kcdf-kr-craftshop
traditional-craft,6,샵오브코리아 전통 부채,Shop of Korea Traditional Fan,샵오브코리아,30,12000,60,50,15724,korean fan;shop of korea;traditional accessory,0,domeggook-com;ownerclan-com;sellmoa-com;kcdf-kr-craftshop
traditional-craft,7,두레공예 목공예 보석함,Dure Craft Wood Jewelry Box,두레공예,70,32000,54,400,15724,korean wood craft;dure craft;jewelry box,0,domeggook-com;ownerclan-com;dometopia-com;kcdf-kr-craftshop
traditional-craft,8,공예정원 전통 매듭 팔찌,Craft Garden Traditional Knot Bracelet,공예정원,25,10000,60,30,15724,korean knot;craft garden;traditional bracelet,0,domeggook-com;ownerclan-com;sellmoa-com;kcdf-kr-craftshop
traditional-craft,9,한국공예관 민화 그림 액자,Korea Craft Museum Minhwa Painting Frame,한국공예관,80,35000,56,500,15724,korean minhwa;craft museum;folk painting,0,kcdf-kr-craftshop;domeggook-com;ownerclan-com;dometopia-com
traditional-craft,10,여명 유기 수저 세트,Yeomyeong Yugi Cutlery Set,여명,120,55000,54,400,15724,korean yugi;yeomyeong brassware;cutlery set,0,domeggook-com;ownerclan-com;sellmoa-com;kcdf-kr-craftshop
traditional-craft,11,오이뮤 향로,OIMU Incense Burner,오이뮤,45,20000,56,200,15724,korean incense;oimu design;traditional burner,0,domeggook-com;ownerclan-com;dometopia-com;kcdf-kr-craftshop
traditional-craft,12,채율 전통 문양 손수건,Chaeyul Traditional Pattern Handkerchief,채율,18,7000,61,30,15724,korean handkerchief;chaeyul textile;traditional pattern,0,domeggook-com;ownerclan-com;sellmoa-com;gotomall-kr
traditional-craft,13,솔솔 전통 찻잔 세트,Solsol Traditional Teacup Set,솔솔,80,35000,56,700,15724,korean teacup;solsol ceramics;tea set,0,domeggook-com;ownerclan-com;dometopia-com;kcdf-kr-craftshop
traditional-craft,14,미미달 전통 자수 파우치,Mimidal Traditional Embroidery Pouch,미미달,30,12000,60,80,15724,korean embroidery;mimidal pouch;traditional bag,0,domeggook-com;ownerclan-com;sellmoa-com;gotomall-kr
traditional-craft,15,조선왕가 전통 문양 책갈피,Joseon Royal Family Traditional Pattern Bookmark,조선왕가,15,6000,60,20,15724,korean bookmark;joseon royal;traditional gift,0,domeggook-com;ownerclan-com;dometopia-com;kcdf-kr-craftshop
traditional-craft,16,국립박물관문화재단 백자 접시,National Museum of Korea White Porcelain Plate,국립박물관문화재단,50,22000,56,500,15724,korean porcelain;museum plate;traditional dish,0,ndm-kr;domeggook-com;ownerclan-com
traditional-craft,17,한국문화재재단 전통 매듭 키링,Korea Cultural Heritage Foundation Traditional Knot Keychain,한국문화재재단,20,8000,60,30,15724,korean knot;cultural heritage;keychain gift,0,chf-or-kr-c1-sub2-do;domeggook-com;ownerclan-com
traditional-craft,18,광주요 청자 화병,Kwangjuyo Celadon Vase,광주요,100,45000,55,1000,15724,korean celadon;kwangjuyo vase;traditional pottery,0,domeggook-com;ownerclan-com;dometopia-com
traditional-craft,19,이도도자기 다기 세트,Yido Ceramics Tea Set,이도도자기,180,80000,56,1500,15724,korean tea set;yido ceramics;traditional tea,0,domeggook-com;ownerclan-com;sellmoa-com
traditional-craft,20,박씨상방 한지 공예 필통,Bakssisangbang Hanji Craft Pencil Case,박씨상방,35,15000,57,100,15724,korean hanji;bakssisangbang stationery;paper craft,0,domeggook-com;ownerclan-com;dometopia-com
traditional-craft,21,샵오브코리아 전통 자수 손거울,Shop of Korea Traditional Embroidery Hand Mirror,샵오브코리아,25,10000,60,50,15724,korean embroidery;shop of korea;hand mirror,0,domeggook-com;ownerclan-com;sellmoa-com
traditional-craft,22,두레공예 목공예 컵받침,Dure Craft Wood Coaster,두레공예,18,7000,61,80,15724,korean wood craft;dure craft;wooden coaster,0,domeggook-com;ownerclan-com;dometopia-com
traditional-craft,23,공예정원 전통 매듭 열쇠고리,Craft Garden Traditional Knot Keyring,공예정원,15,6000,60,20,15724,korean knot;craft garden;keyring gift,0,domeggook-com;ownerclan-com;sellmoa-com
traditional-craft,24,한국공예관 전통 문양 엽서,Korea Craft Museum Traditional Pattern Postcard,한국공예관,10,4000,60,10,15724,korean postcard;craft museum;traditional art,0,kcdf-kr-craftshop;domeggook-com;ownerclan-com
traditional-craft,25,여명 유기 밥그릇,Yeomyeong Yugi Rice Bowl,여명,60,28000,53,300,15724,korean yugi;yeomyeong brassware;rice bowl,0,domeggook-com;ownerclan-com;sellmoa-com
traditional-craft,26,오이뮤 전통 향수,OIMU Traditional Perfume,오이뮤,50,22000,56,150,15724,korean perfume;oimu fragrance;traditional scent,0,domeggook-com;ownerclan-com;dometopia-com
traditional-craft,27,채율 전통 문양 지갑,Chaeyul Traditional Pattern Wallet,채율,40,18000,55,100,15724,korean wallet;chaeyul accessory;traditional design,0,domeggook-com;ownerclan-com;sellmoa-com
traditional-craft,28,솔솔 전통 다과 접시,Solsol Traditional Dessert Plate,솔솔,30,12000,60,200,15724,korean plate;solsol ceramics;dessert dish,0,domeggook-com;ownerclan-com;dometopia-com
traditional-craft,29,미미달 전통 자수 손거울,Mimidal Traditional Embroidery Hand Mirror,미미달,25,10000,60,50,15724,korean embroidery;mimidal mirror;traditional accessory,0,domeggook-com;ownerclan-com;sellmoa-com
traditional-craft,30,조선왕가 전통 문양 컵받침,Joseon Royal Family Traditional Pattern Coaster,조선왕가,12,5000,58,40,15724,korean coaster;joseon royal;traditional gift,0,domeggook-com;ownerclan-com;dometopia-com
