cat_slug,rank,name,name_en,brand,ebay_usd,krw,margin,weight_g,ebay_cat_id,seo_tags,change,source_slugs
kpop-goods,1,BTS 공식 라이트 스틱 (아미밤),BTS Official Light Stick (ARMY Bomb),위버스샵,75,35000,53,350,11233,kpop lightstick;bts merch;army bomb,0,domeggook-com;ownerclan-com;funpick-co-kr
kpop-goods,2,블랙핑크 공식 응원봉,BLACKPINK Official Light Stick,YG SELECT,68,32000,50,320,11233,blackpink merch;kpop lightstick;blink,0,domeggook-com;ownerclan-com;domema-com
kpop-goods,3,NCT 포토카드 세트,NCT Photo Card Set,SMTOWN &STORE,25,10000,60,50,11233,nct photocard;kpop pc;kpop merch,0,domeggook-com;sellmoa-com;supercat-co-kr
kpop-goods,4,스트레이 키즈 앨범 포토카드,Stray Kids Album Photo Card,케이타운포유,15,6000,60,30,11233,stray kids pc;kpop album;photocard,0,domeggook-com;ownerclan-com;dometopia-com
kpop-goods,5,아이브 공식 MD 키링,IVE Official MD Keyring,스타쉽스퀘어,22,9000,59,80,11233,ive merch;kpop keyring;official md,0,domeggook-com;domema-com;onchannel-co-kr
kpop-goods,6,세븐틴 캐럿봉 버전3,SEVENTEEN Carat Bong Ver.3,위버스샵,70,33000,53,340,11233,seventeen lightstick;carat bong;kpop merch,0,domeggook-com;ownerclan-com;funpick-co-kr
kpop-goods,7,트와이스 캔디봉 Z,TWICE Candy Bong Z,JYP SHOP,65,30000,54,300,11233,twice lightstick;candy bong;kpop merch,0,domeggook-com;ownerclan-com;domema-com
kpop-goods,8,뉴진스 포토카드 앨범,NewJeans Photo Card Album,위버스샵,30,12000,60,150,11233,newjeans pc;kpop album;photocard binder,0,domeggook-com;sellmoa-com;supercat-co-kr
kpop-goods,9,르세라핌 공식 키링,LE SSERAFIM Official Keyring,위버스샵,20,8000,60,70,11233,le sserafim merch;kpop keyring;official md,0,domeggook-com;domema-com;onchannel-co-kr
kpop-goods,10,엔하이픈 포토카드,ENHYPEN Photo Card,위버스샵,12,5000,58,20,11233,enhypen pc;kpop photocard;album pc,0,domeggook-com;ownerclan-com;dometopia-com
kpop-goods,11,엑소 공식 응원봉,EXO Official Light Stick,SMTOWN &STORE,60,28000,53,300,11233,exo lightstick;kpop merch;official fanlight,0,domeggook-com;ownerclan-com;funpick-co-kr
kpop-goods,12,레드벨벳 공식 응원봉,Red Velvet Official Light Stick,SMTOWN &STORE,58,27000,53,290,11233,red velvet lightstick;kpop merch;reveluv,0,domeggook-com;ownerclan-com;domema-com
kpop-goods,13,아이유 공식 응원봉,IU Official Light Stick,EDAM엔터테인먼트,65,30000,54,310,11233,iu lightstick;uaena;kpop merch,0,domeggook-com;sellmoa-com;supercat-co-kr
kpop-goods,14,몬스타엑스 공식 응원봉,MONSTA X Official Light Stick,스타쉽스퀘어,62,29000,53,300,11233,monsta x lightstick;monbebe;kpop merch,0,domeggook-com;domema-com;onchannel-co-kr
kpop-goods,15,K-POP 아이돌 앨범,K-POP Idol Album,케이타운포유,35,15000,57,400,11233,kpop album;kpop cd;idol music,0,domeggook-com;ownerclan-com;dometopia-com
kpop-goods,16,K-POP 아이돌 포스터,K-POP Idol Poster,뮤직코리아,18,7000,61,100,11233,kpop poster;idol poster;kpop merch,0,domeggook-com;sellmoa-com;supercat-co-kr
kpop-goods,17,K-POP 아이돌 티셔츠,K-POP Idol T-Shirt,위드드라마,40,18000,55,250,11233,kpop t-shirt;idol fashion;kpop apparel,0,domeggook-com;domema-com;onchannel-co-kr
kpop-goods,18,K-POP 아이돌 키링,K-POP Idol Keyring,에버라인,15,6000,60,60,11233,kpop keyring;idol accessory;kpop merch,0,domeggook-com;ownerclan-com;dometopia-com
kpop-goods,19,K-POP 아이돌 뱃지,K-POP Idol Badge,비트로드,10,4000,60,40,11233,kpop badge;idol pin;kpop accessory,0,domeggook-com;sellmoa-com;supercat-co-kr
kpop-goods,20,K-POP 아이돌 스티커 세트,K-POP Idol Sticker Set,디어마이뮤즈,8,3000,62,30,11233,kpop stickers;idol decals;kpop stationery,0,domeggook-com;domema-com;onchannel-co-kr
kpop-goods,21,K-POP 아이돌 담요,K-POP Idol Blanket,조은뮤직,30,12000,60,450,11233,kpop blanket;idol throw;kpop merch,0,domeggook-com;ownerclan-com;dometopia-com
kpop-goods,22,K-POP 아이돌 폰케이스,K-POP Idol Phone Case,후즈팬,25,10000,60,100,11233,kpop phone case;idol phone cover;kpop accessory,0,domeggook-com;sellmoa-com;supercat-co-kr
kpop-goods,23,K-POP 아이돌 미니 피규어,K-POP Idol Mini Figure,마이뮤직테이스트,28,11000,60,120,11233,kpop figure;idol collectible;kpop toy,0,domeggook-com;domema-com;onchannel-co-kr
kpop-goods,24,K-POP 아이돌 캘린더,K-POP Idol Calendar,애플뮤직,20,8000,60,200,11233,kpop calendar;idol calendar;kpop stationery,0,domeggook-com;ownerclan-com;dometopia-com
kpop-goods,25,K-POP 아이돌 머그컵,K-POP Idol Mug Cup,메이크스타,22,9000,59,300,11233,kpop mug;idol cup;kpop kitchenware,0,domeggook-com;sellmoa-com;supercat-co-kr
kpop-goods,26,K-POP 아이돌 에코백,K-POP Idol Eco Bag,사운드웨이브,28,11000,60,180,11233,kpop eco bag;idol tote bag;kpop fashion,0,domeggook-com;domema-com;onchannel-co-kr
kpop-goods,27,K-POP 아이돌 포토북,K-POP Idol Photobook,위버스샵,45,20000,56,500,11233,kpop photobook;idol pictorial;kpop magazine,-13,domeggook-com;ownerclan-com;funpick-co-kr
kpop-goods,28,K-POP 아이돌 슬로건,K-POP Idol Slogan,SMTOWN &STORE,20,8000,60,100,11233,kpop slogan;idol banner;kpop cheering,0,domeggook-com;sellmoa-com;supercat-co-kr
kpop-goods,29,K-POP 아이돌 포토카드 바인더,K-POP Idol Photo Card Binder,케이타운포유,18,7000,61,150,11233,kpop pc binder;photocard album;kpop storage,0,domeggook-com;ownerclan-com;dometopia-com
kpop-goods,30,K-POP 아이돌 포토 프레임,K-POP Idol Photo Frame,메이크스타,25,10000,60,200,11233,kpop photo frame;idol display;kpop decor,0,domeggook-com;domema-com;onchannel-co-kr
auto-parts,1,현대모비스 순정 에어 필터,Hyundai Mobis Genuine Air Filter,현대모비스,25,10000,60,200,33612,hyundai filter;kia filter;genuine parts,0,domeggook-com;mobisparts-co-kr;auton-kr
auto-parts,2,한국타이어 벤투스 S1 에보3,Hankook Ventus S1 evo3 Tire,한국타이어앤테크놀로지,150,60000,60,1000,33745,hankook tire;performance tire;korean tire,0,domeggook-com;ownerclan-com;carnpeople-co-kr
auto-parts,3,만도 브레이크 패드 세트,Mando Brake Pad Set,만도,80,35000,56,800,33567,mando brake;korean brake pads;automotive parts,0,domeggook-com;sellmoa-com;supercat-co-kr
auto-parts,4,세방전지 로케트 배터리,Sebang Global Rocket Battery,세방전지,120,50000,58,1500,33575,rocket battery;car battery;korean battery,1,domeggook-com;domema-com;onchannel-co-kr
auto-parts,5,금호타이어 엑스타 PS71,Kumho Ecsta PS71 Tire,금호타이어,130,55000,58,950,33745,kumho tire;ecsta tire;performance tire,0,domeggook-com;ownerclan-com;carnpeople-co-kr
auto-parts,6,넥센타이어 엔프리즈 AH8,Nexen N'Priz AH8 Tire,넥센타이어,110,45000,59,900,33745,nexen tire;all season tire;korean tire,0,domeggook-com;sellmoa-com;supercat-co-kr
auto-parts,7,현대모비스 순정 오일 필터,Hyundai Mobis Genuine Oil Filter,현대모비스,18,7000,61,150,33612,hyundai oil filter;kia oil filter;genuine parts,0,domeggook-com;mobisparts-co-kr;auton-kr
auto-parts,8,현대위아 순정 와이퍼 블레이드,Hyundai Wia Genuine Wiper Blade,현대위아,30,12000,60,300,33694,hyundai wiper;kia wiper;genuine parts,0,domeggook-com;ownerclan-com;carnpeople-co-kr
auto-parts,9,한온시스템 에어컨 필터,Hanonsystems AC Filter,한온시스템,28,11000,60,250,33612,car ac filter;cabin filter;korean parts,9,domeggook-com;sellmoa-com;supercat-co-kr
auto-parts,10,현대트랜시스 자동변속기 오일,Hyundai Transys Automatic Transmission Fluid,현대트랜시스,40,18000,55,800,33612,atf fluid;transmission oil;korean car parts,11,domeggook-com;domema-com;onchannel-co-kr
auto-parts,11,에스엘 헤드램프 어셈블리,SL Headlamp Assembly,에스엘,180,75000,58,1200,33710,car headlight;sl lighting;korean auto parts,0,domeggook-com;ownerclan-com;carnpeople-co-kr
auto-parts,12,평화정공 도어 핸들,Pyung Hwa Door Handle,평화정공,45,20000,56,300,33640,car door handle;korean car parts;exterior parts,0,domeggook-com;sellmoa-com;supercat-co-kr
auto-parts,13,보쉬 코리아 스파크 플러그,Bosch Korea Spark Plug,보쉬 코리아,15,6000,60,50,33690,bosch spark plug;car ignition;engine parts,0,domeggook-com;domema-com;onchannel-co-kr
auto-parts,14,유라코퍼레이션 점화 코일,Yura Corporation Ignition Coil,유라코퍼레이션,50,22000,56,400,33690,ignition coil;engine parts;korean auto parts,0,domeggook-com;ownerclan-com;carnpeople-co-kr
auto-parts,15,경신 배터리 케이블,Kyungshin Battery Cable,경신,20,8000,60,200,33575,battery cable;car electrical;korean parts,0,domeggook-com;sellmoa-com;supercat-co-kr
auto-parts,16,성우하이텍 범퍼,Sungwoo Hitech Bumper,성우하이텍,200,80000,60,2000,33640,car bumper;body parts;korean auto parts,7,domeggook-com;domema-com;onchannel-co-kr
auto-parts,17,자동차 LED 헤드라이트,Car LED Headlight,현대모비스,120,50000,58,800,33710,led headlight;car lighting;automotive lighting,0,domeggook-com;mobisparts-co-kr;auton-kr
auto-parts,18,자동차 브레이크 디스크,Car Brake Disc Rotor,만도,90,40000,56,1000,33567,brake rotor;disc brake;car brake system,0,domeggook-com;ownerclan-com;carnpeople-co-kr
auto-parts,19,자동차 휠 캡,Car Wheel Cap,현대모비스,30,12000,60,150,33745,wheel cap;hub cap;car accessories,0,domeggook-com;sellmoa-com;supercat-co-kr
auto-parts,20,자동차 연료 필터,Car Fuel Filter,현대모비스,22,9000,59,180,33612,fuel filter;engine filter;car maintenance,0,domeggook-com;domema-com;onchannel-co-kr
auto-parts,21,자동차 서스펜션 쇼크 업소버,Car Suspension Shock Absorber,만도,70,30000,57,900,33589,shock absorber;car suspension;automotive shocks,0,domeggook-com;ownerclan-com;carnpeople-co-kr
auto-parts,22,자동차 엔진 오일,Car Engine Oil,현대모비스,50,22000,56,1000,33612,engine oil;motor oil;car lubricant,0,domeggook-com;mobisparts-co-kr;auton-kr
auto-parts,23,자동차 라디에이터,Car Radiator,한온시스템,100,45000,55,1500,33604,car radiator;cooling system;engine cooling,0,domeggook-com;sellmoa-com;supercat-co-kr
auto-parts,24,자동차 스티어링 휠 커버,Car Steering Wheel Cover,현대모비스,25,10000,60,200,33678,steering wheel cover;car interior;automotive accessories,0,domeggook-com;domema-com;onchannel-co-kr
auto-parts,25,자동차 후방 카메라,Car Rear View Camera,현대모비스,60,25000,58,300,33682,rear view camera;backup camera;car electronics,0,domeggook-com;mobisparts-co-kr;auton-kr
auto-parts,26,자동차 사이드 미러,Car Side Mirror,현대모비스,80,35000,56,700,33640,side mirror;car mirror;exterior parts,0,domeggook-com;ownerclan-com;carnpeople-co-kr
auto-parts,27,자동차 시트 커버,Car Seat Cover,현대모비스,70,30000,57,800,33678,car seat cover;interior accessories;automotive seats,0,domeggook-com;sellmoa-com;supercat-co-kr
auto-parts,28,자동차 바닥 매트,Car Floor Mat,현대모비스,50,22000,56,1000,33678,car floor mat;automotive mat;interior protection,0,domeggook-com;domema-com;onchannel-co-kr
auto-parts,29,자동차 퓨즈 세트,Car Fuse Set,보쉬 코리아,12,5000,58,80,33575,car fuse;automotive electrical;fuse box,0,domeggook-com;ownerclan-com;carnpeople-co-kr
auto-parts,30,자동차 공기 청정기,Car Air Purifier,현대모비스,40,18000,55,350,33678,car air purifier;cabin air cleaner;automotive air,0,domeggook-com;mobisparts-co-kr;auton-kr
drones,1,DJI 미니 3 프로 드론,DJI Mini 3 Pro Drone,DJI 코리아,799,350000,56,400,179696,dji drone;mini 3 pro;camera drone,0,domeggook-com;dronestore-co-kr;store-dji-com-kr
drones,2,두산모빌리티이노베이션 수소 드론,Doosan Mobility Innovation Hydrogen Drone,두산모빌리티이노베이션,5000,2000000,60,2000,179696,hydrogen drone;industrial drone;long endurance,0,domeggook-com;ownerclan-com;dometopia-com
drones,3,유콘시스템 정찰 드론,Uconsystem Surveillance Drone,유콘시스템,3000,1200000,60,1500,179696,surveillance drone;military drone;uconsystem,0,domeggook-com;sellmoa-com;supercat-co-kr
drones,4,네온테크 산업용 드론,Neontech Industrial Drone,네온테크,4000,1600000,60,1800,179696,industrial drone;heavy lift drone;neontech,0,domeggook-com;domema-com;onchannel-co-kr
drones,5,한화시스템 드론 방어 시스템,Hanwha Systems Anti-Drone System,한화시스템,10000,4000000,60,5000,179696,anti-drone;drone defense;hanwha system,0,domeggook-com;ownerclan-com;dometopia-com
drones,6,LIG넥스원 군사용 드론,LIG Nex1 Military Drone,LIG넥스원,8000,3200000,60,3000,179696,military drone;lig nex1;defense drone,0,domeggook-com;sellmoa-com;supercat-co-kr
drones,7,한국항공우주산업(KAI) 무인기,Korea Aerospace Industries (KAI) UAV,한국항공우주산업(KAI),7000,2800000,60,2500,179696,kai uav;aerospace drone;korean aerospace,0,domeggook-com;domema-com;onchannel-co-kr
drones,8,프리뉴 농업용 드론,Prenew Agricultural Drone,프리뉴,6000,2400000,60,2200,179696,agricultural drone;farming drone;prenew,0,domeggook-com;ownerclan-com;dometopia-com
drones,9,숨비 해양 드론,Soombi Marine Drone,숨비,5500,2200000,60,2000,179696,marine drone;underwater drone;soombi,0,domeggook-com;sellmoa-com;supercat-co-kr
drones,10,니어스랩 자율비행 드론,Nearthlab Autonomous Drone,니어스랩,4500,1800000,60,1600,179696,autonomous drone;ai drone;nearthlab,0,domeggook-com;domema-com;onchannel-co-kr
drones,11,유비파이 드론 제어 시스템,Ubifly Drone Control System,유비파이,1500,600000,60,500,179696,drone control;ubifly;drone software,0,domeggook-com;ownerclan-com;dometopia-com
drones,12,엑스드론 배송 드론,X-Drone Delivery Drone,엑스드론,3500,1400000,60,1500,179696,delivery drone;logistics drone;x-drone,0,domeggook-com;sellmoa-com;supercat-co-kr
drones,13,드로젠 레이싱 드론,Drogen Racing Drone,드로젠,500,200000,60,300,179696,racing drone;fpv drone;drogen,0,domeggook-com;domema-com;onchannel-co-kr
drones,14,그리폰다이나믹스 드론 부품,Gryphon Dynamics Drone Parts,그리폰다이나믹스,100,40000,60,100,179696,drone parts;gryphon dynamics;drone accessories,0,domeggook-com;ownerclan-com;dometopia-com
drones,15,DJI 매빅 3 드론,DJI Mavic 3 Drone,DJI 코리아,2000,800000,60,900,179696,dji mavic;camera drone;professional drone,0,domeggook-com;dronestore-co-kr;store-dji-com-kr
drones,16,드론 배터리,Drone Battery,DJI 코리아,80,35000,56,200,179696,drone battery;lipo battery;drone power,0,domeggook-com;helsel-co-kr;dometopia-com
drones,17,드론 프로펠러,Drone Propeller,DJI 코리아,20,8000,60,50,179696,drone propeller;drone blades;replacement parts,0,domeggook-com;dronestore-co-kr;supercat-co-kr
drones,18,드론 카메라 짐벌,Drone Camera Gimbal,DJI 코리아,250,100000,60,300,179696,drone gimbal;camera stabilizer;drone accessory,0,domeggook-com;helsel-co-kr;onchannel-co-kr
drones,19,드론 조종기,Drone Remote Controller,DJI 코리아,150,60000,60,400,179696,drone controller;remote control;fpv remote,-11,domeggook-com;dronestore-co-kr;store-dji-com-kr
drones,20,드론 착륙 패드,Drone Landing Pad,DJI 코리아,30,12000,60,150,179696,landing pad;drone mat;drone accessories,0,domeggook-com;helsel-co-kr;dometopia-com
drones,21,드론 케이스,Drone Carrying Case,DJI 코리아,70,30000,57,500,179696,drone case;hard case;drone bag,0,domeggook-com;dronestore-co-kr;supercat-co-kr
drones,22,드론 모터,Drone Motor,DJI 코리아,40,18000,55,100,179696,drone motor;brushless motor;drone parts,0,domeggook-com;helsel-co-kr;onchannel-co-kr
drones,23,드론 GPS 모듈,Drone GPS Module,DJI 코리아,60,25000,58,80,179696,drone gps;gps module;flight controller,-11,domeggook-com;dronestore-co-kr;store-dji-com-kr
drones,24,드론 비행 컨트롤러,Drone Flight Controller,DJI 코리아,120,50000,58,120,179696,flight controller;drone brain;autopilot,-13,domeggook-com;helsel-co-kr;dometopia-com
drones,25,드론 FPV 고글,Drone FPV Goggles,DJI 코리아,300,120000,60,400,179696,fpv goggles;drone video;first person view,-11,domeggook-com;dronestore-co-kr;supercat-co-kr
drones,26,드론 충전기,Drone Battery Charger,DJI 코리아,50,22000,56,250,179696,drone charger;battery charger;lipo charger,0,domeggook-com;helsel-co-kr;onchannel-co-kr
drones,27,드론 랜딩 기어,Drone Landing Gear,DJI 코리아,25,10000,60,100,179696,landing gear;drone legs;drone frame,-17,domeggook-com;dronestore-co-kr;store-dji-com-kr
drones,28,드론 LED 라이트,Drone LED Light,DJI 코리아,15,6000,60,40,179696,drone led;navigation light;drone lighting,-10,domeggook-com;helsel-co-kr;dometopia-com
drones,29,드론 신호 증폭기,Drone Signal Booster,DJI 코리아,80,35000,56,150,179696,signal booster;range extender;drone antenna,0,domeggook-com;dronestore-co-kr;supercat-co-kr
drones,30,드론 수리 키트,Drone Repair Kit,DJI 코리아,40,18000,55,200,179696,drone repair;tool kit;drone maintenance,-6,domeggook-com;helsel-co-kr;onchannel-co-kr
lego-blocks,1,옥스포드 블록 타운 시리즈,Oxford Block Town Series,옥스포드,45,20000,56,400,172013,oxford blocks;building blocks;korean toys,0,domeggook-com;lottemart-com-toysrus;itoy-co-kr
lego-blocks,2,맥포머스 브레인 마스터 세트,Magformers Brain Master Set,맥포머스,120,50000,58,800,172013,magformers;magnetic blocks;educational toys,0,domeggook-com;ownerclan-com;dometopia-com
lego-blocks,3,카카오프렌즈 브릭 피규어,Kakao Friends Brick Figure,카카오프렌즈 브릭,30,12000,60,200,172013,kakao bricks;kpop toys;character blocks,0,domeggook-com;sellmoa-com;supercat-co-kr
lego-blocks,4,몰펀 주니어 세트,Morphun Junior Set,몰펀,60,25000,58,500,172013,morphun blocks;construction toys;creative play,0,domeggook-com;domema-com;onchannel-co-kr
lego-blocks,5,아이링고 베이직 세트,Iringo Basic Set,아이링고,70,30000,57,600,172013,iringo blocks;interlocking blocks;stem toys,0,domeggook-com;ownerclan-com;dometopia-com
lego-blocks,6,클릭스 스타터 세트,Clics Starter Set,클릭스,50,22000,56,450,172013,clics blocks;plastic blocks;kids construction,0,domeggook-com;sellmoa-com;supercat-co-kr
lego-blocks,7,라인프렌즈 브릭 아트,Line Friends Brick Art,라인프렌즈 브릭,35,15000,57,250,172013,line friends blocks;character bricks;korean gifts,0,domeggook-com;domema-com;onchannel-co-kr
lego-blocks,8,코블록 소프트 블록,CoBlock Soft Blocks,코블록,80,35000,56,700,172013,coblock;soft blocks;toddler toys,0,domeggook-com;ownerclan-com;dometopia-com
lego-blocks,9,톡톡블럭 동물 만들기 세트,TokTok Block Animal Making Set,톡톡블럭,25,10000,60,150,172013,toktok blocks;pixel blocks;craft kits,0,domeggook-com;sellmoa-com;supercat-co-kr
lego-blocks,10,스콜라스 3D 퍼즐,Scholas 3D Puzzle,스콜라스,20,8000,60,180,172013,scholas puzzle;3d puzzle;educational games,0,domeggook-com;domema-com;onchannel-co-kr
lego-blocks,11,짐보리 맥포머스,Gymboree Magformers,짐보리,110,45000,59,750,172013,gymboree toys;magnetic construction;stem learning,0,domeggook-com;ownerclan-com;dometopia-com
lego-blocks,12,지니맥 자석 블록,Genie Mag Magnetic Blocks,지니맥,90,40000,56,650,172013,genie mag;magnetic building;kids blocks,0,domeggook-com;sellmoa-com;supercat-co-kr
lego-blocks,13,코코블록 대형 블록 세트,Cokoblock Large Block Set,코코블록,100,45000,55,900,172013,cokoblock;large blocks;toddler construction,0,domeggook-com;domema-com;onchannel-co-kr
lego-blocks,14,블럭엔조이 창의력 블록,Block N Joy Creative Blocks,블럭엔조이,40,18000,55,350,172013,block n joy;creative blocks;toy blocks,0,domeggook-com;ownerclan-com;dometopia-com
lego-blocks,15,블럭팡 대여 블록,Block Pang Rental Blocks,블럭팡,20,8000,60,200,172013,block pang;rental blocks;toy rental,0,domeggook-com;sellmoa-com;supercat-co-kr
lego-blocks,16,레고 시티 경찰서,LEGO City Police Station,레고,99,40000,59,700,172013,lego city;police station;building toys,0,domeggook-com;lego-com-ko-kr;lottemart-com-toysrus
lego-blocks,17,레고 프렌즈 하트레이크 시티 병원,LEGO Friends Heartlake City Hospital,레고,85,35000,59,600,172013,lego friends;heartlake city;girls toys,0,domeggook-com;lego-com-ko-kr;itoy-co-kr
lego-blocks,18,레고 닌자고 드래곤,LEGO Ninjago Dragon,레고,70,30000,57,500,172013,lego ninjago;dragon toy;action figures,0,domeggook-com;lego-com-ko-kr;dometopia-com
lego-blocks,19,레고 스타워즈 밀레니엄 팔콘,LEGO Star Wars Millennium Falcon,레고,150,65000,57,1000,172013,lego star wars;millennium falcon;collectible lego,-9,domeggook-com;lego-com-ko-kr;lottemart-com-toysrus
lego-blocks,20,레고 크리에이터 엑스퍼트,LEGO Creator Expert,레고,200,80000,60,1200,172013,lego creator;expert builder;adult lego,0,domeggook-com;lego-com-ko-kr;itoy-co-kr
lego-blocks,21,조립 완구 로봇,Assembly Toy Robot,옥스포드,55,23000,58,450,172013,toy robot;assembly kit;stem toys,0,domeggook-com;ownerclan-com;dometopia-com
lego-blocks,22,조립 완구 자동차,Assembly Toy Car,옥스포드,40,18000,55,300,172013,toy car kit;model car;building blocks,0,domeggook-com;sellmoa-com;supercat-co-kr
lego-blocks,23,조립 완구 비행기,Assembly Toy Airplane,옥스포드,42,19000,55,320,172013,toy airplane kit;model airplane;construction toys,0,domeggook-com;domema-com;onchannel-co-kr
lego-blocks,24,조립 완구 동물,Assembly Toy Animal,옥스포드,30,12000,60,200,172013,toy animal kit;animal blocks;kids crafts,0,domeggook-com;ownerclan-com;dometopia-com
lego-blocks,25,조립 완구 건축물,Assembly Toy Building,옥스포드,65,28000,57,500,172013,toy building kit;architectural blocks;model building,0,domeggook-com;sellmoa-com;supercat-co-kr
lego-blocks,26,조립 완구 캐릭터,Assembly Toy Character,카카오프렌즈 브릭,28,11000,60,180,172013,toy character;brick figures;collectible toys,0,domeggook-com;domema-com;onchannel-co-kr
lego-blocks,27,조립 완구 공룡,Assembly Toy Dinosaur,옥스포드,38,16000,58,280,172013,toy dinosaur;dinosaur blocks;kids toys,0,domeggook-com;ownerclan-com;dometopia-com
lego-blocks,28,조립 완구 우주선,Assembly Toy Spaceship,옥스포드,50,22000,56,400,172013,toy spaceship;space blocks;sci-fi toys,0,domeggook-com;sellmoa-com;supercat-co-kr
lego-blocks,29,조립 완구 해적선,Assembly Toy Pirate Ship,옥스포드,60,25000,58,550,172013,toy pirate ship;ship blocks;adventure toys,0,domeggook-com;domema-com;onchannel-co-kr
lego-blocks,30,조립 완구 성,Assembly Toy Castle,옥스포드,75,32000,57,650,172013,toy castle;fantasy blocks;medieval toys,0,domeggook-com;ownerclan-com;dometopia-com
k-beauty-skincare,1,이니스프리 그린티 씨드 세럼,Innisfree Green Tea Seed Serum,이니스프리,28,11000,60,150,183479,innisfree serum;korean skincare;green tea,1,domeggook-com;cosmeticdome-com;kbeautydomae-com
k-beauty-skincare,2,설화수 윤조 에센스,Sulwhasoo First Care Activating Serum,설화수,80,35000,56,200,183479,sulwhasoo essence;luxury kbeauty;anti-aging,0,domeggook-com;ownerclan-com;beautyn-co-kr
k-beauty-skincare,3,라네즈 워터 슬리핑 마스크,Laneige Water Sleeping Mask,라네즈,25,10000,60,180,183479,laneige mask;sleeping pack;hydrating mask,0,domeggook-com;sellmoa-com;supercat-co-kr
k-beauty-skincare,4,닥터자르트 시카페어 크림,Dr. Jart+ Cicapair Cream,닥터자르트,35,15000,57,100,183479,dr jart cicapair;cica cream;sensitive skin,2,domeggook-com;domema-com;onchannel-co-kr
k-beauty-skincare,5,메디힐 티트리 케어 솔루션 마스크,Mediheal Tea Tree Care Solution Mask,메디힐,18,7000,61,30,183479,mediheal mask;tea tree mask;acne care,0,domeggook-com;cosmeticdome-com;kbeautydomae-com
k-beauty-skincare,6,코스알엑스 저분자 히알루론산 세럼,COSRX Low pH Good Morning Gel Cleanser,코스알엑스,12,5000,58,120,183479,cosrx cleanser;low ph cleanser;gentle cleanser,-3,domeggook-com;ownerclan-com;beautyn-co-kr
k-beauty-skincare,7,아누아 어성초 토너,Anua Heartleaf 77% Soothing Toner,아누아,22,9000,59,250,183479,anua toner;heartleaf toner;soothing toner,-2,domeggook-com;sellmoa-com;supercat-co-kr
k-beauty-skincare,8,토리든 다이브인 저분자 히알루론산 세럼,Torriden DIVE-IN Low Molecular Hyaluronic Acid Serum,토리든,28,11000,60,150,183479,torriden serum;hyaluronic acid;hydrating serum,0,domeggook-com;domema-com;onchannel-co-kr
k-beauty-skincare,9,에스트라 아토베리어 365 크림,Aestura Atobarrier 365 Cream,에스트라,38,16000,58,120,183479,aestura cream;atobarrier;moisturizer,0,domeggook-com;cosmeticdome-com;kbeautydomae-com
k-beauty-skincare,10,라운드랩 1025 독도 토너,Round Lab 1025 Dokdo Toner,라운드랩,20,8000,60,280,183479,round lab toner;dokdo toner;hydrating toner,0,domeggook-com;ownerclan-com;beautyn-co-kr
k-beauty-skincare,11,아이소이 불가리안 로즈 세럼,ISOI Bulgarian Rose Blemish Care Serum,아이소이,45,20000,56,80,183479,isoi serum;rose serum;blemish care,0,domeggook-com;sellmoa-com;supercat-co-kr
k-beauty-skincare,12,마녀공장 퓨어 클렌징 오일,Manyo Factory Pure Cleansing Oil,마녀공장,28,11000,60,220,183479,manyo cleansing oil;korean cleansing;oil cleanser,0,domeggook-com;domema-com;onchannel-co-kr
k-beauty-skincare,13,아비브 어성초 스팟 패드,Abib Heartleaf Spot Pad Calming Touch,아비브,20,8000,60,100,183479,abib pad;heartleaf pad;calming pad,0,domeggook-com;cosmeticdome-com;kbeautydomae-com
k-beauty-skincare,14,넘버즈인 3번 맑은 광채 촉촉 에센스,Numbuzin No.3 Skin Softening Serum,넘버즈인,30,12000,60,100,183479,numbuzin serum;skin softening;kbeauty serum,0,domeggook-com;ownerclan-com;beautyn-co-kr
k-beauty-skincare,15,스킨푸드 캐롯 카로틴 카밍 워터 패드,SKINFOOD Carrot Carotene Calming Water Pad,스킨푸드,22,9000,59,180,183479,skinfood pad;carrot pad;calming pad,0,domeggook-com;sellmoa-com;supercat-co-kr
k-beauty-skincare,16,수분 크림,Hydrating Cream,라네즈,28,11000,60,150,183479,moisturizer;korean cream;hydration,0,domeggook-com;domema-com;onchannel-co-kr
k-beauty-skincare,17,클렌징 폼,Cleansing Foam,이니스프리,15,6000,60,120,183479,face wash;korean cleanser;foam cleanser,0,domeggook-com;cosmeticdome-com;kbeautydomae-com
k-beauty-skincare,18,선크림,Sunscreen,라운드랩,20,8000,60,80,183479,korean sunscreen;uv protection;sunblock,0,domeggook-com;ownerclan-com;beautyn-co-kr
k-beauty-skincare,19,아이 크림,Eye Cream,설화수,50,22000,56,50,183479,anti-aging eye cream;korean eye care;wrinkle care,0,domeggook-com;sellmoa-com;supercat-co-kr
k-beauty-skincare,20,필링젤,Peeling Gel,스킨푸드,18,7000,61,100,183479,exfoliating gel;korean peeling;dead skin remover,0,domeggook-com;domema-com;onchannel-co-kr
k-beauty-skincare,21,앰플,Ampoule,닥터자르트,32,13000,59,80,183479,korean ampoule;skin treatment;concentrated serum,0,domeggook-com;cosmeticdome-com;kbeautydomae-com
k-beauty-skincare,22,미스트,Facial Mist,라네즈,20,8000,60,150,183479,korean mist;hydrating spray;face mist,0,domeggook-com;ownerclan-com;beautyn-co-kr
k-beauty-skincare,23,립 마스크,Lip Sleeping Mask,라네즈,18,7000,61,50,183479,laneige lip mask;lip care;overnight lip treatment,0,domeggook-com;sellmoa-com;supercat-co-kr
k-beauty-skincare,24,시트 마스크 팩,Sheet Mask Pack,메디힐,25,10000,60,200,183479,korean sheet mask;face mask;skincare pack,0,domeggook-com;domema-com;onchannel-co-kr
k-beauty-skincare,25,토너 패드,Toner Pad,아누아,22,9000,59,150,183479,korean toner pad;exfoliating pad;skincare pad,0,domeggook-com;cosmeticdome-com;kbeautydomae-com
k-beauty-skincare,26,클렌징 밤,Cleansing Balm,마녀공장,25,10000,60,120,183479,korean cleansing balm;makeup remover;balm cleanser,0,domeggook-com;ownerclan-com;beautyn-co-kr
k-beauty-skincare,27,세럼,Serum,토리든,30,12000,60,100,183479,korean serum;face serum;skin treatment,0,domeggook-com;sellmoa-com;supercat-co-kr
k-beauty-skincare,28,에센스,Essence,설화수,70,30000,57,180,183479,korean essence;facial essence;skin booster,0,domeggook-com;domema-com;onchannel-co-kr
k-beauty-skincare,29,클렌징 워터,Cleansing Water,이니스프리,18,7000,61,250,183479,micellar water;korean cleansing water;makeup remover,0,domeggook-com;cosmeticdome-com;kbeautydomae-com
k-beauty-skincare,30,페이스 오일,Face Oil,이니스프리,28,11000,60,80,183479,korean face oil;skincare oil;facial treatment,0,domeggook-com;ownerclan-com;beautyn-co-kr
k-fashion,1,무신사 스탠다드 슬랙스,Musinsa Standard Slacks,무신사 스탠다드,45,22000,50,350,11483,korean fashion;musinsa;slacks,0,domeggook-com;sinsangmarket-kr;linkshops-com
k-fashion,2,아더에러 티셔츠,ADER error T-shirt,아더에러,120,55000,45,250,15687,ader error;korean streetwear;designer tee,0,ownerclan-com;dometopia-com;supercat-co-kr
k-fashion,3,앤더슨벨 니트 스웨터,Andersson Bell Knit Sweater,앤더슨벨,90,40000,48,400,11483,andersson bell;k-fashion;knitwear,0,domeggook-com;sinsangmarket-kr;linkshops-com
k-fashion,4,젠틀몬스터 선글라스,Gentle Monster Sunglasses,젠틀몬스터,250,110000,40,150,17578,gentle monster;korean eyewear;designer sunglasses,0,ownerclan-com;dometopia-com;supercat-co-kr
k-fashion,5,커버낫 로고 후드티,Covernat Logo Hoodie,커버낫,60,28000,53,450,15724,covernat;korean streetwear;hoodie,-1,domeggook-com;sinsangmarket-kr;linkshops-com
k-fashion,6,디스이즈네버댓 맨투맨,thisisneverthat Sweatshirt,디스이즈네버댓,75,35000,50,380,15687,thisisneverthat;korean brand;sweatshirt,0,ownerclan-com;dometopia-com;supercat-co-kr
k-fashion,7,LMC 로고 티셔츠,LMC Logo T-shirt,LMC,40,18000,55,200,15687,lmc;korean streetwear;graphic tee,0,domeggook-com;sinsangmarket-kr;linkshops-com
k-fashion,8,마르디 메크르디 플라워 티셔츠,Mardi Mercredi Flower T-shirt,마르디 메크르디,55,25000,52,220,15687,mardi mercredi;k-fashion;flower tee,0,ownerclan-com;dometopia-com;supercat-co-kr
k-fashion,9,미스치프 로고 후드티,Mischief Logo Hoodie,미스치프,70,32000,54,420,15724,mischief;korean streetwear;hoodie,0,domeggook-com;sinsangmarket-kr;linkshops-com
k-fashion,10,oioi 로고 맨투맨,oioi Logo Sweatshirt,oioi,65,30000,53,370,15687,oioi;korean fashion;sweatshirt,0,ownerclan-com;dometopia-com;supercat-co-kr
k-fashion,11,널디 트랙 세트,Nerdy Track Set,널디,130,60000,48,700,15724,nerdy;korean sportswear;tracksuit,0,domeggook-com;sinsangmarket-kr;linkshops-com
k-fashion,12,키르시 체리 티셔츠,Kirsh Cherry T-shirt,키르시,35,16000,54,180,15687,kirsh;k-fashion;cherry tee,-3,ownerclan-com;dometopia-com;supercat-co-kr
k-fashion,13,아크메드라비 베이비페이스 후드티,ADLV Babyface Hoodie,아크메드라비,80,38000,52,480,15724,adlv;korean streetwear;babyface hoodie,0,domeggook-com;sinsangmarket-kr;linkshops-com
k-fashion,14,스타일난다 원피스,Stylenanda Dress,스타일난다,70,33000,53,300,63861,stylenanda;k-fashion;korean dress,0,ownerclan-com;dometopia-com;supercat-co-kr
k-fashion,15,임블리 블라우스,Imvely Blouse,임블리,50,23000,54,150,53159,imvely;k-fashion;korean blouse,0,domeggook-com;sinsangmarket-kr;linkshops-com
k-fashion,16,무신사 스탠다드 옥스포드 셔츠,Musinsa Standard Oxford Shirt,무신사 스탠다드,40,19000,52,280,57991,musinsa;oxford shirt;korean basic,0,domeggook-com;sinsangmarket-kr;linkshops-com
k-fashion,17,아더에러 볼캡,ADER error Ball Cap,아더에러,80,38000,50,120,17578,ader error;korean cap;streetwear accessory,0,ownerclan-com;dometopia-com;supercat-co-kr
k-fashion,18,앤더슨벨 데님 자켓,Andersson Bell Denim Jacket,앤더슨벨,150,70000,45,600,57988,andersson bell;denim jacket;k-fashion outerwear,0,domeggook-com;sinsangmarket-kr;linkshops-com
k-fashion,19,젠틀몬스터 안경테,Gentle Monster Optical Frames,젠틀몬스터,200,90000,42,100,17578,gentle monster;korean glasses;designer frames,0,ownerclan-com;dometopia-com;supercat-co-kr
k-fashion,20,커버낫 에코백,Covernat Eco Bag,커버낫,30,13000,56,100,169291,covernat;korean bag;tote bag,0,domeggook-com;sinsangmarket-kr;linkshops-com
k-fashion,21,디스이즈네버댓 반팔 티셔츠,thisisneverthat Short Sleeve T-shirt,디스이즈네버댓,50,23000,54,200,15687,thisisneverthat;korean tee;streetwear,0,ownerclan-com;dometopia-com;supercat-co-kr
k-fashion,22,LMC 후드티,LMC Hoodie,LMC,70,32000,54,400,15724,lmc;korean hoodie;streetwear,0,domeggook-com;sinsangmarket-kr;linkshops-com
k-fashion,23,마르디 메크르디 맨투맨,Mardi Mercredi Sweatshirt,마르디 메크르디,80,37000,53,350,15687,mardi mercredi;k-fashion;flower sweatshirt,-20,ownerclan-com;dometopia-com;supercat-co-kr
k-fashion,24,미스치프 스커트,Mischief Skirt,미스치프,60,28000,53,250,63861,mischief;korean skirt;streetwear,0,domeggook-com;sinsangmarket-kr;linkshops-com
k-fashion,25,oioi 후드 집업,oioi Zip-up Hoodie,oioi,75,35000,50,450,15724,oioi;korean fashion;zip hoodie,0,ownerclan-com;dometopia-com;supercat-co-kr
k-fashion,26,널디 반팔 티셔츠,Nerdy Short Sleeve T-shirt,널디,45,20000,55,200,15687,nerdy;korean sportswear;graphic tee,0,domeggook-com;sinsangmarket-kr;linkshops-com
k-fashion,27,키르시 맨투맨,Kirsh Sweatshirt,키르시,55,25000,52,300,15687,kirsh;k-fashion;cherry sweatshirt,0,ownerclan-com;dometopia-com;supercat-co-kr
k-fashion,28,아크메드라비 티셔츠,ADLV T-shirt,아크메드라비,60,28000,53,220,15687,adlv;korean streetwear;graphic tee,0,domeggook-com;sinsangmarket-kr;linkshops-com
k-fashion,29,스타일난다 스키니진,Stylenanda Skinny Jeans,스타일난다,65,30000,50,400,11483,stylenanda;k-fashion;korean jeans,0,ownerclan-com;dometopia-com;supercat-co-kr
k-fashion,30,임블리 니트 가디건,Imvely Knit Cardigan,임블리,55,25000,52,300,11483,imvely;k-fashion;korean cardigan,0,domeggook-com;sinsangmarket-kr;linkshops-com
mens-fashion,1,시스템옴므 오버핏 코트,System Homme Oversized Coat,시스템옴므,300,140000,45,800,57988,system homme;korean menswear;designer coat,0,ownerclan-com;ndm-kr;dometopia-com
mens-fashion,2,솔리드옴므 맨투맨,Solid Homme Sweatshirt,솔리드옴므,180,85000,48,400,15687,solid homme;korean fashion;designer sweatshirt,0,domeggook-com;supercat-co-kr;onchannel-co-kr
mens-fashion,3,우영미 로고 티셔츠,Wooyoungmi Logo T-shirt,우영미,150,70000,45,250,15687,wooyoungmi;korean designer;logo tee,0,ownerclan-com;ndm-kr;dometopia-com
mens-fashion,4,준지 항공 점퍼,Juun.J Bomber Jacket,준지,400,180000,40,700,57988,juun.j;korean streetwear;bomber jacket,0,domeggook-com;supercat-co-kr;onchannel-co-kr
mens-fashion,5,송지오 옴므 수트,Songzio Homme Suit,송지오 옴므,600,280000,42,1200,3001,songzio homme;korean suit;designer formalwear,0,ownerclan-com;ndm-kr;dometopia-com
mens-fashion,6,커스텀멜로우 셔츠,Customellow Shirt,커스텀멜로우,90,40000,50,300,57991,customellow;korean casual;men's shirt,0,domeggook-com;supercat-co-kr;onchannel-co-kr
mens-fashion,7,티아이포맨 니트,T.I FOR MEN Knit,티아이포맨,80,36000,52,350,11483,ti for men;korean knitwear;men's sweater,0,ownerclan-com;ndm-kr;dometopia-com
mens-fashion,8,지오지아 슬랙스,Ziozia Slacks,지오지아,60,28000,53,380,11483,ziozia;korean business casual;men's slacks,0,domeggook-com;supercat-co-kr;onchannel-co-kr
mens-fashion,9,앤드지 자켓,ANDZ Jacket,앤드지,120,55000,48,500,57988,andz;korean menswear;men's jacket,0,ownerclan-com;ndm-kr;dometopia-com
mens-fashion,10,본(BON) 코트,BON Coat,본(BON),250,110000,45,750,57988,bon;korean formalwear;men's coat,0,domeggook-com;supercat-co-kr;onchannel-co-kr
mens-fashion,11,지이크 수트,Sieg Suit,지이크,350,160000,43,1100,3001,sieg;korean suit;men's formalwear,0,ownerclan-com;ndm-kr;dometopia-com
mens-fashion,12,닥스 액세서리 지갑,Daks Accessories Wallet,닥스 액세서리,100,45000,48,150,17578,daks;korean wallet;men's accessory,0,domeggook-com;supercat-co-kr;onchannel-co-kr
mens-fashion,13,헤지스 액세서리 벨트,Hazzys Accessories Belt,헤지스 액세서리,70,32000,50,200,17578,hazzys;korean belt;men's accessory,0,ownerclan-com;ndm-kr;dometopia-com
mens-fashion,14,루이까또즈 가방,Louis Quatorze Bag,루이까또즈,200,90000,45,600,169291,louis quatorze;korean bag;men's briefcase,0,domeggook-com;supercat-co-kr;onchannel-co-kr
mens-fashion,15,MCM 지갑,MCM Wallet,MCM,150,70000,42,180,17578,mcm;korean luxury;men's wallet,0,ownerclan-com;ndm-kr;dometopia-com
mens-fashion,16,시스템옴므 셔츠,System Homme Shirt,시스템옴므,120,55000,48,300,57991,system homme;korean menswear;designer shirt,0,ownerclan-com;ndm-kr;dometopia-com
mens-fashion,17,솔리드옴므 바지,Solid Homme Pants,솔리드옴므,200,90000,45,500,11483,solid homme;korean fashion;designer pants,0,domeggook-com;supercat-co-kr;onchannel-co-kr
mens-fashion,18,우영미 후드티,Wooyoungmi Hoodie,우영미,250,110000,42,550,15724,wooyoungmi;korean designer;hoodie,0,ownerclan-com;ndm-kr;dometopia-com
mens-fashion,19,준지 티셔츠,Juun.J T-shirt,준지,180,80000,48,280,15687,juun.j;korean streetwear;designer tee,0,domeggook-com;supercat-co-kr;onchannel-co-kr
mens-fashion,20,송지오 옴므 셔츠,Songzio Homme Shirt,송지오 옴므,150,68000,45,320,57991,songzio homme;korean formalwear;men's shirt,0,ownerclan-com;ndm-kr;dometopia-com
mens-fashion,21,커스텀멜로우 바지,Customellow Pants,커스텀멜로우,100,45000,50,450,11483,customellow;korean casual;men's pants,0,domeggook-com;supercat-co-kr;onchannel-co-kr
mens-fashion,22,티아이포맨 코트,T.I FOR MEN Coat,티아이포맨,200,90000,48,700,57988,ti for men;korean menswear;men's coat,0,ownerclan-com;ndm-kr;dometopia-com
mens-fashion,23,지오지아 자켓,Ziozia Jacket,지오지아,150,70000,45,600,57988,ziozia;korean business casual;men's jacket,0,domeggook-com;supercat-co-kr;onchannel-co-kr
mens-fashion,24,앤드지 니트,ANDZ Knit,앤드지,90,40000,50,380,11483,andz;korean menswear;men's knitwear,0,ownerclan-com;ndm-kr;dometopia-com
mens-fashion,25,본(BON) 셔츠,BON Shirt,본(BON),80,36000,52,280,57991,bon;korean formalwear;men's shirt,0,domeggook-com;supercat-co-kr;onchannel-co-kr
mens-fashion,26,지이크 바지,Sieg Pants,지이크,110,50000,48,480,11483,sieg;korean formalwear;men's pants,0,ownerclan-com;ndm-kr;dometopia-com
mens-fashion,27,닥스 액세서리 카드지갑,Daks Accessories Card Wallet,닥스 액세서리,60,28000,53,80,17578,daks;korean card wallet;men's accessory,0,domeggook-com;supercat-co-kr;onchannel-co-kr
mens-fashion,28,헤지스 액세서리 넥타이,Hazzys Accessories Tie,헤지스 액세서리,50,23000,54,50,17578,hazzys;korean tie;men's accessory,0,ownerclan-com;ndm-kr;dometopia-com
mens-fashion,29,루이까또즈 벨트,Louis Quatorze Belt,루이까또즈,90,40000,50,220,17578,louis quatorze;korean belt;men's accessory,0,domeggook-com;supercat-co-kr;onchannel-co-kr
mens-fashion,30,MCM 백팩,MCM Backpack,MCM,350,160000,43,1000,169291,mcm;korean luxury;men's backpack,0,ownerclan-com;ndm-kr;dometopia-com
trading-cards,1,포켓몬 카드 게임 부스터 박스,Pokemon Card Game Booster Box,포켓몬 카드 게임,80,38000,50,300,183454,pokemon cards;korean tcg;booster box,0,domeggook-com;pokemonkorea-co-kr-card;cardcastle-co-kr
trading-cards,2,유희왕 오피셜 카드게임 스트럭처 덱,Yu-Gi-Oh! OCG Structure Deck,유희왕 오피셜 카드게임,30,14000,53,150,183454,yugioh cards;korean ocg;structure deck,0,ownerclan-com;yugioh-co-kr;cardcastle-co-kr
trading-cards,3,코리아보드게임즈 보드게임 카드,Korea Boardgames Board Game Cards,코리아보드게임즈,25,11000,55,100,183454,korean board game;card game;korea boardgames,0,domeggook-com
trading-cards,4,대원미디어 캐릭터 카드팩,Daewon Media Character Card Pack,대원미디어,15,6000,60,50,183454,daewon media;korean character cards;card pack,0,ownerclan-com;cardcastle-co-kr
trading-cards,5,카드캐슬 매직 더 게더링 부스터,Cardcastle Magic The Gathering Booster,카드캐슬,10,4000,60,30,183454,magic the gathering;korean mtg;booster pack,0,domeggook-com;cardcastle-co-kr
trading-cards,6,카드킹덤 포켓몬 카드 슬리브,Cardkingdom Pokemon Card Sleeves,카드킹덤,8,3000,62,40,183454,pokemon sleeves;card protection;korean card accessories,0,ownerclan-com
trading-cards,7,보드엠 카드 프로텍터,BoardM Card Protector,보드엠,7,2500,64,35,183454,card protector;board game accessories;korean boardm,0,domeggook-com
trading-cards,8,다이브다이스 보드게임 확장팩,Dive Dice Board Game Expansion Pack,다이브다이스,40,18000,55,200,183454,board game expansion;korean board game;dive dice,0,ownerclan-com
trading-cards,9,하비게임몰 트레이딩 카드 앨범,Hobbygamemall Trading Card Album,하비게임몰,20,9000,55,180,183454,card album;trading card storage;korean hobby,0,domeggook-com
trading-cards,10,레드 다이스 주사위 세트,Red Dice Dice Set,레드 다이스,12,5000,58,80,183454,dice set;board game accessories;korean red dice,0,ownerclan-com
trading-cards,11,아카데미과학 건담 트라이 에이지 카드,Academy Science Gundam Try Age Card,아카데미과학,20,8000,60,40,183454,gundam cards;korean anime cards;try age,0,domeggook-com;dometopia-com;sellmoa-com
trading-cards,12,미카코리아 애니메이션 카드,Mika Korea Animation Cards,미카코리아,18,7000,61,30,183454,korean animation cards;collectible cards;mika korea,0,ownerclan-com;supercat-co-kr;domema-com
trading-cards,13,카드플래닛 포켓몬 카드 싱글,Cardplanet Pokemon Card Single,카드플래닛,5,2000,60,10,183454,pokemon single card;korean pokemon;rare card,0,domeggook-com;cardcastle-co-kr
trading-cards,14,매직더게더링 코리아 플레이매트,Magic The Gathering Korea Playmat,매직더게더링 코리아,25,10000,60,250,183454,mtg playmat;korean mtg;card game accessories,0,ownerclan-com
trading-cards,15,건담 트라이 에이지 스타터 덱,Gundam Try Age Starter Deck,건담 트라이 에이지,35,15000,57,180,183454,gundam starter deck;korean tcg;anime card game,0,domeggook-com;dometopia-com;sellmoa-com
trading-cards,16,포켓몬 카드 게임 스타터 덱,Pokemon Card Game Starter Deck,포켓몬 카드 게임,20,9000,55,120,183454,pokemon starter;korean tcg;beginner deck,0,domeggook-com;pokemonkorea-co-kr-card;cardcastle-co-kr
trading-cards,17,유희왕 오피셜 카드게임 부스터 팩,Yu-Gi-Oh! OCG Booster Pack,유희왕 오피셜 카드게임,5,2000,60,20,183454,yugioh booster;korean ocg;card pack,0,ownerclan-com;yugioh-co-kr;cardcastle-co-kr
trading-cards,18,코리아보드게임즈 카드게임,Korea Boardgames Card Game,코리아보드게임즈,30,13000,56,150,183454,korean card game;board game;korea boardgames,0,domeggook-com
trading-cards,19,대원미디어 트레이딩 카드 박스,Daewon Media Trading Card Box,대원미디어,60,28000,53,250,183454,daewon media;korean trading cards;card box,0,ownerclan-com;cardcastle-co-kr
trading-cards,20,카드캐슬 유희왕 카드 싱글,Cardcastle Yu-Gi-Oh! Card Single,카드캐슬,8,3000,62,10,183454,yugioh single card;korean yugioh;rare card,0,domeggook-com;cardcastle-co-kr
trading-cards,21,카드킹덤 카드 바인더,Cardkingdom Card Binder,카드킹덤,15,6000,60,150,183454,card binder;card storage;korean card accessories,0,ownerclan-com
trading-cards,22,보드엠 보드게임 카드 슬리브,BoardM Board Game Card Sleeves,보드엠,9,3500,61,45,183454,board game sleeves;card protection;korean boardm,0,domeggook-com
trading-cards,23,다이브다이스 카드 게임 매트,Dive Dice Card Game Mat,다이브다이스,22,9000,59,200,183454,card game mat;korean board game;playmat,0,ownerclan-com
trading-cards,24,하비게임몰 카드 케이스,Hobbygamemall Card Case,하비게임몰,10,4000,60,60,183454,card case;card storage;korean hobby,0,domeggook-com
trading-cards,25,레드 다이스 카드 홀더,Red Dice Card Holder,레드 다이스,6,2500,58,30,183454,card holder;board game accessories;korean red dice,0,ownerclan-com
trading-cards,26,아카데미과학 포켓몬 카드 게임 세트,Academy Science Pokemon Card Game Set,아카데미과학,25,10000,60,150,183454,pokemon card set;korean tcg;academy science,0,domeggook-com;dometopia-com;sellmoa-com
trading-cards,27,미카코리아 트레이딩 카드 부스터,Mika Korea Trading Card Booster,미카코리아,12,5000,58,25,183454,korean trading cards;booster pack;mika korea,0,ownerclan-com;supercat-co-kr;domema-com
trading-cards,28,카드플래닛 유희왕 카드 부스터 박스,Cardplanet Yu-Gi-Oh! Card Booster Box,카드플래닛,70,30000,57,280,183454,yugioh booster box;korean ocg;cardplanet,0,domeggook-com;cardcastle-co-kr
trading-cards,29,매직더게더링 코리아 스타터 덱,Magic The Gathering Korea Starter Deck,매직더게더링 코리아,28,12000,57,160,183454,mtg starter deck;korean mtg;beginner deck,0,ownerclan-com
trading-cards,30,건담 트라이 에이지 부스터 팩,Gundam Try Age Booster Pack,건담 트라이 에이지,10,4000,60,30,183454,gundam booster pack;korean tcg;anime card,0,domeggook-com;dometopia-com;sellmoa-com
k-food,1,농심 신라면,Nongshim Shin Ramyun,농심,15,6000,60,600,184318,korean ramen;shin ramyun;nongshim,0,domeggook-com;foodn-co-kr;masitneunmarket-com
k-food,2,오뚜기 진라면,Ottogi Jin Ramen,오뚜기,14,5500,60,600,184318,korean ramen;jin ramen;ottogi,0,ownerclan-com;domema-com
k-food,3,삼양식품 불닭볶음면,Samyang Buldak Ramen,삼양식품,16,6500,59,600,184318,buldak ramen;spicy korean noodles;samyang,0,domeggook-com;foodn-co-kr;masitneunmarket-com
k-food,4,CJ제일제당 비비고 만두,CJ CheilJedang Bibigo Mandu,CJ제일제당,20,9000,55,800,184318,bibigo mandu;korean dumplings;cj food,0,ownerclan-com;domema-com
k-food,5,롯데웰푸드 빼빼로,Lotte Wellfood Pepero,롯데웰푸드,10,4000,60,200,184318,pepero;korean snack;lotte,0,domeggook-com;foodn-co-kr;masitneunmarket-com
k-food,6,오리온 초코파이,Orion Choco Pie,오리온,12,4800,60,300,184318,choco pie;korean dessert;orion,0,ownerclan-com;domema-com
k-food,7,해태제과 홈런볼,Haitai Home Run Ball,해태제과,8,3000,62,150,184318,home run ball;korean snack;haitai,0,domeggook-com;foodn-co-kr;masitneunmarket-com
k-food,8,크라운제과 마이쮸,Crown Confectionery Mychew,크라운제과,7,2500,64,100,184318,mychew;korean candy;crown snack,0,ownerclan-com;domema-com
k-food,9,동서식품 맥심 커피믹스,Dongsuh Foods Maxim Coffee Mix,동서식품,25,11000,56,500,184318,maxim coffee;korean coffee mix;dongsuh,0,domeggook-com;foodn-co-kr;masitneunmarket-com
k-food,10,팔도 비빔면,Paldo Bibim Men,팔도,13,5000,61,550,184318,bibim men;korean cold noodles;paldo,0,ownerclan-com;domema-com
k-food,11,빙그레 바나나맛우유,Binggrae Banana Milk,빙그레,18,8000,55,700,184318,banana milk;korean drink;binggrae,-6,domeggook-com;foodn-co-kr;masitneunmarket-com
k-food,12,청정원 순창 고추장,Chungjungone Sunchang Gochujang,청정원,22,9500,57,500,184318,gochujang;korean chili paste;chungjungone,0,ownerclan-com;domema-com
k-food,13,샘표 간장,Sempio Soy Sauce,샘표,15,6000,60,750,184318,soy sauce;korean seasoning;sempio,0,domeggook-com;foodn-co-kr;masitneunmarket-com
k-food,14,동원F&B 참치캔,Dongwon F&B Tuna Can,동원F&B,10,4000,60,200,184318,korean tuna;canned food;dongwon,0,ownerclan-com;domema-com
k-food,15,하림 닭가슴살,Harim Chicken Breast,하림,25,10000,60,500,184318,korean chicken;harim;healthy food,0,domeggook-com;foodn-co-kr;masitneunmarket-com
k-food,16,농심 새우깡,Nongshim Saewookkang,농심,9,3500,61,100,184318,korean shrimp snack;saewookkang;nongshim,0,domeggook-com;foodn-co-kr;masitneunmarket-com
k-food,17,오뚜기 3분 카레,Ottogi 3-Minute Curry,오뚜기,11,4500,59,300,184318,korean curry;ottogi;instant food,0,ownerclan-com;domema-com
k-food,18,삼양식품 까르보불닭볶음면,Samyang Carbo Buldak Ramen,삼양식품,17,7000,58,600,184318,carbo buldak;spicy korean noodles;samyang,0,domeggook-com;foodn-co-kr;masitneunmarket-com
k-food,19,CJ제일제당 햇반,CJ CheilJedang Hetbahn,CJ제일제당,18,8000,55,650,184318,hetbahn;korean instant rice;cj food,0,ownerclan-com;domema-com
k-food,20,롯데웰푸드 자일리톨 껌,Lotte Wellfood Xylitol Gum,롯데웰푸드,6,2500,58,50,184318,xylitol gum;korean gum;lotte,-2,domeggook-com;foodn-co-kr;masitneunmarket-com
k-food,21,오리온 포카칩,Orion Pocachip,오리온,9,3500,61,120,184318,pocachip;korean potato chips;orion,0,ownerclan-com;domema-com
k-food,22,해태제과 맛동산,Haitai Matdongsan,해태제과,10,4000,60,200,184318,matdongsan;korean snack;haitai,0,domeggook-com;foodn-co-kr;masitneunmarket-com
k-food,23,크라운제과 죠리퐁,Crown Confectionery Jyoripong,크라운제과,8,3000,62,150,184318,jyoripong;korean cereal snack;crown snack,0,ownerclan-com;domema-com
k-food,24,동서식품 오레오,Dongsuh Foods Oreo,동서식품,12,5000,58,250,184318,korean oreo;cookie;dongsuh,0,domeggook-com;foodn-co-kr;masitneunmarket-com
k-food,25,팔도 꼬꼬면,Paldo Kokomen,팔도,14,5500,60,550,184318,kokomen;korean chicken ramen;paldo,0,ownerclan-com;domema-com
k-food,26,빙그레 메로나,Binggrae Melona,빙그레,20,8000,60,800,184318,melona;korean ice cream;binggrae,0,domeggook-com;foodn-co-kr;masitneunmarket-com
k-food,27,청정원 미역국,Chungjungone Seaweed Soup,청정원,16,7000,56,400,184318,seaweed soup;korean instant soup;chungjungone,0,ownerclan-com;domema-com
k-food,28,샘표 된장,Sempio Doenjang,샘표,18,7500,58,600,184318,doenjang;korean soybean paste;sempio,0,domeggook-com;foodn-co-kr;masitneunmarket-com
k-food,29,동원F&B 양반김,Dongwon F&B Yangban Kim,동원F&B,12,5000,58,100,184318,korean seaweed;yangban kim;dongwon,0,ownerclan-com;domema-com
k-food,30,하림 즉석밥,Harim Instant Rice,하림,15,6000,60,700,184318,korean instant rice;harim;convenience food,0,domeggook-com;foodn-co-kr;masitneunmarket-com
figures-collectibles,1,카카오프렌즈 라이언 피규어,Kakao Friends Ryan Figure,카카오프렌즈,30,13000,56,150,1418,kakao friends;ryan figure;korean character,0,domeggook-com;figurefriends-co-kr;hobbyfactory-co-kr
figures-collectibles,2,라인프렌즈 브라운 인형,Line Friends Brown Plush Doll,라인프렌즈,40,18000,55,250,1418,line friends;brown doll;korean plush,0,ownerclan-com;gundamshop-co-kr;domema-com
figures-collectibles,3,블리츠웨이 스태츄,Blitzway Statue,블리츠웨이,300,140000,45,1500,1418,blitzway;korean statue;collectible figure,1,domeggook-com;figurefriends-co-kr;hobbyfactory-co-kr
figures-collectibles,4,스티키몬스터랩 피규어,Sticky Monster Lab Figure,스티키몬스터랩,60,28000,53,200,1418,sticky monster lab;korean designer toy;art toy,10,ownerclan-com;gundamshop-co-kr;domema-com
figures-collectibles,5,팝마트 코리아 블라인드 박스,Pop Mart Korea Blind Box,팝마트 코리아,15,6000,60,80,1418,pop mart;korean blind box;collectible toy,0,domeggook-com;figurefriends-co-kr;hobbyfactory-co-kr
figures-collectibles,6,킨키로봇 아트토이,Kinky Robot Art Toy,킨키로봇,80,35000,56,300,1418,kinky robot;korean art toy;designer collectible,0,ownerclan-com;gundamshop-co-kr;domema-com
figures-collectibles,7,쿨레인 피규어,Coolrain Figure,쿨레인,120,55000,50,400,1418,coolrain;korean artist figure;collectible art,0,domeggook-com;figurefriends-co-kr;hobbyfactory-co-kr
figures-collectibles,8,하비팩토리 건담 프라모델,Hobby Factory Gundam Plastic Model,하비팩토리,50,23000,54,350,1418,gundam model;korean hobby;plastic model kit,0,ownerclan-com;gundamshop-co-kr;domema-com
figures-collectibles,9,JND 스튜디오 1/3 스케일 스태츄,JND Studios 1/3 Scale Statue,JND 스튜디오,800,380000,40,5000,1418,jnd studios;korean premium statue;large scale figure,0,domeggook-com;figurefriends-co-kr;hobbyfactory-co-kr
figures-collectibles,10,5PROSTUDIO 로봇 피규어,5PROSTUDIO Robot Figure,5PROSTUDIO,200,90000,45,800,1418,5prostudio;korean robot toy;collectible robot,0,ownerclan-com;gundamshop-co-kr;domema-com
figures-collectibles,11,토이저러스 코리아 한정판 피규어,Toys R Us Korea Limited Edition Figure,토이저러스 코리아,70,32000,54,250,1418,toys r us korea;korean limited edition;collectible figure,0,domeggook-com;figurefriends-co-kr;hobbyfactory-co-kr
figures-collectibles,12,피규어뮤지엄W 아트토이,Figure Museum W Art Toy,피규어뮤지엄W,90,40000,50,300,1418,figure museum w;korean art toy;designer collectible,0,ownerclan-com;gundamshop-co-kr;domema-com
figures-collectibles,13,가이아 코퍼레이션 애니메이션 피규어,Gaia Corporation Anime Figure,가이아 코퍼레이션,50,23000,54,200,1418,gaia corporation;korean anime figure;collectible anime,0,domeggook-com;figurefriends-co-kr;hobbyfactory-co-kr
figures-collectibles,14,오프로 스튜디오 캐릭터 피규어,5PRO Studio Character Figure,오프로 스튜디오,100,45000,50,350,1418,5pro studio;korean character figure;collectible toy,0,ownerclan-com;gundamshop-co-kr;domema-com
figures-collectibles,15,시드게임즈 보드게임 미니어처,Seed Games Board Game Miniatures,시드게임즈,40,18000,55,180,1418,seed games;korean board game;miniature figures,0,domeggook-com;figurefriends-co-kr;hobbyfactory-co-kr
figures-collectibles,16,카카오프렌즈 어피치 피규어,Kakao Friends Apeach Figure,카카오프렌즈,28,12000,57,140,1418,kakao friends;apeach figure;korean character,0,domeggook-com;figurefriends-co-kr;hobbyfactory-co-kr
figures-collectibles,17,라인프렌즈 샐리 인형,Line Friends Sally Plush Doll,라인프렌즈,35,15000,57,220,1418,line friends;sally doll;korean plush,0,ownerclan-com;gundamshop-co-kr;domema-com
figures-collectibles,18,블리츠웨이 1/6 스케일 피규어,Blitzway 1/6 Scale Figure,블리츠웨이,250,110000,48,1000,1418,blitzway;korean collectible;action figure,0,domeggook-com;figurefriends-co-kr;hobbyfactory-co-kr
figures-collectibles,19,스티키몬스터랩 미니 피규어,Sticky Monster Lab Mini Figure,스티키몬스터랩,25,10000,60,100,1418,sticky monster lab;korean mini figure;art toy,0,ownerclan-com;gundamshop-co-kr;domema-com
figures-collectibles,20,팝마트 코리아 몰리 피규어,Pop Mart Korea Molly Figure,팝마트 코리아,20,8000,60,90,1418,pop mart molly;korean collectible;blind box figure,0,domeggook-com;figurefriends-co-kr;hobbyfactory-co-kr
figures-collectibles,21,킨키로봇 디자이너 피규어,Kinky Robot Designer Figure,킨키로봇,100,45000,50,320,1418,kinky robot;korean designer toy;collectible art,0,ownerclan-com;gundamshop-co-kr;domema-com
figures-collectibles,22,쿨레인 아트 피규어,Coolrain Art Figure,쿨레인,150,70000,45,450,1418,coolrain;korean artist figure;limited edition,-9,domeggook-com;figurefriends-co-kr;hobbyfactory-co-kr
figures-collectibles,23,하비팩토리 피규어 스탠드,Hobby Factory Figure Stand,하비팩토리,10,4000,60,50,1418,figure stand;display base;korean hobby,0,ownerclan-com;gundamshop-co-kr;domema-com
figures-collectibles,24,JND 스튜디오 1/4 스케일 스태츄,JND Studios 1/4 Scale Statue,JND 스튜디오,600,280000,42,3000,1418,jnd studios;korean premium statue;collectible art,0,domeggook-com;figurefriends-co-kr;hobbyfactory-co-kr
figures-collectibles,25,5PROSTUDIO 애니메이션 피규어,5PROSTUDIO Anime Figure,5PROSTUDIO,180,80000,48,700,1418,5prostudio;korean anime figure;collectible toy,0,ownerclan-com;gundamshop-co-kr;domema-com
figures-collectibles,26,토이저러스 코리아 캐릭터 인형,Toys R Us Korea Character Plush Doll,토이저러스 코리아,30,13000,56,200,1418,toys r us korea;korean plush;character doll,0,domeggook-com;figurefriends-co-kr;hobbyfactory-co-kr
figures-collectibles,27,피규어뮤지엄W 한정판 피규어,Figure Museum W Limited Edition Figure,피규어뮤지엄W,120,55000,50,400,1418,figure museum w;korean limited edition;collectible figure,0,ownerclan-com;gundamshop-co-kr;domema-com
figures-collectibles,28,가이아 코퍼레이션 게임 피규어,Gaia Corporation Game Figure,가이아 코퍼레이션,60,28000,53,250,1418,gaia corporation;korean game figure;collectible gaming,0,domeggook-com;figurefriends-co-kr;hobbyfactory-co-kr
figures-collectibles,29,오프로 스튜디오 로봇 모형,5PRO Studio Robot Model,오프로 스튜디오,90,40000,50,380,1418,5pro studio;korean robot model;collectible mech,0,ownerclan-com;gundamshop-co-kr;domema-com
figures-collectibles,30,시드게임즈 보드게임 피규어,Seed Games Board Game Figure,시드게임즈,35,15000,57,160,1418,seed games;korean board game;miniature collectible,0,domeggook-com;figurefriends-co-kr;hobbyfactory-co-kr
character-goods,1,카카오프렌즈 라이언 인형,Kakao Friends Ryan Plush Doll,카카오프렌즈,25.99,12000,53,250,18460,kakao friends;ryan doll;korean character,0,domeggook-com;ownerclan-com;dometopia-com
character-goods,2,라인프렌즈 브라운 피규어,Line Friends Brown Figure,라인프렌즈,19.99,9500,48,180,18460,line friends;brown figure;kpop merch,0,domeggook-com;ownerclan-com;sellmoa-com
character-goods,3,BT21 타타 쿠션,BT21 Tata Cushion Pillow,BT21,35.5,16000,55,400,18460,bt21;tata;kpop character,0,domeggook-com;ownerclan-com;dometopia-com
character-goods,4,뽀로로 스티커북,Pororo Sticker Book,뽀로로,12,5000,58,100,262,pororo;korean animation;kids stickers,0,domeggook-com;1000za-kr;domema-com
character-goods,5,산리오캐릭터즈 마이멜로디 필통,Sanrio My Melody Pencil Case,산리오캐릭터즈,15,6500,56,80,18460,sanrio;my melody;korean stationery,0,domeggook-com;ownerclan-com;domewho-com
character-goods,6,아트박스 캐릭터 볼펜,Artbox Character Ballpoint Pen,아트박스,8.99,3500,61,30,18460,artbox;korean pen;cute stationery,0,domeggook-com;ownerclan-com;domemall-co-kr
character-goods,7,꼬마버스 타요 장난감 세트,Little Bus Tayo Toy Set,꼬마버스 타요,29.99,13000,57,350,220,tayo bus;korean toy;kids playset,0,domeggook-com;1000za-kr;domema-com
character-goods,8,오버액션토끼 에코백,Overaction Rabbit Eco Bag,오버액션토끼,17.5,7500,57,150,18460,overaction rabbit;korean bag;cute tote,0,domeggook-com;ownerclan-com;domewho-com
character-goods,9,몰랑이 스티커,Molang Sticker Sheet,몰랑이,6.99,2500,64,30,18460,molang;korean sticker;cute planner,0,domeggook-com;sellmoa-com;domema-com
character-goods,10,유미의 세포들 피규어,Yumi's Cells Figure Set,유미의 세포들,28,12000,57,200,18460,yumi's cells;korean webtoon;character figure,0,domeggook-com;ownerclan-com;dometopia-com
character-goods,11,핑크퐁 아기상어 인형,Pinkfong Baby Shark Plush,핑크퐁,22,10000,54,280,18460,pinkfong;baby shark;korean kids,0,domeggook-com;1000za-kr;domema-com
character-goods,12,카카오프렌즈 춘식이 키링,Kakao Friends Chunsik Keychain,카카오프렌즈,14.99,6000,60,50,18460,kakao friends;chunsik;korean keychain,0,domeggook-com;ownerclan-com;domewho-com
character-goods,13,라인프렌즈 샐리 머그컵,Line Friends Sally Mug Cup,라인프렌즈,18,8000,56,300,18460,line friends;sally mug;korean kitchenware,-6,domeggook-com;ownerclan-com;dometopia-com
character-goods,14,BT21 망이 파우치,BT21 Mang Pouch Bag,BT21,21,9000,57,120,18460,bt21;mang;kpop pouch,0,domeggook-com;ownerclan-com;sellmoa-com
character-goods,15,뽀로로 색칠공부,Pororo Coloring Book,뽀로로,9.5,4000,58,80,262,pororo;coloring book;korean kids,0,domeggook-com;1000za-kr;domema-com
character-goods,16,산리오캐릭터즈 시나모롤 인형,Sanrio Cinnamoroll Plush,산리오캐릭터즈,24,11000,54,200,18460,sanrio;cinnamoroll;korean plush,0,domeggook-com;ownerclan-com;domewho-com
character-goods,17,아트박스 캐릭터 스티커,Artbox Character Stickers,아트박스,7,2800,60,30,18460,artbox;korean stickers;cute stationery,0,domeggook-com;ownerclan-com;domemall-co-kr
character-goods,18,꼬마버스 타요 미니카,Little Bus Tayo Mini Car,꼬마버스 타요,10,4000,60,70,220,tayo bus;korean toy car;kids gift,0,domeggook-com;1000za-kr;domema-com
character-goods,19,오버액션토끼 폰케이스,Overaction Rabbit Phone Case,오버액션토끼,16,7000,56,60,18460,overaction rabbit;korean phone case;cute accessory,0,domeggook-com;ownerclan-com;domewho-com
character-goods,20,몰랑이 다이어리,Molang Diary Planner,몰랑이,13.5,5500,59,150,18460,molang;korean diary;cute planner,0,domeggook-com;sellmoa-com;domema-com
character-goods,21,유미의 세포들 굿즈 세트,Yumi's Cells Merchandise Set,유미의 세포들,39.99,18000,55,300,18460,yumi's cells;korean webtoon;merchandise set,0,domeggook-com;ownerclan-com;dometopia-com
character-goods,22,핑크퐁 아기상어 사운드북,Pinkfong Baby Shark Sound Book,핑크퐁,20,9000,55,250,262,pinkfong;baby shark;korean sound book,0,domeggook-com;1000za-kr;domema-com
character-goods,23,카카오프렌즈 어피치 담요,Kakao Friends Apeach Blanket,카카오프렌즈,32,14000,56,450,18460,kakao friends;apeach;korean blanket,0,domeggook-com;ownerclan-com;domewho-com
character-goods,24,라인프렌즈 코니 인형,Line Friends Cony Plush Doll,라인프렌즈,23,10500,54,220,18460,line friends;cony doll;korean character,0,domeggook-com;ownerclan-com;dometopia-com
character-goods,25,BT21 코야 필통,BT21 Koya Pencil Case,BT21,16.5,7000,57,90,18460,bt21;koya;kpop stationery,0,domeggook-com;ownerclan-com;sellmoa-com
character-goods,26,뽀로로 퍼즐,Pororo Jigsaw Puzzle,뽀로로,14,6000,57,180,220,pororo;korean puzzle;kids game,0,domeggook-com;1000za-kr;domema-com
character-goods,27,산리오캐릭터즈 헬로키티 파우치,Sanrio Hello Kitty Pouch,산리오캐릭터즈,11,4500,59,70,18460,sanrio;hello kitty;korean pouch,0,domeggook-com;ownerclan-com;domewho-com
character-goods,28,아트박스 캐릭터 노트,Artbox Character Notebook,아트박스,9,3800,58,100,18460,artbox;korean notebook;cute stationery,0,domeggook-com;ownerclan-com;domemall-co-kr
character-goods,29,꼬마버스 타요 스쿨버스,Little Bus Tayo School Bus Toy,꼬마버스 타요,18,8000,56,200,220,tayo bus;korean toy;school bus,0,domeggook-com;1000za-kr;domema-com
character-goods,30,오버액션토끼 텀블러,Overaction Rabbit Tumbler,오버액션토끼,20,9000,55,250,18460,overaction rabbit;korean tumbler;cute drinkware,0,domeggook-com;ownerclan-com;domewho-com
webtoon-goods,1,나 혼자만 레벨업 웹툰 단행본,Solo Leveling Webtoon Comic Book,나 혼자만 레벨업,28.99,13000,55,400,267,solo leveling;webtoon;korean comic,0,domeggook-com;ownerclan-com;dometopia-com
webtoon-goods,2,유미의 세포들 피규어 세트,Yumi's Cells Figure Set,유미의 세포들,32.5,15000,54,250,18460,yumi's cells;webtoon figure;korean character,0,domeggook-com;ownerclan-com;sellmoa-com
webtoon-goods,3,신의 탑 폰케이스,Tower of God Phone Case,신의 탑,19.99,9000,55,70,18460,tower of god;webtoon;korean phone case,0,domeggook-com;ownerclan-com;domewho-com
webtoon-goods,4,외모지상주의 굿즈 키링,Lookism Webtoon Keychain,외모지상주의,14,6000,57,40,18460,lookism;webtoon;korean keychain,0,domeggook-com;1000za-kr;domema-com
webtoon-goods,5,연애혁명 스티커 세트,Love Revolution Sticker Set,연애혁명,10,4500,55,30,18460,love revolution;webtoon;korean stickers,0,domeggook-com;ownerclan-com;domemall-co-kr
webtoon-goods,6,네이버웹툰 오리지널 굿즈,Naver Webtoon Original Merchandise,네이버웹툰,25,11000,56,180,18460,naver webtoon;korean merch;webtoon original,0,domeggook-com;ownerclan-com;dometopia-com
webtoon-goods,7,카카오웹툰 캐릭터 인형,Kakao Webtoon Character Plush,카카오웹툰,29.99,14000,53,300,18460,kakao webtoon;korean plush;webtoon character,0,domeggook-com;ownerclan-com;sellmoa-com
webtoon-goods,8,레진코믹스 한정판 아트북,Lezhin Comics Limited Edition Artbook,레진코믹스,45,20000,56,500,267,lezhin comics;webtoon artbook;korean comic,0,domeggook-com;domema-com;domewho-com
webtoon-goods,9,탑툰 인기작 포스터,Toptoon Popular Series Poster,탑툰,15,6500,56,100,18460,toptoon;webtoon poster;korean art,0,domeggook-com;1000za-kr;domemall-co-kr
webtoon-goods,10,투믹스 웹툰 엽서 세트,Toomics Webtoon Postcard Set,투믹스,12,5000,58,50,18460,toomics;webtoon postcard;korean stationery,0,domeggook-com;ownerclan-com;domema-com
webtoon-goods,11,미스터블루 웹툰 머그컵,Mr.Blue Webtoon Mug Cup,미스터블루,18,8000,56,300,18460,mr blue;webtoon mug;korean kitchenware,0,domeggook-com;ownerclan-com;dometopia-com
webtoon-goods,12,봄툰 BL 웹툰 굿즈,Bomtoon BL Webtoon Merchandise,봄툰,22,10000,54,150,18460,bomtoon;bl webtoon;korean merch,0,domeggook-com;sellmoa-com;domewho-com
webtoon-goods,13,코미코 웹툰 아크릴 스탠드,Comico Webtoon Acrylic Stand,코미코,16,7000,56,80,18460,comico;webtoon stand;korean character,0,domeggook-com;ownerclan-com;domema-com
webtoon-goods,14,버프툰 웹툰 일러스트집,Bufftoon Webtoon Illustration Book,버프툰,35,16000,54,400,267,bufftoon;webtoon artbook;korean illustration,0,domeggook-com;1000za-kr;dometopia-com
webtoon-goods,15,피너툰 웹툰 뱃지 세트,Peanutoon Webtoon Badge Set,피너툰,11,4800,56,40,18460,peanutoon;webtoon badge;korean merch,0,domeggook-com;ownerclan-com;domemall-co-kr
webtoon-goods,16,나 혼자만 레벨업 성진우 피규어,Solo Leveling Sung Jinwoo Figure,나 혼자만 레벨업,49.99,22000,56,450,18460,solo leveling;jinwoo figure;korean webtoon,0,domeggook-com;ownerclan-com;dometopia-com
webtoon-goods,17,유미의 세포들 굿즈 파우치,Yumi's Cells Pouch Bag,유미의 세포들,17.5,7500,57,100,18460,yumi's cells;webtoon pouch;korean character,0,domeggook-com;ownerclan-com;sellmoa-com
webtoon-goods,18,신의 탑 밤 아크릴 스탠드,Tower of God Baam Acrylic Stand,신의 탑,18,8000,56,90,18460,tower of god;baam;korean webtoon,0,domeggook-com;ownerclan-com;domewho-com
webtoon-goods,19,외모지상주의 웹툰 노트,Lookism Webtoon Notebook,외모지상주의,11,4500,59,120,18460,lookism;webtoon notebook;korean stationery,0,domeggook-com;1000za-kr;domema-com
webtoon-goods,20,연애혁명 캐릭터 뱃지,Love Revolution Character Badge,연애혁명,8.5,3500,59,30,18460,love revolution;webtoon badge;korean merch,0,domeggook-com;ownerclan-com;domemall-co-kr
webtoon-goods,21,네이버웹툰 인기작 포스터,Naver Webtoon Popular Series Poster,네이버웹툰,16,7000,56,100,18460,naver webtoon;korean poster;webtoon art,0,domeggook-com;ownerclan-com;dometopia-com
webtoon-goods,22,카카오웹툰 굿즈 머그컵,Kakao Webtoon Merchandise Mug,카카오웹툰,19,8500,55,320,18460,kakao webtoon;korean mug;webtoon merch,0,domeggook-com;ownerclan-com;sellmoa-com
webtoon-goods,23,레진코믹스 웹툰 엽서,Lezhin Comics Webtoon Postcard,레진코믹스,9,3800,58,30,18460,lezhin comics;webtoon postcard;korean stationery,0,domeggook-com;domema-com;domewho-com
webtoon-goods,24,탑툰 웹툰 폰케이스,Toptoon Webtoon Phone Case,탑툰,17,7500,56,60,18460,toptoon;webtoon phone case;korean merch,0,domeggook-com;1000za-kr;domemall-co-kr
webtoon-goods,25,투믹스 웹툰 아크릴 키링,Toomics Webtoon Acrylic Keychain,투믹스,13,5500,58,40,18460,toomics;webtoon keychain;korean character,0,domeggook-com;ownerclan-com;domema-com
webtoon-goods,26,미스터블루 웹툰 뱃지,Mr.Blue Webtoon Badge,미스터블루,7.5,3000,60,30,18460,mr blue;webtoon badge;korean merch,0,domeggook-com;ownerclan-com;dometopia-com
webtoon-goods,27,봄툰 웹툰 담요,Bomtoon Webtoon Blanket,봄툰,30,13000,57,400,18460,bomtoon;webtoon blanket;korean merch,0,domeggook-com;sellmoa-com;domewho-com
webtoon-goods,28,코미코 웹툰 포토카드,Comico Webtoon Photocard,코미코,10,4000,60,30,18460,comico;webtoon photocard;korean merch,0,domeggook-com;ownerclan-com;domema-com
webtoon-goods,29,버프툰 웹툰 스티커,Bufftoon Webtoon Stickers,버프툰,8,3200,60,20,18460,bufftoon;webtoon stickers;korean stationery,0,domeggook-com;1000za-kr;dometopia-com
webtoon-goods,30,피너툰 웹툰 마우스패드,Peanutoon Webtoon Mousepad,피너툰,15,6500,56,100,18460,peanutoon;webtoon mousepad;korean merch,0,domeggook-com;ownerclan-com;domemall-co-kr
esports-merch,1,T1 페이커 유니폼,T1 Faker Jersey,T1,65,28000,57,300,18460,t1;faker;esports jersey,0,domeggook-com;ownerclan-com;dometopia-com
esports-merch,2,Gen.G 로고 후드티,Gen.G Logo Hoodie,Gen.G,55,24000,56,450,18460,gen.g;esports hoodie;korean esports,0,domeggook-com;ownerclan-com;sellmoa-com
esports-merch,3,DRX 데프트 마우스패드,DRX Deft Mousepad,DRX,25,11000,56,150,18460,drx;deft;esports mousepad,0,domeggook-com;ownerclan-com;domewho-com
esports-merch,4,담원 기아 로고 티셔츠,DWG KIA Logo T-shirt,담원 기아,35,15000,57,200,18460,dwg kia;esports t-shirt;korean esports,0,domeggook-com;domema-com
esports-merch,5,한화생명e스포츠 응원봉,Hanwha Life Esports Light Stick,한화생명e스포츠,20,9000,55,100,18460,hanwha life;esports lightstick;korean esports,0,domeggook-com;ownerclan-com;domemall-co-kr
esports-merch,6,KT 롤스터 팀 모자,KT Rolster Team Cap,KT 롤스터,28,12000,57,120,18460,kt rolster;esports cap;korean esports,0,domeggook-com;ownerclan-com;dometopia-com
esports-merch,7,농심 레드포스 키보드,Nongshim RedForce Keyboard,농심 레드포스,80,35000,56,800,18460,nongshim redforce;esports keyboard;gaming gear,0,domeggook-com;ownerclan-com;compuzone-co-kr
esports-merch,8,리브 샌드박스 로고 머그컵,Liiv Sandbox Logo Mug,리브 샌드박스,18,8000,56,300,18460,liiv sandbox;esports mug;korean esports,0,domeggook-com;sellmoa-com;domewho-com
esports-merch,9,광동 프릭스 뱃지 세트,Kwangdong Freecs Badge Set,광동 프릭스,12,5000,58,40,18460,kwangdong freecs;esports badge;korean merch,0,domeggook-com;domema-com
esports-merch,10,프레딧 브리온 마우스,Fredit Brion Gaming Mouse,프레딧 브리온,40,18000,55,180,18460,fredit brion;gaming mouse;esports gear,0,domeggook-com;ownerclan-com;compuzone-co-kr
esports-merch,11,LCK 공식 유니폼,LCK Official Jersey,LCK,70,30000,57,350,18460,lck;esports jersey;league of legends,0,domeggook-com;ownerclan-com;dometopia-com
esports-merch,12,오버워치 리그 서울 다이너스티 티셔츠,Overwatch League Seoul Dynasty T-shirt,오버워치 리그 서울 다이너스티,38,17000,55,220,18460,seoul dynasty;overwatch league;esports t-shirt,0,domeggook-com;ownerclan-com;sellmoa-com
esports-merch,13,PUBG: BATTLEGROUNDS 굿즈,PUBG: BATTLEGROUNDS Merchandise,PUBG: BATTLEGROUNDS,25,11000,56,150,18460,pubg;battlegrounds;gaming merch,0,domeggook-com;domewho-com;domema-com
esports-merch,14,카트라이더: 드리프트 피규어,KartRider: Drift Figure,카트라이더: 드리프트,30,13000,57,200,18460,kartrider drift;gaming figure;korean game,0,domeggook-com;dometopia-com
esports-merch,15,스타크래프트 리마스터 키캡,StarCraft Remastered Keycap Set,스타크래프트,45,20000,56,100,18460,starcraft;keycap;gaming accessory,0,domeggook-com;ownerclan-com;compuzone-co-kr
esports-merch,16,T1 로고 후드티,T1 Logo Hoodie,T1,58,25000,57,480,18460,t1;esports hoodie;korean esports,0,domeggook-com;ownerclan-com;dometopia-com
esports-merch,17,Gen.G 팀 모자,Gen.G Team Cap,Gen.G,29,12500,57,130,18460,gen.g;esports cap;korean esports,0,domeggook-com;ownerclan-com;sellmoa-com
esports-merch,18,DRX 로고 티셔츠,DRX Logo T-shirt,DRX,32,14000,56,210,18460,drx;esports t-shirt;korean esports,0,domeggook-com;ownerclan-com;domewho-com
esports-merch,19,담원 기아 마우스패드,DWG KIA Mousepad,담원 기아,22,9500,57,140,18460,dwg kia;esports mousepad;gaming accessory,0,domeggook-com;domema-com
esports-merch,20,한화생명e스포츠 키링,Hanwha Life Esports Keychain,한화생명e스포츠,15,6500,56,50,18460,hanwha life;esports keychain;korean merch,-11,domeggook-com;ownerclan-com;domemall-co-kr
esports-merch,21,KT 롤스터 응원 타월,KT Rolster Cheering Towel,KT 롤스터,20,9000,55,180,18460,kt rolster;esports towel;korean esports,0,domeggook-com;ownerclan-com;dometopia-com
esports-merch,22,농심 레드포스 굿즈 세트,Nongshim RedForce Merchandise Set,농심 레드포스,45,20000,56,300,18460,nongshim redforce;esports merch;gaming gift,0,domeggook-com;ownerclan-com;compuzone-co-kr
esports-merch,23,리브 샌드박스 폰케이스,Liiv Sandbox Phone Case,리브 샌드박스,20,9000,55,70,18460,liiv sandbox;esports phone case;korean esports,0,domeggook-com;sellmoa-com;domewho-com
esports-merch,24,광동 프릭스 후드티,Kwangdong Freecs Hoodie,광동 프릭스,50,22000,56,420,18460,kwangdong freecs;esports hoodie;korean esports,0,domeggook-com;domema-com
esports-merch,25,프레딧 브리온 티셔츠,Fredit Brion T-shirt,프레딧 브리온,30,13000,57,190,18460,fredit brion;esports t-shirt;korean esports,0,domeggook-com;ownerclan-com;compuzone-co-kr
esports-merch,26,LCK 로고 모자,LCK Logo Cap,LCK,32,14000,56,140,18460,lck;esports cap;league of legends,0,domeggook-com;ownerclan-com;dometopia-com
esports-merch,27,오버워치 리그 서울 다이너스티 굿즈,Overwatch League Seoul Dynasty Merchandise,오버워치 리그 서울 다이너스티,28,12000,57,180,18460,seoul dynasty;overwatch league;esports merch,0,domeggook-com;ownerclan-com;sellmoa-com
esports-merch,28,PUBG: BATTLEGROUNDS 티셔츠,PUBG: BATTLEGROUNDS T-shirt,PUBG: BATTLEGROUNDS,30,13000,57,200,18460,pubg;battlegrounds;gaming t-shirt,0,domeggook-com;domewho-com;domema-com
esports-merch,29,카트라이더: 드리프트 키링,KartRider: Drift Keychain,카트라이더: 드리프트,13,5500,58,40,18460,kartrider drift;gaming keychain;korean game,0,domeggook-com;dometopia-com
esports-merch,30,스타크래프트 리마스터 마우스패드,StarCraft Remastered Mousepad,스타크래프트,28,12000,57,160,18460,starcraft;mousepad;gaming accessory,0,domeggook-com;ownerclan-com;compuzone-co-kr
k-beauty-haircare,1,아모스프로페셔널 녹차실감 샴푸,Amos Professional Green Tea Shampoo,아모스프로페셔널,28,12000,57,400,11233,amos professional;green tea shampoo;korean haircare,0,domeggook-com;ownerclan-com;b2b-memebox-com
k-beauty-haircare,2,미쟝센 퍼펙트 세럼,Mise en Scène Perfect Serum,미쟝센,15,6500,56,100,11233,mise en scene;hair serum;korean hair oil,1,domeggook-com;ownerclan-com;dometopia-com
k-beauty-haircare,3,려 자양윤모 탈모증상케어 샴푸,Ryo Hair Loss Care Shampoo,려,22,9500,57,350,11233,ryo shampoo;hair loss care;korean scalp care,0,domeggook-com;ownerclan-com;sellmoa-com
k-beauty-haircare,4,케라시스 살롱케어 앰플,Kerasys Salon Care Ampoule,케라시스,18,8000,56,120,11233,kerasys;hair ampoule;korean hair treatment,0,domeggook-com;domema-com
k-beauty-haircare,5,TS샴푸 올뉴플러스,TS Shampoo All New Plus,TS샴푸,35,15000,57,500,11233,ts shampoo;hair loss shampoo;korean scalp care,0,domeggook-com;ownerclan-com;domewho-com
k-beauty-haircare,6,닥터포헤어 폴리젠 샴푸,Dr.Forhair Folligen Shampoo,닥터포헤어,29,12500,57,420,11233,dr forhair;folligen shampoo;korean hair loss,-4,domeggook-com;ownerclan-com;b2b-memebox-com
k-beauty-haircare,7,쿤달 네이처 샴푸,Kundal Nature Shampoo,쿤달,20,9000,55,400,11233,kundal;nature shampoo;korean natural haircare,0,domeggook-com;ownerclan-com;dometopia-com
k-beauty-haircare,8,아윤채 동백 오일 샴푸,Ayunche Camellia Oil Shampoo,아윤채,26,11500,56,380,11233,ayunche;camellia oil;korean premium shampoo,0,domeggook-com;sellmoa-com;domewho-com
k-beauty-haircare,9,이브로쉐 라즈베리 헤어 식초,Yves Rocher Raspberry Rinsing Vinegar,이브로쉐,17,7500,56,280,11233,yves rocher;hair vinegar;korean scalp rinse,0,domeggook-com;domema-com
k-beauty-haircare,10,엘라스틴 실크리페어 샴푸,Elastine Silk Repair Shampoo,엘라스틴,16,7000,56,350,11233,elastine;silk repair;korean shampoo,0,domeggook-com;ownerclan-com;domemall-co-kr
k-beauty-haircare,11,라우쉬 윌로우바크 트리트먼트 샴푸,Rausch Willow Bark Treatment Shampoo,라우쉬,38,17000,55,300,11233,rausch;willow bark;korean scalp treatment,0,domeggook-com;ownerclan-com;b2b-memebox-com
k-beauty-haircare,12,제니하우스 살롱 코드 샴푸,Jennyhouse Salon Code Shampoo,제니하우스,24,10500,56,400,11233,jennyhouse;salon shampoo;korean professional haircare,0,domeggook-com;ownerclan-com;dometopia-com
k-beauty-haircare,13,아로마티카 로즈마리 스칼프 스케일링 샴푸,Aromatica Rosemary Scalp Scaling Shampoo,아로마티카,27,11800,56,380,11233,aromatica;rosemary shampoo;korean organic haircare,-3,domeggook-com;ownerclan-com;sellmoa-com
k-beauty-haircare,14,헤드앤숄더 쿨 멘솔 샴푸,Head & Shoulders Cool Menthol Shampoo,헤드앤숄더,14,6000,57,350,11233,head & shoulders;menthol shampoo;korean anti-dandruff,0,domeggook-com;domema-com
k-beauty-haircare,15,다슈 데일리 단백질 헤어팩,Dashu Daily Protein Hair Pack,다슈,19,8500,55,200,11233,dashu;protein hair pack;korean hair treatment,0,domeggook-com;ownerclan-com;domewho-com
k-beauty-haircare,16,아모스프로페셔널 리페어포스 트리트먼트,Amos Professional Repairforce Treatment,아모스프로페셔널,32,14000,56,250,11233,amos professional;hair treatment;korean salon care,0,domeggook-com;ownerclan-com;b2b-memebox-com
k-beauty-haircare,17,미쟝센 헤어 미스트,Mise en Scène Hair Mist,미쟝센,12,5000,58,80,11233,mise en scene;hair mist;korean hair perfume,0,domeggook-com;ownerclan-com;dometopia-com
k-beauty-haircare,18,려 함빛 극손상케어 린스,Ryo Hambit Damaged Hair Rinse,려,19,8500,55,380,11233,ryo;damaged hair rinse;korean conditioner,0,domeggook-com;ownerclan-com;sellmoa-com
k-beauty-haircare,19,케라시스 어드밴스드 앰플,Kerasys Advanced Ampoule,케라시스,20,9000,55,150,11233,kerasys;hair ampoule;korean hair treatment,1,domeggook-com;domema-com
k-beauty-haircare,20,TS샴푸 트리트먼트,TS Shampoo Treatment,TS샴푸,28,12000,57,300,11233,ts shampoo;hair treatment;korean scalp care,0,domeggook-com;ownerclan-com;domewho-com
k-beauty-haircare,21,닥터포헤어 씨솔트 스케일러,Dr.Forhair Sea Salt Scaler,닥터포헤어,25,11000,56,200,11233,dr forhair;sea salt scaler;korean scalp exfoliant,-4,domeggook-com;ownerclan-com;b2b-memebox-com
k-beauty-haircare,22,쿤달 헤어 트리트먼트,Kundal Hair Treatment,쿤달,18,8000,56,250,11233,kundal;hair treatment;korean natural haircare,0,domeggook-com;ownerclan-com;dometopia-com
k-beauty-haircare,23,아윤채 스칼프 퓨리파잉 샴푸,Ayunche Scalp Purifying Shampoo,아윤채,30,13000,57,400,11233,ayunche;scalp shampoo;korean premium haircare,0,domeggook-com;sellmoa-com;domewho-com
k-beauty-haircare,24,이브로쉐 헤어 마스크,Yves Rocher Hair Mask,이브로쉐,19,8500,55,200,11233,yves rocher;hair mask;korean hair repair,0,domeggook-com;domema-com
k-beauty-haircare,25,엘라스틴 퍼퓸 샴푸,Elastine Perfume Shampoo,엘라스틴,15,6500,56,350,11233,elastine;perfume shampoo;korean scented shampoo,-14,domeggook-com;ownerclan-com;domemall-co-kr
k-beauty-haircare,26,라우쉬 오리지널 헤어 팅크처,Rausch Original Hair Tincture,라우쉬,42,19000,55,180,11233,rausch;hair tincture;korean scalp tonic,0,domeggook-com;ownerclan-com;b2b-memebox-com
k-beauty-haircare,27,제니하우스 살롱 코드 트리트먼트,Jennyhouse Salon Code Treatment,제니하우스,26,11500,56,280,11233,jennyhouse;salon treatment;korean professional haircare,0,domeggook-com;ownerclan-com;dometopia-com
k-beauty-haircare,28,아로마티카 티트리 퓨리파잉 샴푸,Aromatica Tea Tree Purifying Shampoo,아로마티카,24,10500,56,380,11233,aromatica;tea tree shampoo;korean oily scalp,0,domeggook-com;ownerclan-com;sellmoa-com
k-beauty-haircare,29,헤드앤숄더 쿨링 샴푸,Head & Shoulders Cooling Shampoo,헤드앤숄더,13,5500,58,350,11233,head & shoulders;cooling shampoo;korean anti-dandruff,0,domeggook-com;domema-com
k-beauty-haircare,30,다슈 포맨 헤어 왁스,Dashu For Men Hair Wax,다슈,16,7000,56,100,11233,dashu;hair wax;korean men's grooming,0,domeggook-com;ownerclan-com;domewho-com
smartphone-acc,1,슈피겐 아이폰 케이스,Spigen iPhone Case,슈피겐,22.99,10000,56,80,18460,spigen;iphone case;korean phone accessory,0,domeggook-com;ownerclan-com;phonecasewholesale-com
smartphone-acc,2,삼성 정품 충전기,Samsung Original Charger,삼성,29.99,13000,57,150,18460,samsung charger;fast charger;korean electronics,0,domeggook-com;ownerclan-com;dometopia-com
smartphone-acc,3,링케 갤럭시 케이스,Ringke Galaxy Case,링케,18.5,8000,57,70,18460,ringke;galaxy case;korean phone cover,-1,domeggook-com;ownerclan-com;sellmoa-com
smartphone-acc,4,아트뮤 고속충전 케이블,Artmu Fast Charging Cable,아트뮤,14,6000,57,50,18460,artmu;charging cable;korean usb-c,0,domeggook-com;domema-com
smartphone-acc,5,베이스어스 차량용 거치대,Baseus Car Phone Holder,베이스어스,25,11000,56,180,18460,baseus;car mount;korean phone accessory,0,domeggook-com;ownerclan-com;domewho-com
smartphone-acc,6,UAG 아이폰 프로텍티브 케이스,UAG iPhone Protective Case,UAG,45,20000,56,100,18460,uag;iphone rugged case;korean phone protection,0,domeggook-com;ownerclan-com;phonecasewholesale-com
smartphone-acc,7,신지모루 맥세이프 카드지갑,Sinjimoru Magsafe Card Wallet,신지모루,20,9000,55,40,18460,sinjimoru;magsafe wallet;korean phone accessory,-3,domeggook-com;ownerclan-com;dometopia-com
smartphone-acc,8,케이스티파이 아이폰 케이스,Casetify iPhone Case,케이스티파이,55,24000,56,90,18460,casetify;iphone designer case;korean fashion phone,-2,domeggook-com;ownerclan-com;sellmoa-com
smartphone-acc,9,엘라고 에어팟 케이스,Elago Airpods Case,엘라고,16,7000,56,30,18460,elago;airpods case;korean earbud case,-2,domeggook-com;domema-com
smartphone-acc,10,빅쏘 아이폰 강화유리,Vixxo iPhone Tempered Glass,빅쏘,12,5000,58,40,18460,vixxo;iphone screen protector;korean tempered glass,0,domeggook-com;ownerclan-com;domemall-co-kr
smartphone-acc,11,구스페리 갤럭시 젤리 케이스,Goospery Galaxy Jelly Case,구스페리,10,4000,60,60,18460,goospery;galaxy jelly case;korean phone cover,0,domeggook-com;ownerclan-com;phonecasewholesale-com
smartphone-acc,12,ESR 아이패드 케이스,ESR iPad Case,ESR,28,12000,57,200,18460,esr;ipad case;korean tablet cover,0,domeggook-com;ownerclan-com;dometopia-com
smartphone-acc,13,아이페이스 아이폰 미러 케이스,iFace iPhone Mirror Case,아이페이스,22,9500,57,80,18460,iface;iphone mirror case;korean phone case,0,domeggook-com;ownerclan-com;sellmoa-com
smartphone-acc,14,주파집 무선 충전기,Zupazip Wireless Charger,주파집,35,15000,57,180,18460,zupazip;wireless charger;korean tech accessory,0,domeggook-com;domema-com
smartphone-acc,15,만렙 스마트폰 삼각대,Manleb Smartphone Tripod,만렙,19,8500,55,120,18460,manleb;phone tripod;korean phone accessory,0,domeggook-com;ownerclan-com;domewho-com
smartphone-acc,16,슈피겐 갤럭시 강화유리,Spigen Galaxy Tempered Glass,슈피겐,15,6500,56,40,18460,spigen;galaxy screen protector;korean tempered glass,0,domeggook-com;ownerclan-com;phonecasewholesale-com
smartphone-acc,17,삼성 정품 이어폰,Samsung Original Earphones,삼성,24,10500,56,60,18460,samsung earphones;wired earphones;korean audio,0,domeggook-com;ownerclan-com;dometopia-com
smartphone-acc,18,링케 아이폰 강화유리,Ringke iPhone Tempered Glass,링케,13,5500,58,40,18460,ringke;iphone screen protector;korean tempered glass,0,domeggook-com;ownerclan-com;sellmoa-com
smartphone-acc,19,아트뮤 무선 충전기,Artmu Wireless Charger,아트뮤,27,11800,56,150,18460,artmu;wireless charger;korean tech accessory,0,domeggook-com;domema-com
smartphone-acc,20,베이스어스 보조배터리,Baseus Power Bank,베이스어스,38,17000,55,300,18460,baseus;power bank;korean portable charger,0,domeggook-com;ownerclan-com;domewho-com
smartphone-acc,21,UAG 갤럭시 프로텍티브 케이스,UAG Galaxy Protective Case,UAG,48,21000,56,110,18460,uag;galaxy rugged case;korean phone protection,0,domeggook-com;ownerclan-com;phonecasewholesale-com
smartphone-acc,22,신지모루 스마트폰 그립톡,Sinjimoru Smartphone Griptok,신지모루,11,4500,59,30,18460,sinjimoru;griptok;korean phone holder,0,domeggook-com;ownerclan-com;dometopia-com
smartphone-acc,23,케이스티파이 갤럭시 케이스,Casetify Galaxy Case,케이스티파이,52,23000,55,90,18460,casetify;galaxy designer case;korean fashion phone,-2,domeggook-com;ownerclan-com;sellmoa-com
smartphone-acc,24,엘라고 아이폰 충전독,Elago iPhone Charging Dock,엘라고,20,9000,55,100,18460,elago;iphone dock;korean charging stand,0,domeggook-com;domema-com
smartphone-acc,25,빅쏘 갤럭시 강화유리,Vixxo Galaxy Tempered Glass,빅쏘,11,4500,59,40,18460,vixxo;galaxy screen protector;korean tempered glass,0,domeggook-com;ownerclan-com;domemall-co-kr
smartphone-acc,26,구스페리 아이폰 지갑 케이스,Goospery iPhone Wallet Case,구스페리,16,7000,56,80,18460,goospery;iphone wallet case;korean phone cover,0,domeggook-com;ownerclan-com;phonecasewholesale-com
smartphone-acc,27,ESR 아이폰 맥세이프 케이스,ESR iPhone Magsafe Case,ESR,25,11000,56,80,18460,esr;iphone magsafe case;korean phone accessory,0,domeggook-com;ownerclan-com;dometopia-com
smartphone-acc,28,아이페이스 갤럭시 케이스,iFace Galaxy Case,아이페이스,21,9000,57,80,18460,iface;galaxy case;korean phone cover,-5,domeggook-com;ownerclan-com;sellmoa-com
smartphone-acc,29,주파집 차량용 충전기,Zupazip Car Charger,주파집,18,8000,56,70,18460,zupazip;car charger;korean auto accessory,0,domeggook-com;domema-com
smartphone-acc,30,만렙 스마트폰 렌즈 키트,Manleb Smartphone Lens Kit,만렙,25,11000,56,150,18460,manleb;phone lens kit;korean photography accessory,0,domeggook-com;ownerclan-com;domewho-com
k-beauty-devices,1,메디큐브 에이지알 EMS 샷,Medicube Age-R EMS Shot Device,메디큐브,250,120000,52,450,18348,medicube device;ems shot;k-beauty device,0,domeggook-com;ownerclan-com;dometopia-com
k-beauty-devices,2,LG 프라엘 더마 LED 마스크,LG Pra.L Derma LED Mask,LG 프라엘,600,280000,53,500,18348,lg pra.l;led mask;skin care device,3,domeggook-com;ownerclan-com;dometopia-com
k-beauty-devices,3,셀리턴 LED 마스크 프리미엄,Cellreturn LED Mask Premium,셀리턴,750,350000,53,500,18348,cellreturn mask;led therapy;korean beauty device,-1,domeggook-com;ownerclan-com;dometopia-com
k-beauty-devices,4,바나브 UP5 멀티 디바이스,VANAV UP5 Multi Skin Device,바나브,300,140000,53,400,18348,vanav device;multi skin care;ultrasonic massager,5,domeggook-com;ownerclan-com;dometopia-com
k-beauty-devices,5,DPC 스킨샷 LED 마스크,DPC Skin Shot LED Mask,DPC,400,190000,52,480,18348,dpc led mask;skin shot;k-beauty gadget,0,domeggook-com;ownerclan-com;dometopia-com
k-beauty-devices,6,누페이스 트리니티,NuFACE Trinity Facial Toning Device,누페이스,350,160000,54,380,18348,nuface trinity;microcurrent;facial toning,0,domeggook-com;ownerclan-com;dometopia-com
k-beauty-devices,7,포레오 루나 3,FOREO LUNA 3 Facial Cleansing Brush,포레오,200,90000,55,150,18348,foreo luna;facial brush;sonic cleanser,0,domeggook-com;ownerclan-com;dometopia-com
k-beauty-devices,8,아띠베뷰티 홈쎄라,Attibeauty Homme-Thera Device,아띠베뷰티,800,380000,52,500,18348,attibeauty;home thera;lifting device,0,domeggook-com;ownerclan-com;dometopia-com
k-beauty-devices,9,실큰 페이스타이트 2.0,Silk'n Facetite 2.0 Anti-Aging Device,실큰,280,130000,53,350,18348,silk'n facetite;anti-aging;rf device,0,domeggook-com;ownerclan-com;dometopia-com
k-beauty-devices,10,메이크온 스킨 라이트 테라피,MakeON Skin Light Therapy,메이크온,180,80000,55,250,18348,makeon device;light therapy;skin care tool,0,domeggook-com;ownerclan-com;dometopia-com
k-beauty-devices,11,듀얼소닉 맥시멈,Dualsonic Maximum Home HIFU Device,듀얼소닉,900,420000,53,500,18348,dualsonic hifu;maximum device;home lifting,0,domeggook-com;ownerclan-com;dometopia-com
k-beauty-devices,12,엘리닉 인텐시브 LED 마스크,Elinig Intensive LED Mask,엘리닉,550,250000,54,480,18348,elinig led;intensive mask;skin rejuvenation,-9,domeggook-com;ownerclan-com;dometopia-com
k-beauty-devices,13,뉴스킨 갈바닉 스파 시스템 II,Nu Skin Galvanic Spa System II,뉴스킨,220,100000,54,300,18348,nu skin galvanic;spa system;anti-aging device,0,domeggook-com;ownerclan-com;dometopia-com
k-beauty-devices,14,메디큐브 제로 모공 패드 2.0,Medicube Zero Pore Pad 2.0,메디큐브,25,10000,60,200,18348,medicube pad;pore care;korean toner pad,0,domeggook-com;ownerclan-com;b2b-memebox-com
k-beauty-devices,15,LG 프라엘 인텐시브 멀티케어,LG Pra.L Intensive Multi Care,LG 프라엘,450,210000,53,400,18348,lg pra.l device;multi care;skin elasticity,0,domeggook-com;ownerclan-com;dometopia-com
k-beauty-devices,16,셀리턴 넥클레이,Cellreturn Neckle Ray LED Device,셀리턴,350,160000,54,300,18348,cellreturn neck;neck care;led device,0,domeggook-com;ownerclan-com;dometopia-com
k-beauty-devices,17,바나브 핫앤쿨 스킨 핏,VANAV Hot & Cool Skin Fit,바나브,220,100000,54,320,18348,vanav hot cool;skin fit;temperature therapy,0,domeggook-com;ownerclan-com;dometopia-com
k-beauty-devices,18,DPC 스킨 아이론,DPC Skin Iron Massager,DPC,150,70000,53,280,18348,dpc skin iron;facial massager;anti-wrinkle,0,domeggook-com;ownerclan-com;dometopia-com
k-beauty-devices,19,오아 괄사 마사지기,OA Gua Sha Massager,오아,50,20000,60,180,18348,oa gua sha;facial massage;korean beauty tool,0,domeggook-com;ownerclan-com;domema-com
k-beauty-devices,20,메디큐브 레드 캡슐 클렌징 디바이스,Medicube Red Capsule Cleansing Device,메디큐브,100,45000,55,250,18348,medicube cleanser;red capsule;facial cleansing,0,domeggook-com;ownerclan-com;b2b-memebox-com
k-beauty-devices,21,LG 프라엘 갈바닉 이온 부스터,LG Pra.L Galvanic Ion Booster,LG 프라엘,280,130000,53,300,18348,lg pra.l booster;galvanic device;ion therapy,0,domeggook-com;ownerclan-com;dometopia-com
k-beauty-devices,22,셀리턴 테라피 라이트,Cellreturn Therapy Light Device,셀리턴,180,80000,55,200,18348,cellreturn light;therapy device;skin treatment,0,domeggook-com;ownerclan-com;dometopia-com
k-beauty-devices,23,바나브 타임머신,VANAV Time Machine Device,바나브,250,110000,56,350,18348,vanav time machine;anti-aging;skin lifting,0,domeggook-com;ownerclan-com;dometopia-com
k-beauty-devices,24,DPC 스킨 핏 마사지기,DPC Skin Fit Massager,DPC,120,50000,58,200,18348,dpc massager;skin fit;facial roller,0,domeggook-com;ownerclan-com;dometopia-com
k-beauty-devices,25,메디큐브 콜라겐 부스터 젤,Medicube Collagen Booster Gel,메디큐브,30,12000,60,150,18348,medicube collagen;booster gel;skin elasticity,0,domeggook-com;ownerclan-com;b2b-memebox-com
k-beauty-devices,26,LED 피부 관리 마스크,LED Skin Care Mask,오아,100,40000,60,400,18348,led mask;skin therapy;facial treatment,0,domeggook-com;ownerclan-com;domema-com
k-beauty-devices,27,고주파 마사지기,RF Facial Massager,아띠베뷰티,150,60000,60,300,18348,rf massager;skin tightening;anti-aging,0,domeggook-com;ownerclan-com;dometopia-com
k-beauty-devices,28,초음파 진동 클렌저,Ultrasonic Vibration Cleanser,오아,40,15000,62,100,18348,ultrasonic cleanser;facial brush;deep cleansing,-13,domeggook-com;ownerclan-com;domema-com
k-beauty-devices,29,갈바닉 이온 마사지기,Galvanic Ion Massager,메이크온,80,30000,62,150,18348,galvanic massager;ion skin care;essence absorption,-18,domeggook-com;ownerclan-com;dometopia-com
k-beauty-devices,30,미세전류 페이스 리프팅 기기,Microcurrent Face Lifting Device,누페이스,180,75000,58,250,18348,microcurrent device;face lifting;skin firming,0,domeggook-com;ownerclan-com;dometopia-com
k-beauty-makeup,1,클리오 킬커버 파운웨어 쿠션 XP,Clio Kill Cover Founwear Cushion XP,클리오,28,12000,57,100,17819,clio cushion;kill cover;korean foundation,0,domeggook-com;ownerclan-com;b2b-memebox-com
k-beauty-makeup,2,에뛰드 플레이 컬러 아이즈 팔레트,Etude Play Color Eyes Palette,에뛰드,25,10000,60,80,17819,etude eyeshadow;play color;k-beauty palette,2,domeggook-com;ownerclan-com;b2b-memebox-com
k-beauty-makeup,3,이니스프리 노세범 미네랄 파우더,Innisfree No Sebum Mineral Powder,이니스프리,10,4000,60,30,17819,innisfree powder;no sebum;korean makeup,0,domeggook-com;ownerclan-com;b2b-memebox-com
k-beauty-makeup,4,페리페라 잉크 더 에어리 벨벳,Peripera Ink The Airy Velvet Tint,페리페라,12,5000,58,40,17819,peripera tint;airy velvet;korean lip tint,-2,domeggook-com;ownerclan-com;b2b-memebox-com
k-beauty-makeup,5,롬앤 쥬시 래스팅 틴트,Rom&nd Juicy Lasting Tint,롬앤,15,6000,60,40,17819,romand tint;juicy lasting;k-beauty lip,-4,domeggook-com;ownerclan-com;b2b-memebox-com
k-beauty-makeup,6,3CE 벨벳 립 틴트,3CE Velvet Lip Tint,3CE,18,7500,58,40,17819,3ce tint;velvet lip;korean cosmetics,-1,domeggook-com;ownerclan-com;b2b-memebox-com
k-beauty-makeup,7,미샤 M 퍼펙트 커버 비비 크림,Missha M Perfect Cover BB Cream,미샤,20,8000,60,80,17819,missha bb cream;perfect cover;korean foundation,0,domeggook-com;ownerclan-com;b2b-memebox-com
k-beauty-makeup,8,헤라 블랙 쿠션,Hera Black Cushion Foundation,헤라,45,20000,55,120,17819,hera cushion;black cushion;korean luxury makeup,0,domeggook-com;ownerclan-com;b2b-memebox-com
k-beauty-makeup,9,정샘물 에센셜 스킨 누더 쿠션,Jung Saem Mool Essential Skin Nuder Cushion,정샘물,40,18000,55,120,17819,jung saem mool;nuder cushion;korean artist makeup,0,domeggook-com;ownerclan-com;b2b-memebox-com
k-beauty-makeup,10,어뮤즈 듀 틴트,Amuse Dew Tint,어뮤즈,22,9000,59,40,17819,amuse tint;dew tint;k-beauty vegan,-2,domeggook-com;ownerclan-com;b2b-memebox-com
k-beauty-makeup,11,데이지크 섀도우 팔레트,Dasique Shadow Palette,데이지크,30,13000,57,80,17819,dasique palette;korean eyeshadow;daily makeup,-4,domeggook-com;ownerclan-com;b2b-memebox-com
k-beauty-makeup,12,홀리카홀리카 굳세라 수퍼 세라마이드 크림,Holika Holika Good Cera Super Ceramide Cream,홀리카홀리카,20,8000,60,150,17819,holika holika;ceramide cream;korean skincare,-6,domeggook-com;ownerclan-com;b2b-memebox-com
k-beauty-makeup,13,에스쁘아 프로 테일러 비 벨벳 쿠션,Espoir Pro Tailor Be Velvet Cushion,에스쁘아,35,15000,57,100,17819,espoir cushion;velvet cushion;korean makeup,-1,domeggook-com;ownerclan-com;b2b-memebox-com
k-beauty-makeup,14,네이처리퍼블릭 알로에베라 수딩젤,Nature Republic Aloe Vera Soothing Gel,네이처리퍼블릭,10,4000,60,350,17819,nature republic;aloe vera gel;korean skincare,0,domeggook-com;ownerclan-com;b2b-memebox-com
k-beauty-makeup,15,투쿨포스쿨 아트클래스 바이 로댕 쉐이딩,Too Cool For School Artclass By Rodin Shading,투쿨포스쿨,20,8000,60,70,17819,too cool for school;rodin shading;korean contour,-4,domeggook-com;ownerclan-com;b2b-memebox-com
k-beauty-makeup,16,클리오 프로 아이 팔레트,Clio Pro Eye Palette,클리오,32,14000,56,90,17819,clio palette;pro eye;korean eyeshadow,0,domeggook-com;ownerclan-com;b2b-memebox-com
k-beauty-makeup,17,에뛰드 픽싱 틴트,Etude Fixing Tint,에뛰드,13,5500,58,40,17819,etude tint;fixing tint;long lasting lip,2,domeggook-com;ownerclan-com;b2b-memebox-com
k-beauty-makeup,18,이니스프리 그린티 씨드 세럼,Innisfree Green Tea Seed Serum,이니스프리,25,10000,60,150,17819,innisfree serum;green tea;korean skincare,0,domeggook-com;ownerclan-com;b2b-memebox-com
k-beauty-makeup,19,페리페라 올테이크 무드 팔레트,Peripera All Take Mood Palette,페리페라,20,8000,60,80,17819,peripera palette;all take mood;k-beauty eye,0,domeggook-com;ownerclan-com;b2b-memebox-com
k-beauty-makeup,20,롬앤 베어 워터 틴트,Rom&nd Bare Water Tint,롬앤,14,5500,61,40,17819,romand water tint;bare tint;korean lip makeup,0,domeggook-com;ownerclan-com;b2b-memebox-com
k-beauty-makeup,21,3CE 멀티 아이 컬러 팔레트,3CE Multi Eye Color Palette,3CE,35,15000,57,100,17819,3ce palette;multi eye;korean eye makeup,-1,domeggook-com;ownerclan-com;b2b-memebox-com
k-beauty-makeup,22,미샤 타임 레볼루션 나이트 리페어 앰플,Missha Time Revolution Night Repair Ampoule,미샤,30,12000,60,100,17819,missha ampoule;time revolution;korean anti-aging,0,domeggook-com;ownerclan-com;b2b-memebox-com
k-beauty-makeup,23,헤라 센슈얼 파우더 매트 리퀴드,Hera Sensual Powder Matte Liquid,헤라,30,13000,57,50,17819,hera liquid lip;powder matte;korean lipstick,0,domeggook-com;ownerclan-com;b2b-memebox-com
k-beauty-makeup,24,정샘물 아티스트 컨실러 팔레트,Jung Saem Mool Artist Concealer Palette,정샘물,38,16000,58,70,17819,jung saem mool;concealer palette;korean makeup,0,domeggook-com;ownerclan-com;b2b-memebox-com
k-beauty-makeup,25,어뮤즈 비건 피치 크림,Amuse Vegan Peach Cream,어뮤즈,28,11000,61,100,17819,amuse vegan;peach cream;korean primer,0,domeggook-com;ownerclan-com;b2b-memebox-com
k-beauty-makeup,26,데이지크 블렌딩 무드 치크,Dasique Blending Mood Cheek,데이지크,25,10000,60,60,17819,dasique blush;mood cheek;korean blusher,-4,domeggook-com;ownerclan-com;b2b-memebox-com
k-beauty-makeup,27,홀리카홀리카 아이 메탈 글리터,Holika Holika Eye Metal Glitter,홀리카홀리카,10,4000,60,30,17819,holika glitter;eye metal;korean eye makeup,0,domeggook-com;ownerclan-com;b2b-memebox-com
k-beauty-makeup,28,에스쁘아 립스틱 노웨어 쉬폰 매트,Espoir Lipstick Nowear Chiffon Matte,에스쁘아,20,8000,60,40,17819,espoir lipstick;chiffon matte;korean lip,0,domeggook-com;ownerclan-com;b2b-memebox-com
k-beauty-makeup,29,네이처리퍼블릭 바이플라워 블러셔,Nature Republic By Flower Blusher,네이처리퍼블릭,8,3000,62,30,17819,nature republic;blusher;korean cheek,0,domeggook-com;ownerclan-com;b2b-memebox-com
k-beauty-makeup,30,투쿨포스쿨 다이노플라츠 하이라이터,Too Cool For School Dinoplatz Highlighter,투쿨포스쿨,18,7000,61,50,17819,too cool for school;highlighter;korean glow,0,domeggook-com;ownerclan-com;b2b-memebox-com
inner-beauty,1,정관장 홍삼정 에브리타임,Cheong Kwan Jang Red Ginseng Extract Everytime,정관장,120,50000,58,300,11776,red ginseng;everytime;korean health,0,domeggook-com;ownerclan-com;healthfoodwholesale-co-kr
inner-beauty,2,뉴트리코어 멀티비타민 미네랄,Nutricore Multivitamin Mineral,뉴트리코어,40,18000,55,200,11776,nutricore vitamin;multimineral;korean supplement,0,domeggook-com;ownerclan-com;healthfoodwholesale-co-kr
inner-beauty,3,세노비스 트리플러스,Cenovis Triple Plus,세노비스,50,22000,56,250,11776,cenovis;triple plus;multivitamin,12,domeggook-com;ownerclan-com;healthfoodwholesale-co-kr
inner-beauty,4,고려은단 비타민C 1000,Korea Eundan Vitamin C 1000,고려은단,20,8000,60,150,11776,korea eundan;vitamin c;immune support,0,domeggook-com;ownerclan-com;healthfoodwholesale-co-kr
inner-beauty,5,종근당건강 락토핏 생유산균 골드,Chong Kun Dang Lacto-Fit Probiotics Gold,종근당건강,30,13000,57,100,11776,lactofit;probiotics;korean gut health,1,domeggook-com;ownerclan-com;healthfoodwholesale-co-kr
inner-beauty,6,솔가 에스터-C,Solgar Ester-C Plus 1000 mg Vitamin C,솔가,25,10000,60,180,11776,solgar vitamin c;ester-c;immune support,0,domeggook-com;ownerclan-com;healthfoodwholesale-co-kr
inner-beauty,7,덴프스 덴마크 유산균 이야기,Denps Denmark Probiotics Story,덴프스,35,15000,57,120,11776,denps probiotics;gut health;korean supplement,0,domeggook-com;ownerclan-com;healthfoodwholesale-co-kr
inner-beauty,8,바이탈뷰티 메타그린 슬림,Vitalbeautie Metagreen Slim,바이탈뷰티,60,25000,58,100,11776,vitalbeautie;metagreen;diet supplement,-3,domeggook-com;ownerclan-com;healthfoodwholesale-co-kr
inner-beauty,9,에버콜라겐 인앤업 플러스,Evercollagen In & Up Plus,에버콜라겐,45,20000,55,150,11776,evercollagen;collagen supplement;inner beauty,-7,domeggook-com;ownerclan-com;healthfoodwholesale-co-kr
inner-beauty,10,GNM자연의품격 유기농 양배추 브로콜리 진액,GNM Organic Cabbage Broccoli Juice,GNM자연의품격,30,12000,60,500,11776,gnm organic;cabbage juice;korean health drink,0,domeggook-com;ownerclan-com;healthfoodwholesale-co-kr
inner-beauty,11,비비랩 저분자 콜라겐,BB Lab Low Molecular Collagen,비비랩,28,11000,61,100,11776,bb lab collagen;low molecular;skin health,-7,domeggook-com;ownerclan-com;healthfoodwholesale-co-kr
inner-beauty,12,함소아 홍키통키,Hamsoa Hongkitongki Kids Red Ginseng,함소아,55,23000,58,300,11776,hamsoa kids;red ginseng;children's health,0,domeggook-com;ownerclan-com;healthfoodwholesale-co-kr
inner-beauty,13,닥터린 알티지 오메가3,Dr. Lynn rTG Omega-3,닥터린,40,17000,57,180,11776,dr lynn omega3;rtg omega;fish oil,-1,domeggook-com;ownerclan-com;healthfoodwholesale-co-kr
inner-beauty,14,바디닥터스 다이어트 유산균,Body Doctors Diet Probiotics,바디닥터스,30,12000,60,100,11776,body doctors;diet probiotics;weight management,0,domeggook-com;ownerclan-com;healthfoodwholesale-co-kr
inner-beauty,15,뉴오리진 이너플라츠,New Origin Innerflatz,뉴오리진,50,20000,60,150,11776,new origin;innerflatz;women's health,0,domeggook-com;ownerclan-com;healthfoodwholesale-co-kr
inner-beauty,16,정관장 홍삼톤 골드,Cheong Kwan Jang Hong Sam Won Gold,정관장,80,35000,56,400,11776,red ginseng drink;hong sam won;korean tonic,0,domeggook-com;ownerclan-com;healthfoodwholesale-co-kr
inner-beauty,17,뉴트리코어 비타민D,Nutricore Vitamin D,뉴트리코어,25,10000,60,80,11776,nutricore vitamin d;bone health;sunshine vitamin,0,domeggook-com;ownerclan-com;healthfoodwholesale-co-kr
inner-beauty,18,세노비스 프로바이오틱스,Cenovis Probiotics,세노비스,35,15000,57,100,11776,cenovis probiotics;gut flora;digestive health,0,domeggook-com;ownerclan-com;healthfoodwholesale-co-kr
inner-beauty,19,고려은단 루테인 지아잔틴,Korea Eundan Lutein Zeaxanthin,고려은단,30,12000,60,100,11776,korea eundan;lutein;eye health,0,domeggook-com;ownerclan-com;healthfoodwholesale-co-kr
inner-beauty,20,종근당건강 아쿠아셀 히알루론산,Chong Kun Dang Aquacell Hyaluronic Acid,종근당건강,40,17000,57,100,11776,chong kun dang;hyaluronic acid;skin hydration,1,domeggook-com;ownerclan-com;healthfoodwholesale-co-kr
inner-beauty,21,솔가 마그네슘,Solgar Magnesium Citrate,솔가,20,8000,60,150,11776,solgar magnesium;muscle support;bone health,0,domeggook-com;ownerclan-com;healthfoodwholesale-co-kr
inner-beauty,22,덴프스 코엔자임 Q10,Denps Coenzyme Q10,덴프스,45,19000,58,100,11776,denps q10;heart health;antioxidant,0,domeggook-com;ownerclan-com;healthfoodwholesale-co-kr
inner-beauty,23,바이탈뷰티 슈퍼콜라겐 에센스,Vitalbeautie Super Collagen Essence,바이탈뷰티,55,23000,58,150,11776,vitalbeautie collagen;skin elasticity;beauty drink,0,domeggook-com;ownerclan-com;healthfoodwholesale-co-kr
inner-beauty,24,GNM자연의품격 석류 콜라겐 젤리,GNM Pomegranate Collagen Jelly,GNM자연의품격,25,10000,60,200,11776,gnm collagen;pomegranate jelly;skin beauty,0,domeggook-com;ownerclan-com;healthfoodwholesale-co-kr
inner-beauty,25,비비랩 콜라겐 젤리 스틱,BB Lab Collagen Jelly Stick,비비랩,20,8000,60,150,11776,bb lab collagen;jelly stick;easy collagen,0,domeggook-com;ownerclan-com;healthfoodwholesale-co-kr
inner-beauty,26,함소아 비타민 젤리,Hamsoa Kids Vitamin Jelly,함소아,18,7000,61,100,11776,hamsoa vitamin;kids jelly;children's supplement,0,domeggook-com;ownerclan-com;healthfoodwholesale-co-kr
inner-beauty,27,닥터린 밀크씨슬,Dr. Lynn Milk Thistle,닥터린,30,12000,60,100,11776,dr lynn;milk thistle;liver health,0,domeggook-com;ownerclan-com;healthfoodwholesale-co-kr
inner-beauty,28,바디닥터스 가르시니아,Body Doctors Garcinia Diet,바디닥터스,28,11000,61,100,11776,body doctors;garcinia;weight loss,0,domeggook-com;ownerclan-com;healthfoodwholesale-co-kr
inner-beauty,29,뉴오리진 식물성 오메가3,New Origin Plant-Based Omega-3,뉴오리진,40,16000,60,150,11776,new origin;plant omega3;vegan supplement,0,domeggook-com;ownerclan-com;healthfoodwholesale-co-kr
inner-beauty,30,정관장 아이패스 H,Cheong Kwan Jang I-Pass H for Students,정관장,70,30000,57,300,11776,red ginseng;ipass h;student health,0,domeggook-com;ownerclan-com;healthfoodwholesale-co-kr
computer-parts,1,삼성전자 980 PRO NVMe M.2 SSD 1TB,Samsung 980 PRO NVMe M.2 SSD 1TB,삼성전자,120,55000,54,30,179323,samsung ssd;nvme m.2;1tb storage,0,domeggook-com;compuzone-co-kr;icoda-co-kr
computer-parts,2,SK하이닉스 Gold P31 NVMe SSD 1TB,SK Hynix Gold P31 NVMe SSD 1TB,SK하이닉스,100,45000,55,30,179323,sk hynix ssd;gold p31;nvme drive,0,domeggook-com;compuzone-co-kr;icoda-co-kr
computer-parts,3,LG전자 울트라기어 게이밍 모니터 27인치,LG Ultragear Gaming Monitor 27 inch,LG전자,350,160000,54,4000,80053,lg monitor;ultragear;gaming display,0,domeggook-com;compuzone-co-kr;joyzen-co-kr
computer-parts,4,잘만 CNPS10X OPTIMA II CPU 쿨러,Zalman CNPS10X Optima II CPU Cooler,잘만,50,20000,60,800,131486,zalman cooler;cpu fan;pc cooling,0,domeggook-com;compuzone-co-kr;icoda-co-kr
computer-parts,5,앱코 HACKER K660 기계식 키보드,ABKO HACKER K660 Mechanical Keyboard,앱코,70,30000,57,1000,175672,abko keyboard;mechanical keyboard;gaming peripheral,0,domeggook-com;ownerclan-com;compuzone-co-kr
computer-parts,6,마이크로닉스 Classic II 750W 파워 서플라이,Micronics Classic II 750W Power Supply,마이크로닉스,90,40000,56,1500,42017,micronics psu;750w power;pc power supply,-1,domeggook-com;compuzone-co-kr;icoda-co-kr
computer-parts,7,3RSYS L700 RGB 케이스,3RSYS L700 RGB PC Case,3RSYS,100,45000,55,7000,42014,3rsys case;rgb pc case;gaming chassis,0,domeggook-com;compuzone-co-kr;joyzen-co-kr
computer-parts,8,아이구주 HATCH 6 플렉스 메쉬 케이스,iGuju HATCH 6 Flex Mesh PC Case,아이구주,80,35000,56,6000,42014,iguju case;mesh pc case;computer chassis,0,domeggook-com;compuzone-co-kr;icoda-co-kr
computer-parts,9,COX CK420 게이밍 키보드,COX CK420 Gaming Keyboard,COX,60,25000,58,900,175672,cox keyboard;gaming keyboard;mechanical switch,0,domeggook-com;ownerclan-com;compuzone-co-kr
computer-parts,10,한성컴퓨터 TFG ART 게이밍 마우스,Hansung Computer TFG ART Gaming Mouse,한성컴퓨터,40,15000,62,150,175672,hansung mouse;gaming mouse;pc peripheral,0,domeggook-com;ownerclan-com;compuzone-co-kr
computer-parts,11,이엠텍 지포스 RTX 4070 그래픽카드,EMTEK GeForce RTX 4070 Graphics Card,이엠텍,650,300000,54,1500,27386,emtek rtx;rtx 4070;gaming gpu,0,domeggook-com;compuzone-co-kr;icoda-co-kr
computer-parts,12,제닉스 아레나 엑스 제로 게이밍 의자,Xenics Arena X Zero Gaming Chair,제닉스,250,110000,56,20000,11703,xenics chair;gaming chair;ergonomic seat,0,domeggook-com;ownerclan-com;compuzone-co-kr
computer-parts,13,로지텍 G PRO X SUPERLIGHT 게이밍 마우스,Logitech G PRO X SUPERLIGHT Gaming Mouse,로지텍,130,60000,54,100,175672,logitech mouse;g pro x;wireless gaming,0,domeggook-com;ownerclan-com;compuzone-co-kr
computer-parts,14,커세어 K70 RGB MK.2 기계식 키보드,Corsair K70 RGB MK.2 Mechanical Keyboard,커세어,150,70000,53,1200,175672,corsair keyboard;k70 rgb;mechanical gaming,0,domeggook-com;ownerclan-com;compuzone-co-kr
computer-parts,15,기가바이트 Z790 AORUS ELITE AX 메인보드,Gigabyte Z790 AORUS ELITE AX Motherboard,기가바이트,280,130000,53,1000,1244,gigabyte motherboard;z790 aorus;intel mainboard,0,domeggook-com;compuzone-co-kr;icoda-co-kr
computer-parts,16,삼성전자 DDR5 PC4-4800 16GB RAM,Samsung DDR5 PC4-4800 16GB RAM,삼성전자,60,25000,58,30,170083,samsung ram;ddr5 16gb;pc memory,0,domeggook-com;compuzone-co-kr;icoda-co-kr
computer-parts,17,SK하이닉스 DDR4 PC4-25600 8GB RAM,SK Hynix DDR4 PC4-25600 8GB RAM,SK하이닉스,30,12000,60,20,170083,sk hynix ram;ddr4 8gb;desktop memory,0,domeggook-com;compuzone-co-kr;icoda-co-kr
computer-parts,18,LG전자 27인치 IPS 모니터,LG 27 inch IPS Monitor,LG전자,200,90000,55,3500,80053,lg monitor;ips display;full hd monitor,0,domeggook-com;compuzone-co-kr;joyzen-co-kr
computer-parts,19,잘만 ZM-M300 게이밍 마우스,Zalman ZM-M300 Gaming Mouse,잘만,20,8000,60,100,175672,zalman mouse;gaming mouse;wired mouse,0,domeggook-com;compuzone-co-kr;icoda-co-kr
computer-parts,20,앱코 SUITMASTER 320S PC 케이스,ABKO SUITMASTER 320S PC Case,앱코,70,30000,57,5000,42014,abko case;suitmaster;mid tower case,0,domeggook-com;compuzone-co-kr;joyzen-co-kr
computer-parts,21,마이크로닉스 MANIC K520 기계식 키보드,Micronics MANIC K520 Mechanical Keyboard,마이크로닉스,50,20000,60,900,175672,micronics keyboard;manic k520;rgb keyboard,0,domeggook-com;ownerclan-com;compuzone-co-kr
computer-parts,22,3RSYS S700 에어 미들타워 케이스,3RSYS S700 Air Mid Tower Case,3RSYS,90,40000,56,6500,42014,3rsys case;s700 air;pc chassis,0,domeggook-com;compuzone-co-kr;joyzen-co-kr
computer-parts,23,아이구주 P7000 USB 3.0 PC 케이스,iGuju P7000 USB 3.0 PC Case,아이구주,60,25000,58,5500,42014,iguju case;p7000;desktop case,0,domeggook-com;compuzone-co-kr;icoda-co-kr
computer-parts,24,COX CM100 게이밍 헤드셋,COX CM100 Gaming Headset,COX,40,15000,62,300,175672,cox headset;gaming headset;pc audio,0,domeggook-com;ownerclan-com;compuzone-co-kr
computer-parts,25,한성컴퓨터 GK898B 무접점 키보드,Hansung Computer GK898B Non-Contact Keyboard,한성컴퓨터,120,50000,58,1100,175672,hansung keyboard;non-contact;rgb keyboard,0,domeggook-com;ownerclan-com;compuzone-co-kr
computer-parts,26,이엠텍 RTX 3060 그래픽카드,EMTEK RTX 3060 Graphics Card,이엠텍,350,150000,57,1200,27386,emtek rtx;rtx 3060;gpu for gaming,0,domeggook-com;compuzone-co-kr;icoda-co-kr
computer-parts,27,제닉스 타이탄 게이밍 마우스,Xenics Titan Gaming Mouse,제닉스,30,12000,60,120,175672,xenics mouse;titan mouse;wired gaming,0,domeggook-com;ownerclan-com;compuzone-co-kr
computer-parts,28,로지텍 G213 RGB 게이밍 키보드,Logitech G213 RGB Gaming Keyboard,로지텍,60,25000,58,1000,175672,logitech keyboard;g213 rgb;gaming keyboard,0,domeggook-com;ownerclan-com;compuzone-co-kr
computer-parts,29,커세어 HS50 PRO 게이밍 헤드셋,Corsair HS50 PRO Gaming Headset,커세어,70,30000,57,400,175672,corsair headset;hs50 pro;gaming audio,0,domeggook-com;ownerclan-com;compuzone-co-kr
computer-parts,30,기가바이트 B760M DS3H 메인보드,Gigabyte B760M DS3H Motherboard,기가바이트,150,65000,57,800,1244,gigabyte motherboard;b760m;micro atx,0,domeggook-com;compuzone-co-kr;icoda-co-kr
auto-accessories,1,불스원샷 70000 연료첨가제,Bullsone Shot 70000 Fuel Additive,불스원,25,10000,60,500,33699,bullsone shot;fuel additive;car maintenance,0,domeggook-com;ownerclan-com;carnpeople-co-kr
auto-accessories,2,현대모비스 순정 와이퍼 블레이드,Hyundai Mobis Genuine Wiper Blade,현대모비스,30,12000,60,300,33699,hyundai mobis;wiper blade;car parts,0,domeggook-com;ownerclan-com;carnpeople-co-kr
auto-accessories,3,카카오프렌즈 차량용 방향제 라이언,Kakao Friends Car Air Freshener Ryan,카카오프렌즈,15,6000,60,100,33699,kakao friends;car air freshener;ryan character,0,domeggook-com;ownerclan-com;domema-com
auto-accessories,4,더클래스 유리막 코팅제,The Class Glass Coating Agent,더클래스,40,16000,60,200,33699,the class;glass coating;car detailing,2,domeggook-com;ownerclan-com;carnpeople-co-kr
auto-accessories,5,메이튼 차량용 무선 충전 거치대,Mayton Car Wireless Charging Mount,메이튼,35,14000,60,250,33699,mayton car mount;wireless charger;car phone holder,0,domeggook-com;ownerclan-com;domema-com
auto-accessories,6,아이로드 T10 블랙박스,IROAD T10 Dash Cam,아이로드,150,65000,57,300,33699,iroad dash cam;t10 blackbox;car camera,0,domeggook-com;ownerclan-com;carnpeople-co-kr
auto-accessories,7,아이나비 QXD7000 블랙박스,Thinkware iNAVY QXD7000 Dash Cam,아이나비,200,90000,55,350,33699,inavy dash cam;qxd7000;car blackbox,0,domeggook-com;ownerclan-com;carnpeople-co-kr
auto-accessories,8,코일매트 차량용 바닥 매트,Coil Mat Car Floor Mat,코일매트,60,25000,58,3000,33699,coil mat;car floor mat;custom car mat,0,domeggook-com;ownerclan-com;carnpeople-co-kr
auto-accessories,9,차량용 방향제 디퓨저,Car Air Freshener Diffuser,차량용방향제,20,8000,60,120,33699,car diffuser;air freshener;auto scent,0,domeggook-com;ownerclan-com;domema-com
auto-accessories,10,훠링 차량용 햇빛 가리개,Hworling Car Sun Shade,훠링,18,7000,61,200,33699,hworling sunshade;car sun visor;uv protection,0,domeggook-com;ownerclan-com;domema-com
auto-accessories,11,오토반 차량용 공기청정기,Autoban Car Air Purifier,오토반,50,20000,60,300,33699,autoban purifier;car air cleaner;vehicle air filter,0,domeggook-com;ownerclan-com;domema-com
auto-accessories,12,카템 차량용 목쿠션,Cartem Car Neck Pillow,카템,22,9000,59,250,33699,cartem neck pillow;car cushion;driving comfort,0,domeggook-com;ownerclan-com;domema-com
auto-accessories,13,리버캠 차량용 후방 카메라,Revercam Car Rear View Camera,리버캠,45,18000,60,150,33699,revercam camera;rear view cam;parking assist,0,domeggook-com;ownerclan-com;carnpeople-co-kr
auto-accessories,14,카렉스 차량용 청소기,Carex Car Vacuum Cleaner,카렉스,38,15000,60,400,33699,carex vacuum;car cleaner;portable vacuum,0,domeggook-com;ownerclan-com;domema-com
auto-accessories,15,디프로젝트 디불 차량용 방향제,D.Project D-Bull Car Air Freshener,디프로젝트,30,12000,60,100,33699,d.project;d-bull;car scent,0,domeggook-com;ownerclan-com;domema-com
auto-accessories,16,불스원 크리스탈 코트,Bullsone Crystal Coat Wax,불스원,20,8000,60,300,33699,bullsone wax;crystal coat;car detailing,0,domeggook-com;ownerclan-com;carnpeople-co-kr
auto-accessories,17,현대모비스 순정 에어컨 필터,Hyundai Mobis Genuine AC Filter,현대모비스,28,11000,61,200,33699,hyundai mobis;ac filter;cabin air filter,0,domeggook-com;ownerclan-com;carnpeople-co-kr
auto-accessories,18,카카오프렌즈 차량용 햇빛 가리개,Kakao Friends Car Sunshade,카카오프렌즈,18,7000,61,250,33699,kakao friends;car sunshade;auto accessory,0,domeggook-com;ownerclan-com;domema-com
auto-accessories,19,더클래스 타이어 광택제,The Class Tire Shine Spray,더클래스,15,6000,60,300,33699,the class;tire shine;car care,0,domeggook-com;ownerclan-com;carnpeople-co-kr
auto-accessories,20,메이튼 차량용 핸드폰 거치대,Mayton Car Phone Holder,메이튼,25,10000,60,150,33699,mayton car holder;phone mount;car interior,0,domeggook-com;ownerclan-com;domema-com
auto-accessories,21,아이로드 X10 블랙박스,IROAD X10 Dash Cam,아이로드,120,50000,58,280,33699,iroad dash cam;x10 blackbox;car recorder,0,domeggook-com;ownerclan-com;carnpeople-co-kr
auto-accessories,22,아이나비 V900 블랙박스,Thinkware iNAVY V900 Dash Cam,아이나비,180,80000,55,320,33699,inavy dash cam;v900;vehicle camera,0,domeggook-com;ownerclan-com;carnpeople-co-kr
auto-accessories,23,차량용 컵홀더 확장 트레이,Car Cup Holder Expander Tray,카템,20,8000,60,180,33699,car cup holder;expander tray;auto organizer,0,domeggook-com;ownerclan-com;domema-com
auto-accessories,24,차량용 목베개,Car Neck Support Pillow,카템,15,6000,60,200,33699,car neck pillow;headrest cushion;driving accessory,0,domeggook-com;ownerclan-com;domema-com
auto-accessories,25,차량용 스마트폰 거치대,Car Smartphone Mount,메이튼,18,7000,61,100,33699,car phone mount;smartphone holder;auto gadget,0,domeggook-com;ownerclan-com;domema-com
auto-accessories,26,차량용 트렁크 정리함,Car Trunk Organizer Box,훠링,30,12000,60,800,33699,trunk organizer;car storage;auto tidy,0,domeggook-com;ownerclan-com;domema-com
auto-accessories,27,차량용 대시보드 커버,Car Dashboard Cover,코일매트,40,16000,60,500,33699,dashboard cover;car interior;sun protection,0,domeggook-com;ownerclan-com;carnpeople-co-kr
auto-accessories,28,차량용 사이드미러 필름,Car Side Mirror Film Anti-Fog,불스원,12,5000,58,50,33699,side mirror film;anti-fog;car safety,0,domeggook-com;ownerclan-com;carnpeople-co-kr
auto-accessories,29,차량용 틈새 수납함,Car Seat Gap Filler Organizer,훠링,22,9000,59,150,33699,seat gap filler;car organizer;auto storage,0,domeggook-com;ownerclan-com;domema-com
auto-accessories,30,차량용 헤드업 디스플레이,Car Head-Up Display HUD,아이나비,80,35000,56,200,33699,car hud;head up display;navigation accessory,0,domeggook-com;ownerclan-com;carnpeople-co-kr
k-stationery,1,카카오프렌즈 라이언 젤펜,Kakao Friends Ryan Gel Pen,카카오프렌즈,8.99,3500,55,30,17208,korean pen;kakao friends;gel pen,0,domeggook-com;ownerclan-com;1000za-kr
k-stationery,2,모닝글로리 스케치북,Morning Glory Sketchbook,모닝글로리,12.5,4800,48,250,17205,korean sketchbook;morning glory;art supplies,0,domeggook-com;munguya-com;dometopia-com
k-stationery,3,모나미 153 볼펜 세트,Monami 153 Ballpoint Pen Set,모나미,15,6000,45,80,17208,monami pen;korean stationery;ballpoint pen,1,domeggook-com;ownerclan-com;sellmoa-com
k-stationery,4,라인프렌즈 브라운 노트,Line Friends Brown Notebook,라인프렌즈,10.99,4200,50,180,17205,line friends;korean notebook;cute stationery,0,domeggook-com;ownerclan-com;domemae-com
k-stationery,5,아이코닉 플래너,Iconic Planner,아이코닉,22,9000,40,300,17205,iconic planner;korean diary;stationery planner,0,domeggook-com;dometopia-com;onchannel-co-kr
k-stationery,6,7321디자인 앨리스 다이어리,7321Design Alice Diary,7321디자인,25,10500,38,350,17205,7321design;alice in wonderland;korean diary,0,domeggook-com;ownerclan-com;domemae-com
k-stationery,7,루카랩 다이어리 스티커,Lucalab Diary Stickers,루카랩,7.5,2800,58,50,17205,lucalab;korean stickers;diary decoration,0,domeggook-com;1000za-kr;sellmoa-com
k-stationery,8,라이브워크 펜케이스,Livework Pen Case,라이브워크,14,5500,45,100,17208,livework;korean pen case;stationery pouch,0,domeggook-com;ownerclan-com;dometopia-com
k-stationery,9,인디고 노트,Indigo Notebook,인디고,9.99,3800,50,200,17205,indigo stationery;korean notebook;simple design,0,domeggook-com;munguya-com;domemae-com
k-stationery,10,비온뒤 스티커 팩,Biond Sticker Pack,비온뒤,6.5,2500,52,40,17205,biond;korean stickers;deco stickers,0,domeggook-com;1000za-kr;sellmoa-com
k-stationery,11,젤리크루 캐릭터 볼펜,Jellycrew Character Ballpoint Pen,젤리크루,9.5,3600,50,35,17208,jellycrew;korean character pen;cute pen,0,domeggook-com;ownerclan-com;dometopia-com
k-stationery,12,슈아뜰리에 마스킹 테이프,Shuatelier Masking Tape,슈아뜰리에,5.99,2200,55,25,17205,shuatelier;korean masking tape;deco tape,0,domeggook-com;1000za-kr;domemae-com
k-stationery,13,밤토리상점 떡메모지,Bamtori Store Memo Pad,밤토리상점,7,2700,50,60,17205,bamtori store;korean memo pad;cute memo,0,domeggook-com;ownerclan-com;sellmoa-com
k-stationery,14,핫트랙스 디자인 펜,Hottracks Design Pen,핫트랙스,11,4500,45,40,17208,hottracks;korean design pen;stationery pen,0,domeggook-com;munguya-com;onchannel-co-kr
k-stationery,15,텐바이텐 일러스트 엽서,10x10 Illustration Postcard,텐바이텐,4.99,1800,60,20,17205,10x10;korean postcard;illustration art,0,domeggook-com;1000za-kr;dometopia-com
k-stationery,16,모닝글로리 컬러 펜 세트,Morning Glory Color Pen Set,모닝글로리,16,6500,42,150,17208,morning glory;color pen set;korean stationery,0,domeggook-com;munguya-com;ownerclan-com
k-stationery,17,카카오프렌즈 무선 노트,Kakao Friends Wireless Notebook,카카오프렌즈,13.5,5200,45,200,17205,kakao friends;korean notebook;character notebook,0,domeggook-com;ownerclan-com;domemae-com
k-stationery,18,모나미 유성매직,Monami Permanent Marker,모나미,7.99,3000,50,40,17208,monami marker;permanent marker;korean stationery,1,domeggook-com;sellmoa-com;dometopia-com
k-stationery,19,라인프렌즈 브라운 스티커,Line Friends Brown Sticker Set,라인프렌즈,6.99,2600,52,30,17205,line friends;korean stickers;brown character,0,domeggook-com;1000za-kr;ownerclan-com
k-stationery,20,아이코닉 펜슬 케이스,Iconic Pencil Case,아이코닉,12,4800,45,90,17208,iconic;korean pencil case;stationery pouch,0,domeggook-com;munguya-com;onchannel-co-kr
k-stationery,21,7321디자인 북마크 세트,7321Design Bookmark Set,7321디자인,8.5,3300,48,20,17205,7321design;korean bookmark;cute bookmark,0,domeggook-com;domemae-com;sellmoa-com
k-stationery,22,루카랩 다이어리 꾸미기 세트,Lucalab Diary Decorating Set,루카랩,19.99,8000,40,180,17205,lucalab;diary decoration;korean stationery set,-9,domeggook-com;ownerclan-com;dometopia-com
k-stationery,23,라이브워크 데스크 매트,Livework Desk Mat,라이브워크,28,12000,38,400,17205,livework;korean desk mat;office stationery,0,domeggook-com;onchannel-co-kr;munguya-com
k-stationery,24,인디고 컬러링 북,Indigo Coloring Book,인디고,15.5,6000,45,300,17205,indigo;korean coloring book;adult coloring,0,domeggook-com;domemae-com;1000za-kr
k-stationery,25,비온뒤 다이어리,Biond Diary,비온뒤,21,8500,40,280,17205,biond;korean diary;planner book,0,domeggook-com;ownerclan-com;dometopia-com
k-stationery,26,젤리크루 캐릭터 스티커,Jellycrew Character Stickers,젤리크루,7.5,2900,50,30,17205,jellycrew;korean stickers;character deco,0,domeggook-com;1000za-kr;sellmoa-com
k-stationery,27,슈아뜰리에 엽서 세트,Shuatelier Postcard Set,슈아뜰리에,9,3500,48,50,17205,shuatelier;korean postcard;art stationery,0,domeggook-com;domemae-com;munguya-com
k-stationery,28,밤토리상점 마스킹 테이프,Bamtori Store Masking Tape,밤토리상점,6,2300,52,25,17205,bamtori store;korean masking tape;cute tape,0,domeggook-com;ownerclan-com;1000za-kr
k-stationery,29,핫트랙스 노트 세트,Hottracks Notebook Set,핫트랙스,18,7500,40,350,17205,hottracks;korean notebook set;stationery gift,0,domeggook-com;onchannel-co-kr;dometopia-com
k-stationery,30,텐바이텐 다이어리,10x10 Diary,텐바이텐,24,10000,38,320,17205,10x10;korean diary;planner,0,domeggook-com;ownerclan-com;sellmoa-com
camping-gear,1,헬리녹스 체어원,Helinox Chair One,헬리녹스,120,55000,35,960,16035,helinox chair;camping chair;lightweight chair,0,domeggook-com;camptree-co-kr;ownerclan-com
camping-gear,2,코베아 구이바다,Kovea GUi-Bada All-in-One Grill,코베아,150,70000,30,4000,16035,kovea grill;camping stove;korean camping,0,domeggook-com;campingmaru-com;dometopia-com
camping-gear,3,크레모아 3페이스 미니 랜턴,Claymore 3Face Mini Lantern,크레모아,75,35000,38,300,16035,claymore lantern;camping light;korean outdoor,0,domeggook-com;campingon-co-kr;ownerclan-com
camping-gear,4,스노우라인 큐브 테이블,Snowline Cube Table,스노우라인,90,42000,35,1500,16035,snowline table;camping table;portable table,0,domeggook-com;camptree-co-kr;sellmoa-com
camping-gear,5,미니멀웍스 글래머 쉘터,Minimal Works Glamour Shelter,미니멀웍스,400,190000,30,5000,16035,minimal works;camping shelter;korean tent,0,domeggook-com;campingmaru-com;dometopia-com
camping-gear,6,카즈미 캠핑 컵 세트,Kazmi Camping Cup Set,카즈미,45,20000,40,400,16035,kazmi;camping cups;outdoor tableware,0,domeggook-com;ownerclan-com;domemae-com
camping-gear,7,코오롱스포츠 등산 배낭,Kolon Sport Hiking Backpack,코오롱스포츠,180,85000,30,1200,16035,kolon sport;hiking backpack;outdoor gear,0,domeggook-com;campingn-com;onchannel-co-kr
camping-gear,8,노스피크 인디언 행어,Northpeak Indian Hanger,노스피크,60,28000,38,800,16035,northpeak;indian hanger;camping storage,0,domeggook-com;camptree-co-kr;dometopia-com
camping-gear,9,제드 캠핑 침낭,ZED Camping Sleeping Bag,제드,110,50000,35,1800,16035,zed camping;sleeping bag;outdoor sleeping,0,domeggook-com;campingmaru-com;ownerclan-com
camping-gear,10,하이브로우 밀크 박스,Hibrow Milk Box,하이브로우,55,25000,40,1000,16035,hibrow;milk box;camping storage box,-1,domeggook-com;domemae-com;sellmoa-com
camping-gear,11,버팔로 캠핑 매트,Buffalo Camping Mat,버팔로,70,32000,38,1500,16035,buffalo camping;camping mat;sleeping pad,1,domeggook-com;campingon-co-kr;dometopia-com
camping-gear,12,위오 캠핑 텐트,WeAreO Camping Tent,위오,350,160000,30,6000,16035,weareo tent;camping tent;outdoor tent,0,domeggook-com;camptree-co-kr;ownerclan-com
camping-gear,13,800도씨 그리들,800℃ Griddle,800도씨,85,38000,40,2500,16035,800c griddle;camping griddle;cast iron griddle,0,domeggook-com;campingmaru-com;domemae-com
camping-gear,14,마운트리버 릴렉스 체어,Mountriver Relax Chair,마운트리버,95,45000,35,2000,16035,mountriver;relax chair;camping chair,11,domeggook-com;campingn-com;ownerclan-com
camping-gear,15,아이두젠 에어매트,I Do Zen Air Mat,아이두젠,130,60000,38,3000,16035,idozen;air mat;camping mattress,7,domeggook-com;camptree-co-kr;dometopia-com
camping-gear,16,헬리녹스 테이블원,Helinox Table One,헬리녹스,140,65000,35,1000,16035,helinox table;camping table;portable table,0,domeggook-com;camptree-co-kr;ownerclan-com
camping-gear,17,코베아 캠핑 버너,Kovea Camping Burner,코베아,65,30000,38,500,16035,kovea burner;camping stove;portable burner,0,domeggook-com;campingmaru-com;sellmoa-com
camping-gear,18,크레모아 헤드 랜턴,Claymore Headlamp,크레모아,50,23000,40,150,16035,claymore headlamp;camping headlamp;outdoor light,0,domeggook-com;campingon-co-kr;dometopia-com
camping-gear,19,스노우라인 캠핑 코펠,Snowline Camping Cookware Set,스노우라인,80,37000,38,1200,16035,snowline cookware;camping pot set;outdoor cooking,0,domeggook-com;camptree-co-kr;ownerclan-com
camping-gear,20,미니멀웍스 인디언 행어,Minimal Works Indian Hanger,미니멀웍스,70,32000,38,900,16035,minimal works;indian hanger;camping gear hanger,0,domeggook-com;domemae-com;campingmaru-com
camping-gear,21,카즈미 캠핑 랜턴,Kazmi Camping Lantern,카즈미,55,25000,40,350,16035,kazmi;camping lantern;outdoor light,0,domeggook-com;ownerclan-com;dometopia-com
camping-gear,22,코오롱스포츠 캠핑 의자,Kolon Sport Camping Chair,코오롱스포츠,100,48000,35,1800,16035,kolon sport;camping chair;outdoor chair,0,domeggook-com;campingn-com;onchannel-co-kr
camping-gear,23,노스피크 캠핑 테이블,Northpeak Camping Table,노스피크,110,50000,35,2500,16035,northpeak;camping table;folding table,0,domeggook-com;camptree-co-kr;sellmoa-com
camping-gear,24,제드 캠핑 타프,ZED Camping Tarp,제드,160,75000,30,3000,16035,zed camping;camping tarp;outdoor shelter,0,domeggook-com;campingmaru-com;ownerclan-com
camping-gear,25,하이브로우 캠핑 박스,Hibrow Camping Box,하이브로우,80,37000,38,1500,16035,hibrow;camping box;storage box,-1,domeggook-com;domemae-com;dometopia-com
camping-gear,26,버팔로 캠핑 텐트,Buffalo Camping Tent,버팔로,250,115000,30,5000,16035,buffalo camping;camping tent;family tent,1,domeggook-com;campingon-co-kr;ownerclan-com
camping-gear,27,위오 캠핑 침낭,WeAreO Camping Sleeping Bag,위오,90,42000,35,1600,16035,weareo;sleeping bag;camping gear,0,domeggook-com;camptree-co-kr;sellmoa-com
camping-gear,28,800도씨 캠핑 냄비,800℃ Camping Pot,800도씨,60,28000,38,1000,16035,800c;camping pot;outdoor cooking,0,domeggook-com;campingmaru-com;dometopia-com
camping-gear,29,마운트리버 캠핑 테이블,Mountriver Camping Table,마운트리버,100,48000,35,2200,16035,mountriver;camping table;folding table,0,domeggook-com;campingn-com;ownerclan-com
camping-gear,30,아이두젠 캠핑 의자,I Do Zen Camping Chair,아이두젠,85,40000,38,1500,16035,idozen;camping chair;portable chair,0,domeggook-com;camptree-co-kr;domemae-com
golf-gear,1,볼빅 비비드 골프공,Volvik Vivid Golf Balls,볼빅,35,15000,45,450,1513,volvik golf balls;vivid golf balls;korean golf,0,domeggook-com;golfzonmarket-com;ownerclan-com
golf-gear,2,왁 골프웨어 여성 티셔츠,WAAC Golf Wear Women's T-shirt,왁,120,55000,35,300,1513,waac golf;korean golf wear;women's golf,0,domeggook-com;golffriend-co-kr;dometopia-com
golf-gear,3,어뉴골프 스탠드백,Anew Golf Stand Bag,어뉴골프,300,140000,30,2500,1513,anew golf;golf stand bag;korean golf bag,0,domeggook-com;golfshop-co-kr;ownerclan-com
golf-gear,4,와이드앵글 남성 골프 바지,Wide Angle Men's Golf Pants,와이드앵글,110,50000,35,400,1513,wide angle golf;men's golf pants;korean golf fashion,0,domeggook-com;golfnara-co-kr;sellmoa-com
golf-gear,5,파리게이츠 골프 모자,Pearly Gates Golf Cap,파리게이츠,80,37000,38,150,1513,pearly gates;golf cap;korean golf accessories,0,domeggook-com;golfzonmarket-com;dometopia-com
golf-gear,6,팬텀 골프 장갑,Phantom Golf Glove,팬텀,25,10000,50,80,1513,phantom golf;golf glove;korean golf gear,0,domeggook-com;golffriend-co-kr;domemae-com
golf-gear,7,헤지스골프 여성 골프 스커트,Hazzys Golf Women's Golf Skirt,헤지스골프,130,60000,35,350,1513,hazzys golf;golf skirt;korean golf apparel,0,domeggook-com;golfshop-co-kr;onchannel-co-kr
golf-gear,8,빈폴골프 남성 골프 티셔츠,Beanpole Golf Men's Golf T-shirt,빈폴골프,100,48000,35,300,1513,beanpole golf;men's golf shirt;korean fashion,0,domeggook-com;golfnara-co-kr;ownerclan-com
golf-gear,9,사우스케이프 골프 우산,Southcape Golf Umbrella,사우스케이프,70,32000,38,600,1513,southcape;golf umbrella;korean golf accessories,0,domeggook-com;golfzonmarket-com;sellmoa-com
golf-gear,10,엘로드 골프화,Elord Golf Shoes,엘로드,180,85000,30,1000,1513,elord golf shoes;korean golf shoes;golf footwear,0,domeggook-com;golffriend-co-kr;dometopia-com
golf-gear,11,마스터바니에디션 골프 파우치,Master Bunny Edition Golf Pouch,마스터바니에디션,90,42000,35,200,1513,master bunny;golf pouch;korean golf fashion,0,domeggook-com;golfshop-co-kr;domemae-com
golf-gear,12,까스텔바작 여성 골프 원피스,Castelbajac Women's Golf Dress,까스텔바작,150,70000,30,450,1513,castelbajac golf;golf dress;korean golf apparel,0,domeggook-com;golfnara-co-kr;ownerclan-com
golf-gear,13,클리브랜드 골프웨어 남성 바람막이,Cleveland Golf Wear Men's Windbreaker,클리브랜드 골프웨어,140,65000,30,400,1513,cleveland golf;golf windbreaker;men's golf jacket,0,domeggook-com;golfzonmarket-com;onchannel-co-kr
golf-gear,14,핑 어패럴 여성 골프 티셔츠,PING Apparel Women's Golf T-shirt,핑 어패럴,95,45000,35,280,1513,ping apparel;women's golf shirt;korean golf wear,0,domeggook-com;golffriend-co-kr;dometopia-com
golf-gear,15,벤제프 남성 골프 바지,Benjefe Men's Golf Pants,벤제프,115,53000,35,420,1513,benjefe golf;men's golf pants;korean golf fashion,0,domeggook-com;golfshop-co-kr;sellmoa-com
golf-gear,16,볼빅 골프 거리측정기,Volvik Golf Rangefinder,볼빅,200,95000,30,250,1513,volvik rangefinder;golf distance meter;korean golf tech,0,domeggook-com;golfzonmarket-com;ownerclan-com
golf-gear,17,왁 골프웨어 남성 조끼,WAAC Golf Wear Men's Vest,왁,130,60000,35,350,1513,waac golf;men's golf vest;korean golf fashion,0,domeggook-com;golffriend-co-kr;dometopia-com
golf-gear,18,어뉴골프 드라이버 커버,Annew Golf Driver Cover,어뉴골프,70,32000,38,200,1513,anew golf;driver cover;golf headcover,0,domeggook-com;golfshop-co-kr;domemae-com
golf-gear,19,와이드앵글 여성 골프 스커트,Wide Angle Women's Golf Skirt,와이드앵글,105,48000,35,300,1513,wide angle golf;women's golf skirt;korean golf fashion,0,domeggook-com;golfnara-co-kr;ownerclan-com
golf-gear,20,파리게이츠 골프 양말,Peary Gates Golf Socks,파리게이츠,30,12000,45,100,1513,pearly gates;golf socks;korean golf accessories,0,domeggook-com;golfzonmarket-com;sellmoa-com
golf-gear,21,팬텀 골프화,Phantom Golf Shoes,팬텀,160,75000,30,900,1513,phantom golf;golf shoes;korean golf footwear,0,domeggook-com;golffriend-co-kr;dometopia-com
golf-gear,22,헤지스골프 남성 골프 티셔츠,Hazzys Golf Men's Golf T-shirt,헤지스골프,110,50000,35,320,1513,hazzys golf;men's golf shirt;korean golf apparel,0,domeggook-com;golfshop-co-kr;onchannel-co-kr
golf-gear,23,빈폴골프 여성 골프 모자,Beanpole Golf Women's Golf Cap,빈폴골프,75,35000,38,120,1513,beanpole golf;women's golf cap;korean fashion,0,domeggook-com;golfnara-co-kr;ownerclan-com
golf-gear,24,사우스케이프 골프 타올,Southcape Golf Towel,사우스케이프,40,18000,40,150,1513,southcape;golf towel;korean golf accessories,0,domeggook-com;golfzonmarket-com;domemae-com
golf-gear,25,엘로드 골프채 세트,Elord Golf Club Set,엘로드,800,380000,25,10000,1513,elord golf clubs;golf club set;korean golf equipment,0,domeggook-com;golffriend-co-kr;dometopia-com
golf-gear,26,마스터바니에디션 골프 장갑,Master Bunny Edition Golf Glove,마스터바니에디션,45,20000,40,90,1513,master bunny;golf glove;korean golf accessories,0,domeggook-com;golfshop-co-kr;sellmoa-com
golf-gear,27,까스텔바작 남성 골프 티셔츠,Castelbajac Men's Golf T-shirt,까스텔바작,120,55000,35,330,1513,castelbajac golf;men's golf shirt;korean golf apparel,0,domeggook-com;golfnara-co-kr;ownerclan-com
golf-gear,28,클리브랜드 골프웨어 여성 골프 바지,Cleveland Golf Wear Women's Golf Pants,클리브랜드 골프웨어,110,50000,35,380,1513,cleveland golf;women's golf pants;korean golf fashion,0,domeggook-com;golfzonmarket-com;onchannel-co-kr
golf-gear,29,핑 어패럴 남성 골프 조끼,PING Apparel Men's Golf Vest,핑 어패럴,100,48000,35,300,1513,ping apparel;men's golf vest;korean golf wear,0,domeggook-com;golffriend-co-kr;dometopia-com
golf-gear,30,벤제프 여성 골프 티셔츠,Benjefe Women's Golf T-shirt,벤제프,90,42000,35,280,1513,benjefe golf;women's golf shirt;korean golf fashion,0,domeggook-com;golfshop-co-kr;domemae-com
kitchen-ware,1,락앤락 밀폐용기 세트,LocknLock Food Storage Container Set,락앤락,40,18000,40,800,20625,locknlock;food storage;korean kitchenware,0,domeggook-com;hanssem-com-mall;ownerclan-com
kitchen-ware,2,해피콜 다이아몬드 프라이팬,Happycall Diamond Frying Pan,해피콜,55,25000,38,1200,20625,happycall pan;diamond frying pan;korean cookware,0,domeggook-com;kitchenart-co-kr;dometopia-com
kitchen-ware,3,네오플램 피카 냄비,Neoflam Fika Pot,네오플램,70,32000,38,1500,20625,neoflam fika;ceramic pot;korean kitchen,0,domeggook-com;livinghankook-com;ownerclan-com
kitchen-ware,4,PN풍년 압력솥,PN Poongnyun Pressure Cooker,PN풍년,90,42000,35,2000,20625,pn poongnyun;pressure cooker;korean cooking,0,domeggook-com;sellmoa-com;dometopia-com
kitchen-ware,5,글라스락 유리 밀폐용기,Glasslock Glass Food Container,글라스락,30,13000,45,700,20625,glasslock;glass container;korean storage,2,domeggook-com;hanssem-com-mall;domemae-com
kitchen-ware,6,한국도자기 커피잔 세트,Hankook Chinaware Coffee Cup Set,한국도자기,60,28000,38,1000,20625,hankook chinaware;coffee cup set;korean ceramics,8,domeggook-com;livinghankook-com;onchannel-co-kr
kitchen-ware,7,키친아트 스텐 냄비 세트,Kitchen Art Stainless Steel Pot Set,키친아트,85,40000,35,2500,20625,kitchen art;stainless steel pot;korean cookware,0,domeggook-com;kitchenart-co-kr;ownerclan-com
kitchen-ware,8,도루코 칼 세트,Dorco Knife Set,도루코,45,20000,40,600,20625,dorco knife;kitchen knife set;korean cutlery,2,domeggook-com;sellmoa-com;dometopia-com
kitchen-ware,9,자주 실리콘 주방 도구,JAJU Silicone Kitchen Tools,자주,28,12000,45,300,20625,jaju kitchen;silicone tools;korean kitchenware,0,domeggook-com;modernhouse-co-kr;ownerclan-com
kitchen-ware,10,모던하우스 주방 수건 세트,Modern House Kitchen Towel Set,모던하우스,20,8000,50,200,20625,modern house;kitchen towel;korean home decor,0,domeggook-com;modernhouse-co-kr;domemae-com
kitchen-ware,11,오덴세 림 접시 세트,Odense Rim Plate Set,오덴세,100,48000,35,1800,20625,odense plates;ceramic plates;korean tableware,2,domeggook-com;livinghankook-com;onchannel-co-kr
kitchen-ware,12,퀸센스 에어프라이어,Queensense Air Fryer,퀸센스,120,55000,35,3000,20625,queensense;air fryer;korean kitchen appliance,-1,domeggook-com;kitchenart-co-kr;dometopia-com
kitchen-ware,13,실리만 실리콘 찜기,Sililman Silicone Steamer,실리만,35,15000,45,400,20625,sililman;silicone steamer;korean cooking tools,14,domeggook-com;hanssem-com-mall;ownerclan-com
kitchen-ware,14,한일스텐레스 텀블러,Hanil Stainless Tumbler,한일스텐레스,25,10000,50,300,20625,hanil stainless;tumbler;korean drinkware,0,domeggook-com;sellmoa-com;domemae-com
kitchen-ware,15,쓰임 도마,Sseum Cutting Board,쓰임,40,18000,40,1000,20625,sseum;cutting board;korean kitchen tools,0,domeggook-com;modernhouse-co-kr;dometopia-com
kitchen-ware,16,락앤락 물병,LocknLock Water Bottle,락앤락,18,7500,40,150,20625,locknlock;water bottle;korean drinkware,0,domeggook-com;hanssem-com-mall;ownerclan-com
kitchen-ware,17,해피콜 양면팬,Happycall Double Sided Pan,해피콜,65,30000,38,1800,20625,happycall pan;double sided pan;korean cookware,0,domeggook-com;kitchenart-co-kr;dometopia-com
kitchen-ware,18,네오플램 도마 세트,Neoflam Cutting Board Set,네오플램,40,18000,40,700,20625,neoflam;cutting board;korean kitchen tools,0,domeggook-com;livinghankook-com;ownerclan-com
kitchen-ware,19,PN풍년 냄비,PN Poongnyun Pot,PN풍년,50,23000,38,1000,20625,pn poongnyun;cooking pot;korean kitchenware,0,domeggook-com;sellmoa-com;domemae-com
kitchen-ware,20,글라스락 밥그릇 세트,Glasslock Rice Bowl Set,글라스락,35,15000,45,900,20625,glasslock;rice bowl;korean tableware,0,domeggook-com;hanssem-com-mall;onchannel-co-kr
kitchen-ware,21,한국도자기 접시 세트,Hankook Chinaware Plate Set,한국도자기,80,37000,38,1500,20625,hankook chinaware;plate set;korean ceramics,0,domeggook-com;livinghankook-com;ownerclan-com
kitchen-ware,22,키친아트 후라이팬,Kitchen Art Frying Pan,키친아트,30,13000,45,800,20625,kitchen art;frying pan;korean cookware,0,domeggook-com;kitchenart-co-kr;dometopia-com
kitchen-ware,23,도루코 가위,Dorco Scissors,도루코,15,6000,45,100,20625,dorco;kitchen scissors;korean tools,2,domeggook-com;sellmoa-com;domemae-com
kitchen-ware,24,자주 컵 세트,JAJU Cup Set,자주,22,9000,40,500,20625,jaju;cup set;korean drinkware,0,domeggook-com;modernhouse-co-kr;ownerclan-com
kitchen-ware,25,모던하우스 냄비 받침,Modern House Pot Holder,모던하우스,12,5000,40,100,20625,modern house;pot holder;korean kitchen accessories,0,domeggook-com;modernhouse-co-kr;dometopia-com
kitchen-ware,26,오덴세 밥공기,Odense Rice Bowl,오덴세,20,8000,40,300,20625,odense;rice bowl;korean tableware,0,domeggook-com;livinghankook-com;onchannel-co-kr
kitchen-ware,27,퀸센스 믹서기,Queensense Blender,퀸센스,80,37000,38,1500,20625,queensense;blender;korean kitchen appliance,0,domeggook-com;kitchenart-co-kr;ownerclan-com
kitchen-ware,28,실리만 실리콘 장갑,Sililman Silicone Gloves,실리만,25,10000,45,200,20625,sililman;silicone gloves;korean kitchen tools,0,domeggook-com;hanssem-com-mall;dometopia-com
kitchen-ware,29,한일스텐레스 냄비,Hanil Stainless Pot,한일스텐레스,60,28000,38,1300,20625,hanil stainless;cooking pot;korean cookware,0,domeggook-com;sellmoa-com;domemae-com
kitchen-ware,30,쓰임 컵,Sseum Cup,쓰임,15,6000,45,200,20625,sseum;cup;korean drinkware,0,domeggook-com;modernhouse-co-kr;ownerclan-com
pet-supplies,1,하림펫푸드 더리얼 사료,Harim Pet Food The Real Dog Food,하림펫푸드,45,20000,40,2000,1281,harim pet food;dog food;korean pet food,0,domeggook-com;petfriends-co-kr;ownerclan-com
pet-supplies,2,아르르 꿀잠 방석,Arrr Honey Sleep Cushion,아르르,60,28000,38,1000,1281,arrr pet;dog cushion;korean pet bed,0,domeggook-com;pet-interpark-com;dometopia-com
pet-supplies,3,바잇미 강아지 간식,Biteme Dog Snacks,바잇미,25,10000,50,200,1281,biteme pet;dog treats;korean pet snacks,3,domeggook-com;petbox-kr;ownerclan-com
pet-supplies,4,펫프렌즈 고양이 모래,Petfriends Cat Litter,펫프렌즈,35,15000,45,5000,1281,petfriends;cat litter;korean pet supplies,0,domeggook-com;petfriends-co-kr;sellmoa-com
pet-supplies,5,어바웃펫 강아지 장난감,About Pet Dog Toy,어바웃펫,18,7500,40,150,1281,about pet;dog toy;korean pet toys,0,domeggook-com;pet-interpark-com;domemae-com
pet-supplies,6,도그랑 강아지 사료,Dograng Dog Food,도그랑,30,13000,45,3000,1281,dograng;dog food;korean pet food,0,domeggook-com;amazonpet-co-kr;onchannel-co-kr
pet-supplies,7,캐츠랑 고양이 사료,Catsrang Cat Food,캐츠랑,32,14000,42,2500,1281,catsrang;cat food;korean cat food,0,domeggook-com;petbox-kr;ownerclan-com
pet-supplies,8,핏펫 강아지 영양제,Fitpet Dog Supplement,핏펫,50,23000,38,300,1281,fitpet;dog supplement;korean pet health,0,domeggook-com;petfriends-co-kr;dometopia-com
pet-supplies,9,닥터독 강아지 샴푸,Dr.Dog Dog Shampoo,닥터독,28,12000,45,500,1281,dr dog;dog shampoo;korean pet care,0,domeggook-com;amazonpet-co-kr;sellmoa-com
pet-supplies,10,바우와우 강아지 패드,Bowwow Dog Training Pads,바우와우,40,18000,40,1500,1281,bowwow;dog pads;korean pet training,0,domeggook-com;pet-interpark-com;domemae-com
pet-supplies,11,웰츠 고양이 간식,Welts Cat Treats,웰츠,22,9000,40,180,1281,welts cat;cat treats;korean pet snacks,0,domeggook-com;petbox-kr;onchannel-co-kr
pet-supplies,12,이글벳 반려동물 영양제,Eglebet Pet Supplement,이글벳,65,30000,38,400,1281,eglebet;pet supplement;korean pet health,0,domeggook-com;petfriends-co-kr;ownerclan-com
pet-supplies,13,마이펫닥터 강아지 구강 스프레이,My Pet Doctor Dog Oral Spray,마이펫닥터,30,13000,45,100,1281,my pet doctor;dog oral spray;korean pet care,0,domeggook-com;amazonpet-co-kr;dometopia-com
pet-supplies,14,도란도란 고양이 스크래쳐,Dorandoran Cat Scratcher,도란도란,20,8000,50,500,1281,dorandoran;cat scratcher;korean pet toys,0,domeggook-com;pet-interpark-com;sellmoa-com
pet-supplies,15,두잇 강아지 하우스,Doit Dog House,두잇,80,37000,38,2000,1281,doit pet;dog house;korean pet furniture,0,domeggook-com;petbox-kr;domemae-com
pet-supplies,16,하림펫푸드 강아지 간식,Harim Pet Food Dog Treats,하림펫푸드,20,8000,50,150,1281,harim pet food;dog treats;korean pet snacks,0,domeggook-com;petfriends-co-kr;ownerclan-com
pet-supplies,17,아르르 강아지 옷,Arrr Dog Clothes,아르르,35,15000,45,200,1281,arrr pet;dog clothes;korean pet fashion,0,domeggook-com;pet-interpark-com;dometopia-com
pet-supplies,18,바잇미 고양이 장난감,Biteme Cat Toy,바잇미,15,6000,45,80,1281,biteme pet;cat toy;korean pet toys,0,domeggook-com;petbox-kr;ownerclan-com
pet-supplies,19,펫프렌즈 강아지 목줄,Petfriends Dog Leash,펫프렌즈,25,10000,50,120,1281,petfriends;dog leash;korean pet accessories,0,domeggook-com;petfriends-co-kr;sellmoa-com
pet-supplies,20,어바웃펫 고양이 스크래쳐,About Pet Cat Scratcher,어바웃펫,22,9000,40,600,1281,about pet;cat scratcher;korean pet furniture,0,domeggook-com;pet-interpark-com;domemae-com
pet-supplies,21,도그랑 강아지 간식,Dograng Dog Treats,도그랑,18,7500,40,100,1281,dograng;dog treats;korean pet snacks,0,domeggook-com;amazonpet-co-kr;onchannel-co-kr
pet-supplies,22,캐츠랑 고양이 간식,Catsrang Cat Treats,캐츠랑,20,8000,50,120,1281,catsrang;cat treats;korean pet snacks,0,domeggook-com;petbox-kr;ownerclan-com
pet-supplies,23,핏펫 고양이 영양제,Fitpet Cat Supplement,핏펫,48,22000,38,280,1281,fitpet;cat supplement;korean pet health,0,domeggook-com;petfriends-co-kr;dometopia-com
pet-supplies,24,닥터독 강아지 치약,Dr.Dog Dog Toothpaste,닥터독,20,8000,50,80,1281,dr dog;dog toothpaste;korean pet care,0,domeggook-com;amazonpet-co-kr;sellmoa-com
pet-supplies,25,바우와우 강아지 옷,Bowwow Dog Clothes,바우와우,30,13000,45,180,1281,bowwow;dog clothes;korean pet fashion,0,domeggook-com;pet-interpark-com;domemae-com
pet-supplies,26,웰츠 강아지 사료,Welts Dog Food,웰츠,40,18000,40,2000,1281,welts dog;dog food;korean pet food,0,domeggook-com;petbox-kr;onchannel-co-kr
pet-supplies,27,이글벳 반려동물 샴푸,Eglebet Pet Shampoo,이글벳,28,12000,45,450,1281,eglebet;pet shampoo;korean pet care,0,domeggook-com;petfriends-co-kr;ownerclan-com
pet-supplies,28,마이펫닥터 고양이 영양제,My Pet Doctor Cat Supplement,마이펫닥터,45,20000,40,250,1281,my pet doctor;cat supplement;korean pet health,0,domeggook-com;amazonpet-co-kr;dometopia-com
pet-supplies,29,도란도란 강아지 방석,Dorandoran Dog Cushion,도란도란,55,25000,38,900,1281,dorandoran;dog cushion;korean pet bed,0,domeggook-com;pet-interpark-com;sellmoa-com
pet-supplies,30,두잇 고양이 하우스,Doit Cat House,두잇,70,32000,38,1800,1281,doit pet;cat house;korean pet furniture,0,domeggook-com;petbox-kr;domemae-com
kdrama-goods,1,스튜디오드래곤 사랑의 불시착 OST 앨범,Studio Dragon Crash Landing on You OST Album,스튜디오드래곤,45,18000,60,350,17698,kdrama ost;crash landing on you;kpop album,0,ktown4u-com;withmuu-com;aladin-co-kr
kdrama-goods,2,tvN 도깨비 공유 포토카드 세트,tvN Goblin Gong Yoo Photocard Set,tvN,25,10000,55,80,17698,goblin drama;gong yoo;korean photocard,0,domeggook-com;ownerclan-com;yes24-com
kdrama-goods,3,CJ ENM 슬기로운 의사생활 굿즈 키링,CJ ENM Hospital Playlist Goods Keychain,CJ ENM,15,6000,50,50,17698,hospital playlist;kdrama keychain;korean drama merch,0,domeggook-com;sellmoa-com;onchannel-co-kr
kdrama-goods,4,SBS 펜트하우스 심수련 스티커팩,SBS Penthouse Shim Su-ryeon Sticker Pack,SBS,12,4800,60,30,17698,penthouse drama;kdrama stickers;korean stationery,0,ownerclan-com;dometopia-com;domemae-com
kdrama-goods,5,JTBC 이태원 클라쓰 박새로이 피규어,JTBC Itaewon Class Park Saeroyi Figure,JTBC,60,24000,50,200,17698,itaewon class;park saeroyi;kdrama figure,0,ktown4u-com;withmuu-com;aladin-co-kr
kdrama-goods,6,KBS 동백꽃 필 무렵 옹산 엽서 세트,KBS When the Camellia Blooms Ongsan Postcard Set,KBS,18,7200,50,60,17698,when the camellia blooms;kdrama postcard;korean drama merch,0,domeggook-com;ownerclan-com;yes24-com
kdrama-goods,7,마플샵 드라마 굿즈 커스텀 티셔츠,Marpple Shop K-Drama Custom T-shirt,마플샵,35,14000,50,180,17698,custom kdrama shirt;korean fashion;drama fan merch,0,domeggook-com;ownerclan-com
kdrama-goods,8,메이크스타 드라마 OST 사인 앨범,Makestar K-Drama OST Signed Album,메이크스타,80,32000,50,400,17698,signed kdrama album;makestar exclusive;kpop signed,0,ktown4u-com;withmuu-com
kdrama-goods,9,위드뮤 드라마 포스터 세트,Withmuu K-Drama Poster Set,위드뮤,28,11200,50,150,17698,kdrama poster;korean drama art;official drama merch,0,withmuu-com;aladin-co-kr;yes24-com
kdrama-goods,10,카카오메이커스 드라마 캐릭터 인형,Kakao Makers K-Drama Character Plush Doll,카카오메이커스,38,15200,50,250,17698,kdrama plush;korean character doll;kakao friends,0,domeggook-com;ownerclan-com
kdrama-goods,11,스튜디오S 낭만닥터 김사부 굿즈 뱃지,Studio S Dr. Romantic Goods Badge,스튜디오S,10,4000,50,40,17698,dr romantic;kdrama badge;korean collectible,0,domeggook-com;sellmoa-com;onchannel-co-kr
kdrama-goods,12,에이스토리 이상한 변호사 우영우 굿즈,AStory Extraordinary Attorney Woo Merch,에이스토리,22,8800,50,100,17698,attorney woo;kdrama merch;korean drama fan,0,domeggook-com;ownerclan-com;dometopia-com
kdrama-goods,13,코핀 커뮤니케이션즈 드라마 대본집,Copine Communications K-Drama Script Book,코핀 커뮤니케이션즈,30,12000,50,300,17698,kdrama script;korean drama book;official script,0,aladin-co-kr;yes24-com;ktown4u-com
kdrama-goods,14,콘텐츠지음 드라마 명대사 캘리그라피 액자,Contents Zium K-Drama Quote Calligraphy Frame,콘텐츠지음,40,16000,50,450,17698,kdrama calligraphy;korean wall art;drama quote,0,domeggook-com;ownerclan-com;sellmoa-com
kdrama-goods,15,위버스샵 드라마 콜라보 포토카드,Weverse Shop K-Drama Collaboration Photocard,위버스샵,20,8000,50,70,17698,weverse exclusive;kdrama photocard;kpop merch,0,ktown4u-com;withmuu-com
kdrama-goods,16,K-드라마 OST CD,K-Drama Original Soundtrack CD,CJ ENM,30,12000,50,200,17698,korean drama ost;kpop cd;soundtrack album,0,ktown4u-com;aladin-co-kr;yes24-com
kdrama-goods,17,드라마 캐릭터 스티커 세트,K-Drama Character Sticker Set,마플샵,10,4000,60,30,17698,kdrama stickers;korean stationery;fan art,0,domeggook-com;ownerclan-com
kdrama-goods,18,드라마 로고 에코백,K-Drama Logo Eco Bag,스튜디오드래곤,25,10000,50,150,17698,kdrama eco bag;korean fashion;reusable bag,0,domeggook-com;sellmoa-com;onchannel-co-kr
kdrama-goods,19,드라마 명장면 엽서 컬렉션,K-Drama Famous Scene Postcard Collection,tvN,18,7200,50,60,17698,kdrama postcard;korean drama art;collectible,0,ownerclan-com;dometopia-com;domemae-com
kdrama-goods,20,드라마 대본집 세트,K-Drama Script Book Set,코핀 커뮤니케이션즈,50,20000,50,500,17698,kdrama script;korean drama book;official script,0,aladin-co-kr;yes24-com;ktown4u-com
kdrama-goods,21,드라마 배우 포토북,K-Drama Actor Photobook,메이크스타,40,16000,50,400,17698,kdrama photobook;korean actor;official merch,0,ktown4u-com;withmuu-com
kdrama-goods,22,K-드라마 굿즈 머그컵,K-Drama Goods Mug Cup,카카오메이커스,20,8000,50,300,17698,kdrama mug;korean drama merch;fan collectible,0,domeggook-com;ownerclan-com
kdrama-goods,23,K-드라마 굿즈 키링,K-Drama Goods Keychain,CJ ENM,15,6000,50,50,17698,kdrama keychain;korean drama fan;official merch,0,domeggook-com;sellmoa-com;onchannel-co-kr
kdrama-goods,24,K-드라마 굿즈 뱃지,K-Drama Goods Badge,스튜디오S,10,4000,50,40,17698,kdrama badge;korean collectible;fan item,0,domeggook-com;ownerclan-com;dometopia-com
kdrama-goods,25,K-드라마 굿즈 포스터,K-Drama Goods Poster,위드뮤,20,8000,50,100,17698,kdrama poster;korean drama art;official poster,0,withmuu-com;aladin-co-kr;yes24-com
kdrama-goods,26,K-드라마 굿즈 에코백,K-Drama Goods Eco Bag,마플샵,25,10000,50,150,17698,kdrama eco bag;korean fashion;reusable bag,0,domeggook-com;ownerclan-com
kdrama-goods,27,K-드라마 굿즈 담요,K-Drama Goods Blanket,스튜디오드래곤,40,16000,50,400,17698,kdrama blanket;korean drama fan;cozy merch,0,domeggook-com;sellmoa-com;onchannel-co-kr
kdrama-goods,28,K-드라마 굿즈 노트,K-Drama Goods Notebook,SBS,12,4800,60,80,17698,kdrama notebook;korean stationery;fan journal,0,ownerclan-com;dometopia-com;domemae-com
kdrama-goods,29,K-드라마 굿즈 폰케이스,K-Drama Goods Phone Case,JTBC,25,10000,50,70,17698,kdrama phone case;korean drama fan;custom phone case,0,domeggook-com;ownerclan-com
kdrama-goods,30,K-드라마 굿즈 캘린더,K-Drama Goods Calendar,KBS,28,11200,50,200,17698,kdrama calendar;korean drama fan;desk calendar,0,aladin-co-kr;yes24-com;ktown4u-com
fishing-gear,1,바낙스 카이젠 5000 전동릴,Banax Kaigen 5000 Electric Reel,바낙스,350,140000,60,500,179973,electric fishing reel;banax reel;korean fishing gear,0,fishingshop-co-kr;fishingdomae-com;fishingn-com
fishing-gear,2,NS (엔에스) 블랙홀 허리케인 낚싯대,NS Black Hole Hurricane Fishing Rod,NS (엔에스),120,48000,50,250,179973,fishing rod;ns black hole;korean fishing rod,0,fishingshop-co-kr;fishingdomae-com;fishingmart-co-kr
fishing-gear,3,은성 실스타 낚시줄,Eun Sung Silstar Fishing Line,은성,25,10000,55,80,179973,fishing line;silstar;korean fishing tackle,0,domeggook-com;ownerclan-com;fishingshop-co-kr
fishing-gear,4,아피스 루어 낚시 가방,Apis Lure Fishing Bag,아피스,70,28000,50,400,179973,fishing bag;lure bag;korean fishing gear,0,domeggook-com;sellmoa-com;fishingdomae-com
fishing-gear,5,JS컴퍼니 빅쏘드 N 낚싯대,JS Company Bixod N Fishing Rod,JS컴퍼니,180,72000,50,300,179973,js company rod;bixod n;korean fishing rod,0,fishingshop-co-kr;fishingn-com;fishingmart-co-kr
fishing-gear,6,도요 피싱 우라노 G3 베이트릴,Doyo Fishing Urano G3 Baitcasting Reel,도요,90,36000,50,280,179973,baitcasting reel;doyo fishing;korean fishing reel,0,fishingshop-co-kr;fishingdomae-com;fishingn-com
fishing-gear,7,유정낚시 찌낚시 세트,Yujeong Fishing Float Fishing Set,유정낚시,50,20000,50,150,179973,float fishing;yujeong fishing;korean fishing tackle,0,domeggook-com;ownerclan-com;fishingshop-co-kr
fishing-gear,8,해동조구사 (HDF) 낚시 바늘,HDF Fishing Hooks,해동조구사 (HDF),15,6000,60,30,179973,fishing hooks;hdf fishing;korean fishing accessories,0,domeggook-com;dometopia-com;domemae-com
fishing-gear,9,강원산업 자수정 드림 낚싯대,Kangwon Industry Amethyst Dream Fishing Rod,강원산업,150,60000,50,320,179973,kangwon rod;amethyst dream;korean fishing rod,0,fishingshop-co-kr;fishingn-com;fishingmart-co-kr
fishing-gear,10,천류 설화수 낚싯대,Chunryu Seolhwaseu Fishing Rod,천류,200,80000,50,380,179973,chunryu rod;seolhwaseu;korean fishing rod,0,fishingshop-co-kr;fishingdomae-com;fishingn-com
fishing-gear,11,용성 비어 낚싯대,Yongsung Bier Fishing Rod,용성,100,40000,50,200,179973,yongsung rod;bier fishing;korean fishing rod,0,fishingshop-co-kr;fishingn-com;fishingmart-co-kr
fishing-gear,12,기간산업 낚시 의자,Gigan Industry Fishing Chair,기간산업,80,32000,50,500,179973,fishing chair;gigan industry;korean fishing gear,0,domeggook-com;ownerclan-com;fishingshop-co-kr
fishing-gear,13,금호조침 낚시 바늘 세트,Kumho Jochim Fishing Hook Set,금호조침,20,8000,50,50,179973,fishing hooks;kumho jochim;korean fishing accessories,0,domeggook-com;dometopia-com;domemae-com
fishing-gear,14,백경조침 낚시 바늘,Baekkyung Jochim Fishing Hooks,백경조침,18,7200,50,40,179973,fishing hooks;baekkyung jochim;korean fishing tackle,0,domeggook-com;ownerclan-com;fishingshop-co-kr
fishing-gear,15,영규산업 낚시찌,Youngkyu Industry Fishing Float,영규산업,12,4800,60,30,179973,fishing float;youngkyu industry;korean fishing accessories,0,domeggook-com;sellmoa-com;fishingdomae-com
fishing-gear,16,낚시용 루어 미끼,Fishing Lure Bait,아피스,15,6000,50,50,179973,fishing lure;soft bait;korean fishing tackle,0,domeggook-com;ownerclan-com;fishingshop-co-kr
fishing-gear,17,낚시용 태클 박스,Fishing Tackle Box,바낙스,40,16000,50,300,179973,tackle box;fishing storage;korean fishing gear,0,domeggook-com;sellmoa-com;fishingdomae-com
fishing-gear,18,낚시용 장갑,Fishing Gloves,은성,20,8000,50,100,179973,fishing gloves;protective gear;korean fishing accessories,0,domeggook-com;ownerclan-com;dometopia-com
fishing-gear,19,낚시용 모자,Fishing Hat,해동조구사 (HDF),25,10000,50,120,179973,fishing hat;sun protection;korean fishing apparel,0,domeggook-com;sellmoa-com;domemae-com
fishing-gear,20,낚시용 구명조끼,Fishing Life Vest,기간산업,60,24000,50,450,179973,life vest;fishing safety;korean fishing gear,0,domeggook-com;ownerclan-com;fishingshop-co-kr
fishing-gear,21,낚시용 뜰채,Fishing Landing Net,JS컴퍼니,35,14000,50,200,179973,landing net;fishing accessory;korean fishing gear,0,domeggook-com;sellmoa-com;fishingdomae-com
fishing-gear,22,낚시용 칼,Fishing Knife,도요,28,11200,50,100,179973,fishing knife;fillet knife;korean fishing tool,0,domeggook-com;ownerclan-com;dometopia-com
fishing-gear,23,낚시용 헤드랜턴,Fishing Headlamp,유정낚시,30,12000,50,150,179973,headlamp;fishing light;korean fishing accessory,0,domeggook-com;sellmoa-com;domemae-com
fishing-gear,24,낚시용 쿨러,Fishing Cooler Box,강원산업,90,36000,50,500,179973,cooler box;fishing cooler;korean fishing gear,0,domeggook-com;ownerclan-com;fishingshop-co-kr
fishing-gear,25,낚시용 선글라스,Fishing Sunglasses,천류,45,18000,50,80,179973,polarized sunglasses;fishing eyewear;korean fishing accessory,0,domeggook-com;sellmoa-com;fishingdomae-com
fishing-gear,26,낚시용 미끼통,Fishing Bait Box,용성,18,7200,50,100,179973,bait box;fishing storage;korean fishing accessory,0,domeggook-com;ownerclan-com;dometopia-com
fishing-gear,27,낚시용 릴 오일,Fishing Reel Oil,금호조침,10,4000,60,30,179973,reel oil;fishing maintenance;korean fishing accessory,0,domeggook-com;sellmoa-com;domemae-com
fishing-gear,28,낚시용 로드 거치대,Fishing Rod Holder,백경조침,22,8800,50,150,179973,rod holder;fishing stand;korean fishing gear,0,domeggook-com;ownerclan-com;fishingshop-co-kr
fishing-gear,29,낚시용 웨이더,Fishing Waders,영규산업,120,48000,50,500,179973,fishing waders;waterproof gear;korean fishing apparel,0,domeggook-com;sellmoa-com;fishingdomae-com
fishing-gear,30,낚시용 아이스박스,Fishing Ice Box,NS (엔에스),70,28000,50,400,179973,ice box;fishing cooler;korean fishing gear,0,domeggook-com;ownerclan-com;fishingshop-co-kr
modern-hanbok,1,리슬 생활한복 저고리,Leesle Modern Hanbok Jeogori,리슬,90,36000,50,250,11484,leesle hanbok;modern jeogori;korean fashion,0,leesle-com;ownerclan-com;happly-co-kr
modern-hanbok,2,단하 한복 원피스,Danha Hanbok Dress,단하,150,60000,50,400,11484,danha hanbok;korean dress;modern hanbok dress,0,domeggook-com;ownerclan-com;happly-co-kr
modern-hanbok,3,차이킴 철릭 원피스,Tchaikim Cheollik Dress,차이킴,200,80000,50,450,11484,tchaikim;cheollik dress;korean designer fashion,-1,tchaikim-co-kr;ownerclan-com;happly-co-kr
modern-hanbok,4,하플리 생활한복 치마,Happly Modern Hanbok Skirt,하플리,80,32000,50,300,11484,happly hanbok;modern hanbok skirt;korean daily wear,0,happly-co-kr;domeggook-com;ownerclan-com
modern-hanbok,5,서리나래 한복 블라우스,Seorinarae Hanbok Blouse,서리나래,70,28000,50,200,11484,seorinarae;hanbok blouse;korean modern top,0,domeggook-com;ownerclan-com;saenghwalhanbok-com
modern-hanbok,6,다래원 아동 한복,Daraewon Kids Hanbok,다래원,60,24000,50,300,11484,kids hanbok;daraewon;korean traditional clothes,0,domeggook-com;sellmoa-com;saenghwalhanbok-com
modern-hanbok,7,웨이유 한복 자켓,Wayu Hanbok Jacket,웨이유,110,44000,50,350,11484,wayu hanbok;hanbok jacket;korean outerwear,0,domeggook-com;ownerclan-com;happly-co-kr
modern-hanbok,8,더고은 생활한복 바지,The Goeun Modern Hanbok Pants,더고은,65,26000,50,280,11484,the goeun;hanbok pants;korean casual wear,0,domeggook-com;dometopia-com;saenghwalhanbok-com
modern-hanbok,9,기로에 한복 두루마기,Giroe Hanbok Durumagi,기로에,180,72000,50,500,11484,giroe hanbok;durumagi;korean traditional coat,0,domeggook-com;ownerclan-com;happly-co-kr
modern-hanbok,10,신서울 한복 악세사리 노리개,Shinseoul Hanbok Norigae Accessory,신서울,40,16000,50,80,11484,hanbok norigae;korean accessory;traditional jewelry,0,domeggook-com;sellmoa-com;saenghwalhanbok-com
modern-hanbok,11,한땀한땀 한복 헤어핀,Hanttamhanttam Hanbok Hairpin,한땀한땀,25,10000,50,50,11484,hanbok hairpin;korean hair accessory;traditional style,0,domeggook-com;ownerclan-com;dometopia-com
modern-hanbok,12,소단 한복 허리치마,Sodan Hanbok Wrap Skirt,소단,75,30000,50,280,11484,sodan hanbok;wrap skirt;korean modern skirt,0,domeggook-com;sellmoa-com;happly-co-kr
modern-hanbok,13,지장사 한복 속치마,Jijangsa Hanbok Underskirt,지장사,50,20000,50,200,11484,hanbok underskirt;jijangsa;korean traditional undergarment,0,domeggook-com;ownerclan-com;saenghwalhanbok-com
modern-hanbok,14,때때롯살롱 한복 브로치,Ttaettaerotsalon Hanbok Brooch,때때롯살롱,30,12000,50,60,11484,hanbok brooch;korean accessory;traditional pin,0,domeggook-com;sellmoa-com;dometopia-com
modern-hanbok,15,혜온 한복 원단,Hye-on Hanbok Fabric,혜온,45,18000,50,150,11484,hanbok fabric;korean silk;traditional textile,0,domeggook-com;ownerclan-com;saenghwalhanbok-com
modern-hanbok,16,생활한복 저고리,Modern Hanbok Jeogori,리슬,85,34000,50,250,11484,modern jeogori;korean top;daily hanbok,0,leesle-com;ownerclan-com;happly-co-kr
modern-hanbok,17,생활한복 치마,Modern Hanbok Skirt,하플리,75,30000,50,300,11484,modern hanbok skirt;korean fashion;daily skirt,0,happly-co-kr;domeggook-com;ownerclan-com
modern-hanbok,18,생활한복 원피스,Modern Hanbok Dress,단하,130,52000,50,400,11484,modern hanbok dress;korean dress;casual hanbok,0,domeggook-com;ownerclan-com;happly-co-kr
modern-hanbok,19,한복 블라우스,Hanbok Blouse,서리나래,68,27200,50,200,11484,hanbok top;korean blouse;modern traditional,0,domeggook-com;ownerclan-com;saenghwalhanbok-com
modern-hanbok,20,한복 자켓,Hanbok Jacket,웨이유,100,40000,50,350,11484,hanbok outerwear;korean jacket;modern hanbok,0,domeggook-com;ownerclan-com;happly-co-kr
modern-hanbok,21,한복 바지,Hanbok Pants,더고은,60,24000,50,280,11484,hanbok trousers;korean pants;comfortable hanbok,0,domeggook-com;dometopia-com;saenghwalhanbok-com
modern-hanbok,22,한복 두루마기,Hanbok Durumagi,기로에,170,68000,50,500,11484,korean coat;durumagi;traditional outerwear,0,domeggook-com;ownerclan-com;happly-co-kr
modern-hanbok,23,한복 노리개,Hanbok Norigae,신서울,38,15200,50,80,11484,korean norigae;hanbok accessory;traditional charm,0,domeggook-com;sellmoa-com;saenghwalhanbok-com
modern-hanbok,24,한복 헤어핀,Hanbok Hairpin,한땀한땀,22,8800,50,50,11484,korean hairpin;hanbok hair accessory;traditional style,0,domeggook-com;ownerclan-com;dometopia-com
modern-hanbok,25,한복 허리치마,Hanbok Wrap Skirt,소단,70,28000,50,280,11484,korean wrap skirt;hanbok skirt;modern traditional,0,domeggook-com;sellmoa-com;happly-co-kr
modern-hanbok,26,한복 속치마,Hanbok Underskirt,지장사,48,19200,50,200,11484,korean underskirt;hanbok petticoat;traditional undergarment,0,domeggook-com;ownerclan-com;saenghwalhanbok-com
modern-hanbok,27,한복 브로치,Hanbok Brooch,때때롯살롱,28,11200,50,60,11484,korean brooch;hanbok pin;traditional accessory,0,domeggook-com;sellmoa-com;dometopia-com
modern-hanbok,28,한복 신발,Hanbok Shoes,혜온,55,22000,50,300,11484,korean shoes;hanbok footwear;traditional shoes,0,domeggook-com;ownerclan-com;saenghwalhanbok-com
modern-hanbok,29,한복 가방,Hanbok Bag,차이킴,65,26000,50,250,11484,korean bag;hanbok purse;traditional bag,0,tchaikim-co-kr;ownerclan-com;happly-co-kr
modern-hanbok,30,한복 머리띠,Hanbok Headband,리슬,30,12000,50,70,11484,korean headband;hanbok hair accessory;traditional style,0,leesle-com;domeggook-com;ownerclan-com
home-decor,1,자주 미니멀 우드 트레이,JAJU Minimal Wood Tray,자주,35,14000,50,250,20718,jaju home decor;minimalist tray;korean design,0,ohou-se;domeggook-com;ownerclan-com
home-decor,2,모던하우스 플라워 패턴 쿠션,Modern House Flower Pattern Cushion,모던하우스,28,11200,50,300,20718,modern house decor;flower cushion;korean home textile,0,modernhouse-co-kr;domeggook-com;sellmoa-com
home-decor,3,한샘 모던 거실 테이블,Hanssem Modern Living Room Table,한샘,120,48000,50,500,20718,hanssem furniture;modern coffee table;korean living room,0,hanssem-com-mall;ohou-se;ownerclan-com
home-decor,4,까사미아 디퓨저 세트,Casamia Diffuser Set,까사미아,40,16000,50,350,20718,casamia home fragrance;reed diffuser;korean interior scent,0,domeggook-com;dometopia-com;ohou-se
home-decor,5,데코뷰 북유럽풍 러그,Decoview Nordic Style Rug,데코뷰,70,28000,50,450,20718,decoview rug;nordic decor;korean floor mat,0,ohou-se;domeggook-com;sellmoa-com
home-decor,6,오늘의집 벽걸이 거울,Ohou.se Wall Mirror,오늘의집,55,22000,50,400,20718,ohouse mirror;wall decor;korean interior design,0,ohou-se;ownerclan-com;dometopia-com
home-decor,7,버터 캐릭터 무드등,Butter Character Mood Lamp,버터,30,12000,50,200,20718,butter decor;mood lamp;korean character light,0,domeggook-com;sellmoa-com;modernhouse-co-kr
home-decor,8,마틸라 호텔식 침구 세트,Matilda Hotel Bedding Set,마틸라,150,60000,50,500,20718,matilda bedding;hotel style;korean home textile,0,ohou-se;domeggook-com;ownerclan-com
home-decor,9,웜그레이테일 패브릭 포스터,Warmgreytail Fabric Poster,웜그레이테일,45,18000,50,150,20718,warmgreytail;fabric poster;korean wall art,0,ohou-se;domeggook-com;dometopia-com
home-decor,10,비아인키노 세라믹 화병,Viainkino Ceramic Vase,비아인키노,60,24000,50,300,20718,viainkino;ceramic vase;korean pottery,0,ohou-se;ownerclan-com;sellmoa-com
home-decor,11,레어로우 모듈 선반,Rareraw Modular Shelf,레어로우,180,72000,50,500,20718,rareraw;modular furniture;korean design shelf,0,ohou-se;hanssem-com-mall;ikea-com-kr-ko
home-decor,12,이소품 라탄 바구니,E-soopoom Rattan Basket,이소품,38,15200,50,200,20718,e-soopoom;rattan basket;korean storage decor,0,domeggook-com;ownerclan-com;dometopia-com
home-decor,13,이스턴에디션 원목 시계,Eastern Edition Wooden Clock,이스턴에디션,90,36000,50,300,20718,eastern edition;wooden clock;korean minimalist decor,0,ohou-se;domeggook-com;sellmoa-com
home-decor,14,잭슨카멜레온 디자인 의자,Jackson Chameleon Design Chair,잭슨카멜레온,250,100000,50,500,20718,jackson chameleon;designer chair;korean furniture,0,ohou-se;hanssem-com-mall;ikea-com-kr-ko
home-decor,15,오이뮤 성냥,OIMU Matches,오이뮤,15,6000,60,30,20718,oimu matches;design matches;korean stationery,0,domeggook-com;ownerclan-com;dometopia-com
home-decor,16,K-홈데코 캔들 홀더,K-Home Decor Candle Holder,자주,20,8000,50,150,20718,korean candle holder;minimalist decor;home fragrance,0,ohou-se;domeggook-com;ownerclan-com
home-decor,17,K-홈데코 벽시계,K-Home Decor Wall Clock,모던하우스,40,16000,50,300,20718,korean wall clock;modern clock;home accessory,0,modernhouse-co-kr;domeggook-com;sellmoa-com
home-decor,18,K-홈데코 화분,K-Home Decor Plant Pot,한샘,25,10000,50,200,20718,korean plant pot;ceramic planter;indoor garden,0,hanssem-com-mall;ohou-se;ownerclan-com
home-decor,19,K-홈데코 액자,K-Home Decor Photo Frame,까사미아,30,12000,50,180,20718,korean photo frame;wall art;picture frame,0,domeggook-com;dometopia-com;ohou-se
home-decor,20,K-홈데코 테이블 램프,K-Home Decor Table Lamp,데코뷰,50,20000,50,350,20718,korean table lamp;desk light;bedroom decor,0,ohou-se;domeggook-com;sellmoa-com
home-decor,21,K-홈데코 벽 선반,K-Home Decor Wall Shelf,오늘의집,45,18000,50,400,20718,korean wall shelf;floating shelf;storage decor,0,ohou-se;ownerclan-com;dometopia-com
home-decor,22,K-홈데코 러그,K-Home Decor Rug,버터,60,24000,50,450,20718,korean rug;area rug;floor decor,0,domeggook-com;sellmoa-com;modernhouse-co-kr
home-decor,23,K-홈데코 쿠션 커버,K-Home Decor Cushion Cover,마틸라,22,8800,50,100,20718,korean cushion cover;decorative pillow;home textile,0,ohou-se;domeggook-com;ownerclan-com
home-decor,24,K-홈데코 디퓨저,K-Home Decor Diffuser,웜그레이테일,38,15200,50,250,20718,korean diffuser;home fragrance;reed diffuser,0,ohou-se;domeggook-com;dometopia-com
home-decor,25,K-홈데코 화병,K-Home Decor Vase,비아인키노,55,22000,50,300,20718,korean vase;ceramic vase;flower decor,0,ohou-se;ownerclan-com;sellmoa-com
home-decor,26,K-홈데코 수납함,K-Home Decor Storage Box,이소품,30,12000,50,200,20718,korean storage box;decorative box;home organizer,0,domeggook-com;ownerclan-com;dometopia-com
home-decor,27,K-홈데코 거울,K-Home Decor Mirror,이스턴에디션,70,28000,50,400,20718,korean mirror;wall mirror;decorative mirror,0,ohou-se;domeggook-com;sellmoa-com
home-decor,28,K-홈데코 의자,K-Home Decor Chair,잭슨카멜레온,180,72000,50,500,20718,korean chair;designer chair;accent chair,0,ohou-se;hanssem-com-mall;ikea-com-kr-ko
home-decor,29,K-홈데코 컵,K-Home Decor Cup,오이뮤,18,7200,50,100,20718,korean cup;ceramic mug;design tableware,0,domeggook-com;ownerclan-com;dometopia-com
home-decor,30,K-홈데코 테이블 매트,K-Home Decor Table Mat,자주,15,6000,50,70,20718,korean table mat;placemat;kitchen decor,0,ohou-se;domeggook-com;ownerclan-com
traditional-craft,1,한국문화재재단 자개 명함 케이스,K-Heritage Mother-of-Pearl Business Card Case,한국문화재재단 (K-Heritage),45,18000,50,100,1603,mother of pearl;korean craft;business card holder,0,koreancraft-org;kcdf-kr-craftshop;shop-nfm-go-kr
traditional-craft,2,국립박물관문화재단 (뮷즈) 반가사유상 미니어처,National Museum of Korea (Goods) Pensive Bodhisattva Miniature,국립박물관문화재단 (뮷즈),60,24000,50,250,1603,pensive bodhisattva;korean national museum;buddhist art,0,shop-nfm-go-kr;koreancraft-org;kcdf-kr-craftshop
traditional-craft,3,광주요 도자기 머그컵,Kwangjuyo Ceramic Mug Cup,광주요,35,14000,50,200,1603,kwangjuyo pottery;korean ceramic;traditional mug,0,domeggook-com;ownerclan-com;koreancraft-org
traditional-craft,4,채율 한지 공예 보석함,Chaeyul Hanji Craft Jewelry Box,채율,50,20000,50,300,1603,hanji craft;korean paper art;jewelry box,0,kcdf-kr-craftshop;domeggook-com;sellmoa-com
traditional-craft,5,한국민속촌 전통 부채,Korean Folk Village Traditional Fan,한국민속촌,25,10000,50,80,1603,korean folk art;traditional fan;hand fan,0,domeggook-com;ownerclan-com;ssamziegil-com
traditional-craft,6,박씨상방 유기 수저 세트,Bakssisangbang Yugi Spoon & Chopstick Set,박씨상방,80,32000,50,400,1603,yugi brassware;korean tableware;traditional cutlery,0,koreancraft-org;kcdf-kr-craftshop;domeggook-com
traditional-craft,7,여울누리 (안성유기) 유기 그릇,Yeoul Nuri (Anseong Yugi) Brass Bowl,여울누리 (안성유기),120,48000,50,500,1603,anseong yugi;korean brass bowl;traditional kitchenware,0,koreancraft-org;kcdf-kr-craftshop;shop-nfm-go-kr
traditional-craft,8,놋담 유기 컵,Nottdam Yugi Cup,놋담,65,26000,50,300,1603,nottdam brassware;korean traditional cup;yugi cup,0,domeggook-com;ownerclan-com;koreancraft-org
traditional-craft,9,금박연 금박 공예품,Geumbakyeon Gold Leaf Craft,금박연,90,36000,50,150,1603,gold leaf art;korean traditional craft;geumbakyeon,0,kcdf-kr-craftshop;domeggook-com;sellmoa-com
traditional-craft,10,장이 전통 매듭 팔찌,Jang-i Traditional Knot Bracelet,장이,28,11200,50,50,1603,korean knot art;traditional bracelet;jang-i craft,0,domeggook-com;ownerclan-com;ssamziegil-com
traditional-craft,11,서울번드 백자 화병,Seoul Bund White Porcelain Vase,서울번드,75,30000,50,350,1603,seoul bund;white porcelain;korean ceramic vase,0,koreancraft-org;kcdf-kr-craftshop;domeggook-com
traditional-craft,12,샵오브코리아 전통 문양 손거울,Shop of Korea Traditional Pattern Hand Mirror,샵오브코리아,20,8000,50,70,1603,korean hand mirror;traditional pattern;souvenir,0,domeggook-com;ownerclan-com
traditional-craft,13,새라온 전통 자수 파우치,Saeraon Traditional Embroidery Pouch,새라온,30,12000,50,100,1603,korean embroidery;traditional pouch;saeraon craft,0,kcdf-kr-craftshop;domeggook-com;sellmoa-com
traditional-craft,14,고려아트샵 전통 한지 등,Goryeo Art Shop Traditional Hanji Lamp,고려아트샵,55,22000,50,280,1603,hanji lamp;korean paper lamp;traditional lighting,0,koreancraft-org;domeggook-com;ownerclan-com
traditional-craft,15,인사동 중앙공예관 전통 문양 컵받침,Insadong Central Craft Center Traditional Pattern Coaster,인사동 중앙공예관,18,7200,50,60,1603,korean coaster;traditional pattern;insadong craft,0,ssamziegil-com;domeggook-com;dometopia-com
traditional-craft,16,전통 자개 공예품,Traditional Mother-of-Pearl Craft,한국문화재재단 (K-Heritage),50,20000,50,150,1603,mother of pearl art;korean traditional craft;najeonchilgi,0,koreancraft-org;kcdf-kr-craftshop;shop-nfm-go-kr
traditional-craft,17,전통 도자기 그릇,Traditional Ceramic Bowl,광주요,40,16000,50,250,1603,korean pottery;ceramic bowl;traditional tableware,0,domeggook-com;ownerclan-com;koreancraft-org
traditional-craft,18,전통 한지 공예품,Traditional Hanji Craft,채율,30,12000,50,100,1603,korean paper craft;hanji art;traditional decor,0,kcdf-kr-craftshop;domeggook-com;sellmoa-com
traditional-craft,19,전통 부채,Traditional Korean Fan,한국민속촌,22,8800,50,70,1603,korean fan;hand fan;traditional souvenir,0,domeggook-com;ownerclan-com;ssamziegil-com
traditional-craft,20,전통 유기 식기,Traditional Yugi Tableware,박씨상방,90,36000,50,450,1603,korean brassware;yugi tableware;traditional kitchen,0,koreancraft-org;kcdf-kr-craftshop;domeggook-com
traditional-craft,21,전통 매듭 장식,Traditional Korean Knot Decoration,장이,35,14000,50,80,1603,korean knot;traditional decor;macrame,0,domeggook-com;ownerclan-com;ssamziegil-com
traditional-craft,22,전통 자수 손수건,Traditional Korean Embroidery Handkerchief,새라온,20,8000,50,50,1603,korean embroidery;handkerchief;traditional textile,0,kcdf-kr-craftshop;domeggook-com;sellmoa-com
traditional-craft,23,전통 한지 공책,Traditional Hanji Notebook,고려아트샵,15,6000,50,120,1603,korean paper notebook;hanji stationery;traditional journal,0,koreancraft-org;domeggook-com;ownerclan-com
traditional-craft,24,전통 문양 컵,Traditional Pattern Cup,인사동 중앙공예관,25,10000,50,180,1603,korean cup;traditional design;ceramic cup,0,ssamziegil-com;domeggook-com;dometopia-com
traditional-craft,25,전통 민화 액자,Traditional Minhwa Painting Frame,국립박물관문화재단 (뮷즈),70,28000,50,300,1603,minhwa art;korean folk painting;traditional wall art,0,shop-nfm-go-kr;koreancraft-org;kcdf-kr-craftshop
traditional-craft,26,전통 붓글씨 세트,Traditional Calligraphy Brush Set,금박연,40,16000,50,200,1603,korean calligraphy;brush set;traditional art supplies,0,kcdf-kr-craftshop;domeggook-com;sellmoa-com
traditional-craft,27,전통 목공예품,Traditional Wood Craft,서울번드,60,24000,50,350,1603,korean wood craft;traditional carving;wooden decor,0,koreancraft-org;kcdf-kr-craftshop;domeggook-com
traditional-craft,28,전통 종이 인형,Traditional Paper Doll,샵오브코리아,12,4800,60,30,1603,korean paper doll;traditional toy;hanji doll,0,domeggook-com;ownerclan-com
traditional-craft,29,전통 문양 젓가락,Traditional Pattern Chopsticks,놋담,28,11200,50,100,1603,korean chopsticks;traditional design;tableware,0,domeggook-com;ownerclan-com;koreancraft-org
traditional-craft,30,전통 다기 세트,Traditional Tea Set,여울누리 (안성유기),150,60000,50,500,1603,korean tea set;traditional tea ceremony;ceramic tea set,0,koreancraft-org;kcdf-kr-craftshop;shop-nfm-go-kr
