cat_slug,rank,name,name_en,brand,ebay_usd,krw,margin,weight_g,ebay_cat_id,seo_tags,change,source_slugs
trading-cards,1,포켓몬코리아 포켓몬 카드 게임 확장팩,Pokemon Korea TCG Booster Pack,포켓몬코리아,15.99,6500,50,80,18345,pokemon cards;korean tcg;booster pack,0,domeggook-com;ownerclan-com;dometopia-com
trading-cards,2,슈퍼드래곤볼 히어로즈 카드 세트,Super Dragon Ball Heroes Card Set,슈퍼드래곤볼 히어로즈,29.99,12000,45,120,18345,dragon ball cards;korean tcg;collectible cards,0,domeggook-com;sellmoa-com;domema-com
trading-cards,3,별의 커비 카드 홀더,Kirby Star Card Holder,별의 커비 카드,12.5,5000,40,70,18345,kirby cards;card holder;korean merchandise,0,domeggook-com;ownerclan-com;onchannel-co-kr
trading-cards,4,유희왕 카드 부스터 박스,Yu-Gi-Oh! Card Booster Box,대원미디어,49.99,20000,48,400,18345,yugioh cards;booster box;korean version,0,domeggook-com;dometopia-com;domema-com
trading-cards,5,매직 더 개더링 한국어판 카드,Magic The Gathering Korean Edition,코리아보드게임즈,8.99,3500,45,50,18345,mtg korean;magic cards;collectible singles,0,domeggook-com;ownerclan-com;sellmoa-com
trading-cards,6,팝콘카드 탑로더 팩,Popcorn Card Toploader Pack,팝콘카드,7.99,3000,55,100,18345,card protector;toploader;korean accessories,0,domeggook-com;supercat-co-kr;domemall-co-kr
trading-cards,7,레드폴 카드 슬리브,Redpoll Card Sleeves,레드폴,6.99,2800,60,60,18345,card sleeves;korean tcg;protection,0,domeggook-com;witaksell-com;domewiki-co-kr
trading-cards,8,티씨지샵 프리미엄 바인더,TCG Shop Premium Binder,티씨지샵,24.99,10000,45,300,18345,card binder;korean tcg;storage,0,domeggook-com;ownerclan-com;dometopia-com
trading-cards,9,카드캐슬 플레이매트,Card Castle Playmat,카드캐슬,19.99,8000,40,250,18345,playmat;card game;korean accessories,0,domeggook-com;sellmoa-com;supercat-co-kr
trading-cards,10,카드홀릭 카드 케이스,Card Holic Card Case,카드홀릭,9.99,4000,50,150,18345,card case;korean tcg;storage box,0,domeggook-com;domema-com;onchannel-co-kr
trading-cards,11,학산문화사 만화 원작 카드,Haksan Culture Manga Original Cards,학산문화사,14.99,6000,40,90,18345,manga cards;korean comics;collectible,0,domeggook-com;ownerclan-com;witaksell-com
trading-cards,12,젠코 캐릭터 카드,Zenko Character Cards,젠코,11.99,4800,45,70,18345,character cards;korean animation;collectible,0,domeggook-com;dometopia-com;domewiki-co-kr
trading-cards,13,카드킹덤 카드 덱 박스,Card Kingdom Deck Box,카드킹덤,10.99,4500,48,130,18345,deck box;korean tcg;card storage,0,domeggook-com;sellmoa-com;domemall-co-kr
trading-cards,14,롤링다이스 보드게임 카드,Rolling Dice Board Game Cards,롤링다이스,16.99,7000,40,180,18345,board game cards;korean games;expansion pack,0,domeggook-com;supercat-co-kr;onchannel-co-kr
trading-cards,15,미카도 카드 게임 팩,Mikado Card Game Pack,미카도 카드,13.99,5500,45,100,18345,card game;korean games;family fun,0,domeggook-com;ownerclan-com;witaksell-com
trading-cards,16,K-POP 아이돌 포토카드,K-POP Idol Photocard,케이타운포유,5.99,2500,50,30,18345,kpop photocard;idol merchandise;collectible,0,domeggook-com;ownerclan-com;dometopia-com
trading-cards,17,애니메이션 캐릭터 트레이딩 카드,Anime Character Trading Card,대원미디어,9.99,4000,45,60,18345,anime cards;korean animation;collectible,0,domeggook-com;sellmoa-com;domema-com
trading-cards,18,스포츠 스타 트레이딩 카드,Sports Star Trading Card,학산문화사,19.99,8000,40,80,18345,sports cards;korean athletes;collectible,0,domeggook-com;supercat-co-kr;onchannel-co-kr
trading-cards,19,영화 캐릭터 트레이딩 카드,Movie Character Trading Card,대원미디어,14.99,6000,42,70,18345,movie cards;korean cinema;collectible,0,domeggook-com;witaksell-com;domewiki-co-kr
trading-cards,20,게임 캐릭터 트레이딩 카드,Game Character Trading Card,코리아보드게임즈,11.99,4800,45,60,18345,game cards;korean games;collectible,0,domeggook-com;domemall-co-kr;ownerclan-com
trading-cards,21,레어 홀로그램 트레이딩 카드,Rare Hologram Trading Card,포켓몬코리아,35,14000,50,40,18345,holographic card;rare tcg;korean collectible,0,domeggook-com;dometopia-com;sellmoa-com
trading-cards,22,한정판 트레이딩 카드,Limited Edition Trading Card,슈퍼드래곤볼 히어로즈,50,20000,48,50,18345,limited edition;korean tcg;rare card,0,domeggook-com;domema-com;onchannel-co-kr
trading-cards,23,프로모션 트레이딩 카드,Promotional Trading Card,별의 커비 카드,25,10000,45,35,18345,promo card;korean collectible;event exclusive,0,domeggook-com;supercat-co-kr;witaksell-com
trading-cards,24,트레이딩 카드 스타터 덱,Trading Card Starter Deck,코리아보드게임즈,22.99,9000,40,200,18345,starter deck;korean tcg;beginner set,0,domeggook-com;domewiki-co-kr;domemall-co-kr
trading-cards,25,트레이딩 카드 확장팩,Trading Card Expansion Pack,대원미디어,17.99,7000,42,100,18345,expansion pack;korean tcg;booster,0,domeggook-com;ownerclan-com;dometopia-com
trading-cards,26,트레이딩 카드 스페셜 에디션,Trading Card Special Edition,포켓몬코리아,39.99,16000,47,150,18345,special edition;korean tcg;collectible set,0,domeggook-com;sellmoa-com;domema-com
trading-cards,27,트레이딩 카드 콜렉션 박스,Trading Card Collection Box,티씨지샵,60,24000,40,450,18345,collection box;korean tcg;storage,0,domeggook-com;onchannel-co-kr;supercat-co-kr
trading-cards,28,트레이딩 카드 프로텍터,Trading Card Protector,팝콘카드,8.5,3400,55,80,18345,card protector;sleeves;korean accessories,0,domeggook-com;witaksell-com;domewiki-co-kr
trading-cards,29,트레이딩 카드 디스플레이 스탠드,Trading Card Display Stand,카드캐슬,15,6000,40,200,18345,display stand;card holder;korean merchandise,0,domeggook-com;domemall-co-kr;ownerclan-com
trading-cards,30,트레이딩 카드 매거진,Trading Card Magazine,학산문화사,12,4800,45,250,18345,card magazine;korean tcg news;collectible,0,domeggook-com;dometopia-com;sellmoa-com
kpop-goods,1,위버스샵 BTS 앨범 포토카드 세트,Weverse Shop BTS Album Photocard Set,위버스샵,25.99,10500,50,50,1394,bts photocard;kpop merchandise;weverse exclusive,0,domeggook-com;ownerclan-com;dometopia-com
kpop-goods,2,SMTOWN &STORE EXO 공식 응원봉,SMTOWN &STORE EXO Official Light Stick,SMTOWN &STORE,65,26000,45,300,1394,exo lightstick;kpop fanlight;sm entertainment,0,domeggook-com;sellmoa-com;domema-com
kpop-goods,3,YG SELECT BLACKPINK 공식 굿즈,YG SELECT BLACKPINK Official Goods,YG SELECT,35.99,14500,40,180,1394,blackpink merch;yg entertainment;kpop official,0,domeggook-com;supercat-co-kr;onchannel-co-kr
kpop-goods,4,JYP SHOP TWICE 앨범,JYP SHOP TWICE Album,JYP SHOP,29.99,12000,48,250,1394,twice album;kpop cd;jyp entertainment,0,domeggook-com;witaksell-com;domewiki-co-kr
kpop-goods,5,케이타운포유 Stray Kids 미니 앨범,Ktown4u Stray Kids Mini Album,케이타운포유,22.99,9000,42,200,1394,stray kids album;kpop music;ktown4u exclusive,0,domeggook-com;domemall-co-kr;ownerclan-com
kpop-goods,6,메이크스타 IVE 포토북,Makestar IVE Photobook,메이크스타,45,18000,40,400,1394,ive photobook;kpop collectible;makestar exclusive,0,domeggook-com;dometopia-com;sellmoa-com
kpop-goods,7,사운드웨이브 NewJeans 앨범,Soundwave NewJeans Album,사운드웨이브,28.99,11500,45,230,1394,newjeans album;kpop cd;soundwave exclusive,0,domeggook-com;domema-com;onchannel-co-kr
kpop-goods,8,위드뮤 SEVENTEEN 포토카드 바인더,Withmuu SEVENTEEN Photocard Binder,위드뮤,19.99,8000,50,150,1394,seventeen photocard;kpop binder;withmuu exclusive,0,domeggook-com;supercat-co-kr;witaksell-com
kpop-goods,9,뮤직플랜트 (G)I-DLE 미니 앨범,Music Plant (G)I-DLE Mini Album,뮤직플랜트,24.99,10000,42,210,1394,gidle album;kpop music;music plant exclusive,0,domeggook-com;domewiki-co-kr;domemall-co-kr
kpop-goods,10,에버라인 LE SSERAFIM 포스터,Everline LE SSERAFIM Poster,에버라인,15,6000,40,100,1394,le sserafim poster;kpop merch;everline exclusive,0,domeggook-com;ownerclan-com;dometopia-com
kpop-goods,11,디어마이뮤즈 ITZY 포토카드,Dear My Muse ITZY Photocard,디어마이뮤즈,12.99,5000,55,40,1394,itzy photocard;kpop collectible;dear my muse,0,domeggook-com;sellmoa-com;domema-com
kpop-goods,12,뮤직코리아 ENHYPEN 앨범,Music Korea ENHYPEN Album,뮤직코리아,27.99,11000,45,240,1394,enhypen album;kpop cd;music korea exclusive,0,domeggook-com;onchannel-co-kr;supercat-co-kr
kpop-goods,13,비트로드 TXT 앨범,Beatroad TXT Album,비트로드,26.99,10800,40,220,1394,txt album;kpop music;beatroad exclusive,0,domeggook-com;witaksell-com;domewiki-co-kr
kpop-goods,14,조은뮤직 NCT 앨범,Joeun Music NCT Album,조은뮤직,30.99,12500,42,260,1394,nct album;kpop cd;joeun music exclusive,0,domeggook-com;domemall-co-kr;ownerclan-com
kpop-goods,15,애플뮤직 Red Velvet 앨범,Apple Music Red Velvet Album,애플뮤직,28.5,11500,45,230,1394,red velvet album;kpop music;apple music exclusive,0,domeggook-com;dometopia-com;sellmoa-com
kpop-goods,16,K-POP 아이돌 공식 포스터,K-POP Idol Official Poster,위버스샵,14.99,6000,40,100,1394,kpop poster;idol merchandise;official goods,0,domeggook-com;ownerclan-com;dometopia-com
kpop-goods,17,K-POP 아이돌 키링,K-POP Idol Keychain,SMTOWN &STORE,9.99,4000,50,50,1394,kpop keychain;idol accessory;official merch,1,domeggook-com;sellmoa-com;domema-com
kpop-goods,18,K-POP 아이돌 스티커 세트,K-POP Idol Sticker Set,YG SELECT,7.99,3200,55,30,1394,kpop stickers;idol deco;official goods,2,domeggook-com;supercat-co-kr;onchannel-co-kr
kpop-goods,19,K-POP 아이돌 뱃지,K-POP Idol Badge,JYP SHOP,8.99,3600,48,40,1394,kpop badge;idol pin;official merch,0,domeggook-com;witaksell-com;domewiki-co-kr
kpop-goods,20,K-POP 아이돌 포토카드 앨범,K-POP Idol Photocard Album,케이타운포유,16.99,6800,42,120,1394,photocard album;kpop binder;idol storage,0,domeggook-com;domemall-co-kr;ownerclan-com
kpop-goods,21,K-POP 아이돌 슬로건,K-POP Idol Slogan,메이크스타,20,8000,40,150,1394,kpop slogan;idol fan merch;concert goods,7,domeggook-com;dometopia-com;sellmoa-com
kpop-goods,22,K-POP 아이돌 담요,K-POP Idol Blanket,사운드웨이브,39.99,16000,45,400,1394,kpop blanket;idol merch;fan goods,-1,domeggook-com;domema-com;onchannel-co-kr
kpop-goods,23,K-POP 아이돌 컵홀더,K-POP Idol Cupholder,위드뮤,11.99,4800,50,80,1394,kpop cupholder;idol cafe event;collectible,0,domeggook-com;supercat-co-kr;witaksell-com
kpop-goods,24,K-POP 아이돌 포토카드 세트,K-POP Idol Photocard Set,뮤직플랜트,18.99,7600,42,60,1394,kpop photocard;idol collectible;fan merch,0,domeggook-com;domewiki-co-kr;domemall-co-kr
kpop-goods,25,K-POP 아이돌 인형,K-POP Idol Doll,에버라인,55,22000,40,350,1394,kpop doll;idol plush;collectible toy,0,domeggook-com;ownerclan-com;dometopia-com
kpop-goods,26,K-POP 아이돌 폰케이스,K-POP Idol Phone Case,디어마이뮤즈,25,10000,45,100,1394,kpop phone case;idol accessory;fan goods,-4,domeggook-com;sellmoa-com;domema-com
kpop-goods,27,K-POP 아이돌 배지 세트,K-POP Idol Badge Set,뮤직코리아,15.99,6400,48,70,1394,kpop badge set;idol pins;collectible,0,domeggook-com;onchannel-co-kr;supercat-co-kr
kpop-goods,28,K-POP 아이돌 엽서 세트,K-POP Idol Postcard Set,비트로드,10.99,4400,50,50,1394,kpop postcard;idol fan art;collectible,0,domeggook-com;domewiki-co-kr
kpop-goods,29,K-POP 아이돌 미니 피규어,K-POP Idol Mini Figure,조은뮤직,22,8800,40,120,1394,kpop figure;idol collectible;mini doll,-6,domeggook-com;domemall-co-kr;ownerclan-com
kpop-goods,30,K-POP 아이돌 포토카드 홀더,K-POP Idol Photocard Holder,애플뮤직,13.5,5400,45,70,1394,photocard holder;kpop accessory;idol storage,0,domeggook-com;dometopia-com;sellmoa-com
auto-parts,1,현대모비스 제네시스 G80 순정 에어 필터,Hyundai Mobis Genesis G80 Genuine Air Filter,현대모비스,35.99,14500,40,300,33612,genesis g80;air filter;hyundai mobis,0,domeggook-com;ownerclan-com;dometopia-com
auto-parts,2,한온시스템 싼타페 에어컨 필터,Hanonsystem Santa Fe AC Filter,한온시스템,28.5,11500,45,250,33612,santa fe filter;cabin air filter;hanonsystem,0,domeggook-com;sellmoa-com;domema-com
auto-parts,3,현대위아 쏘렌토 브레이크 패드,Hyundai Wia Sorento Brake Pads,현대위아,75,30000,40,1500,33612,sorento brake;brake pads;hyundai wia,0,domeggook-com;supercat-co-kr;onchannel-co-kr
auto-parts,4,만도 그랜저 활대링크,Mando Grandeur Stabilizer Link,만도,45.99,18500,42,400,33612,grandeur parts;stabilizer link;mando auto,0,domeggook-com;witaksell-com;domewiki-co-kr
auto-parts,5,현대트랜시스 코나 변속기 오일 필터,Hyundai Transys Kona Transmission Oil Filter,현대트랜시스,39.99,16000,45,200,33612,kona parts;transmission filter;hyundai transys,0,domeggook-com;domemall-co-kr;ownerclan-com
auto-parts,6,한국타이어앤테크놀로지 벤투스 S1 evo3 타이어,Hankook Tire Ventus S1 evo3,한국타이어앤테크놀로지,150,60000,35,10000,33612,hankook tire;ventus s1 evo3;performance tire,0,domeggook-com;dometopia-com;sellmoa-com
auto-parts,7,금호타이어 엑스타 PS71 타이어,Kumho Tire Ecsta PS71,금호타이어,130,52000,38,9000,33612,kumho tire;ecsta ps71;sport tire,0,domeggook-com;domema-com;onchannel-co-kr
auto-parts,8,넥센타이어 엔프리즈 AH8 타이어,Nexen Tire N'Priz AH8,넥센타이어,110,44000,40,8000,33612,nexen tire;n'priz ah8;all season tire,0,domeggook-com;supercat-co-kr
auto-parts,9,에스엘 아반떼 후미등,SL Avante Tail Light,에스엘,85,34000,42,800,33612,avante tail light;car lighting;sl auto parts,0,domeggook-com;domewiki-co-kr;domemall-co-kr
auto-parts,10,화신 쏘나타 범퍼,Hwashin Sonata Bumper,화신,120,48000,38,5000,33612,sonata bumper;car body parts;hwashin auto,0,domeggook-com;ownerclan-com;dometopia-com
auto-parts,11,성우하이텍 투싼 도어 패널,Sungwoo Hitech Tucson Door Panel,성우하이텍,95,38000,40,3000,33612,tucson door;car body parts;sungwoo hitech,0,domeggook-com;sellmoa-com;domema-com
auto-parts,12,유라코퍼레이션 K5 와이어링 하네스,Yura Corporation K5 Wiring Harness,유라코퍼레이션,60,24000,45,600,33612,k5 wiring;electrical parts;yura corporation,0,domeggook-com;onchannel-co-kr;supercat-co-kr
auto-parts,13,평화정공 팰리세이드 도어 래치,Pyonghwa Industrial Palisade Door Latch,평화정공,55,22000,42,350,33612,palisade door;door latch;pyonghwa industrial,0,domeggook-com;domewiki-co-kr
auto-parts,14,세방전지 로케트 배터리,Sebang Global Battery Rocket Battery,세방전지,90,36000,38,5000,33612,rocket battery;car battery;sebanggloball,-10,domeggook-com;domemall-co-kr;ownerclan-com
auto-parts,15,한국단자공업 차량용 커넥터,Korea Terminal Car Connector,한국단자공업,20,8000,50,100,33612,car connector;electrical parts;korea terminal,0,domeggook-com;dometopia-com;sellmoa-com
auto-parts,16,현대 기아 차량용 오일 필터,Hyundai Kia Car Oil Filter,현대모비스,15.99,6500,40,150,33612,hyundai oil filter;kia oil filter;engine parts,0,domeggook-com;ownerclan-com;dometopia-com
auto-parts,17,국산차용 와이퍼 블레이드,Korean Car Wiper Blade,한온시스템,18.5,7500,45,200,33612,wiper blade;car maintenance;korean auto parts,0,domeggook-com;sellmoa-com;domema-com
auto-parts,18,차량용 LED 헤드라이트,Car LED Headlight,에스엘,65,26000,40,700,33612,led headlight;car lighting;auto upgrade,0,domeggook-com;supercat-co-kr;onchannel-co-kr
auto-parts,19,차량용 블랙박스,Car Dash Cam,만도,120,48000,38,400,33612,dash cam;car security;korean electronics,0,domeggook-com;domewiki-co-kr
auto-parts,20,차량용 공기청정기,Car Air Purifier,한온시스템,49.99,20000,42,300,33612,car air purifier;cabin air;auto accessories,0,domeggook-com;domemall-co-kr;ownerclan-com
auto-parts,21,차량용 핸들 커버,Car Steering Wheel Cover,현대모비스,25,10000,45,250,33612,steering wheel cover;car interior;auto accessories,0,domeggook-com;dometopia-com;sellmoa-com
auto-parts,22,차량용 시트 커버,Car Seat Cover,성우하이텍,70,28000,40,1000,33612,car seat cover;interior protection;auto accessories,0,domeggook-com;domema-com;onchannel-co-kr
auto-parts,23,차량용 룸미러,Car Rear View Mirror,화신,30,12000,42,300,33612,rear view mirror;car mirror;auto parts,0,domeggook-com;supercat-co-kr
auto-parts,24,차량용 퓨즈,Car Fuse,한국단자공업,8.99,3600,60,50,33612,car fuse;electrical components;auto repair,0,domeggook-com;domewiki-co-kr;domemall-co-kr
auto-parts,25,차량용 스파크 플러그,Car Spark Plug,현대모비스,12.99,5200,50,80,33612,spark plug;engine parts;auto ignition,0,domeggook-com;ownerclan-com;dometopia-com
auto-parts,26,차량용 브레이크 오일,Car Brake Fluid,만도,19.99,8000,45,500,33612,brake fluid;car maintenance;auto chemicals,0,domeggook-com;sellmoa-com;domema-com
auto-parts,27,차량용 냉각수,Car Coolant,한온시스템,24.99,10000,40,1000,33612,car coolant;engine cooling;auto fluids,0,domeggook-com;onchannel-co-kr;supercat-co-kr
auto-parts,28,차량용 연료 필터,Car Fuel Filter,현대모비스,29.99,12000,42,250,33612,fuel filter;engine parts;auto maintenance,0,domeggook-com;domewiki-co-kr
auto-parts,29,차량용 타이어 공기압 센서,Car Tire Pressure Sensor,한국타이어앤테크놀로지,40,16000,45,100,33612,tpms sensor;tire pressure;auto safety,0,domeggook-com;domemall-co-kr;ownerclan-com
auto-parts,30,차량용 엔진 오일,Car Engine Oil,현대모비스,45,18000,40,4000,33612,engine oil;car lubricant;auto maintenance,0,domeggook-com;dometopia-com;sellmoa-com
drones,1,파블로항공 산업용 드론,Pablo Air Industrial Drone,파블로항공,1200,480000,35,3000,179697,industrial drone;korean uav;pablo air,0,domeggook-com;ownerclan-com;dometopia-com
drones,2,두산모빌리티이노베이션 수소연료전지 드론,Doosan Mobility Innovation Hydrogen Fuel Cell Drone,두산모빌리티이노베이션,2500,1000000,30,5000,179697,hydrogen drone;long endurance uav;doosan mobility,0,domeggook-com;sellmoa-com;domema-com
drones,3,유콘시스템 정찰용 드론,UCON System Surveillance Drone,유콘시스템,1800,720000,38,2500,179697,surveillance drone;korean uav;ucon system,0,domeggook-com;supercat-co-kr;onchannel-co-kr
drones,4,네온테크 농업용 방제 드론,Neontech Agricultural Spray Drone,네온테크,3000,1200000,32,8000,179697,agricultural drone;spray drone;neontech,0,domeggook-com;domewiki-co-kr
drones,5,한빛드론 교육용 미니 드론,Hanbit Drone Educational Mini Drone,한빛드론,80,32000,45,150,179697,mini drone;educational drone;hanbit drone,0,domeggook-com;domemall-co-kr;ownerclan-com
drones,6,바이로봇 드론 레이싱 키트,Byrobot Drone Racing Kit,바이로봇,150,60000,40,300,179697,drone racing;fpv kit;byrobot,0,domeggook-com;dometopia-com;sellmoa-com
drones,7,디브레인 수중 드론,Dbrain Underwater Drone,디브레인,700,280000,38,1500,179697,underwater drone;rov;dbrain,0,domeggook-com;domema-com;onchannel-co-kr
drones,8,숨비 재난구조 드론,Soombi Disaster Relief Drone,숨비,2000,800000,35,4000,179697,rescue drone;disaster relief;soombi,0,domeggook-com;supercat-co-kr
drones,9,엑스드론 측량용 드론,Xdrone Surveying Drone,엑스드론,1500,600000,37,2800,179697,surveying drone;mapping uav;xdrone,0,domeggook-com;domewiki-co-kr;domemall-co-kr
drones,10,니어스랩 자율비행 드론,Nearthlab Autonomous Drone,니어스랩,2200,880000,33,3500,179697,autonomous drone;ai drone;nearthlab,0,domeggook-com;ownerclan-com;dometopia-com
drones,11,프리뉴 드론 카메라 짐벌,Prenu Drone Camera Gimbal,프리뉴,300,120000,40,400,179697,drone gimbal;camera stabilizer;prenu,0,domeggook-com;sellmoa-com;domema-com
drones,12,유비파이 드론 배터리,Ubifly Drone Battery,유비파이,80,32000,45,200,179697,drone battery;lipo battery;ubifly,0,domeggook-com;onchannel-co-kr;supercat-co-kr
drones,13,보라스카이 드론 프로펠러,Borasky Drone Propeller,보라스카이,25,10000,50,50,179697,drone propeller;uav parts;borasky,0,domeggook-com;domewiki-co-kr
drones,14,그리폰다이나믹스 드론 컨트롤러,Gryphon Dynamics Drone Controller,그리폰다이나믹스,400,160000,38,600,179697,drone controller;remote control;gryphon dynamics,0,domeggook-com;domemall-co-kr;ownerclan-com
drones,15,엔텍로봇 드론 프레임,Entech Robot Drone Frame,엔텍로봇,180,72000,42,500,179697,drone frame;uav chassis;entech robot,0,domeggook-com;dometopia-com;sellmoa-com
drones,16,전문가용 촬영 드론,Professional Photography Drone,파블로항공,900,360000,35,2000,179697,photography drone;4k drone;aerial camera,0,domeggook-com;ownerclan-com;dometopia-com
drones,17,초소형 미니 드론,Micro Mini Drone,한빛드론,50,20000,50,80,179697,mini drone;toy drone;indoor drone,0,domeggook-com;sellmoa-com;domema-com
drones,18,드론 충전 허브,Drone Charging Hub,유비파이,60,24000,40,250,179697,drone charger;battery hub;uav accessories,0,domeggook-com;supercat-co-kr;onchannel-co-kr
drones,19,드론 착륙 패드,Drone Landing Pad,보라스카이,30,12000,45,150,179697,landing pad;drone accessory;uav safety,1,domeggook-com;domewiki-co-kr
drones,20,드론 운반 케이스,Drone Carrying Case,엑스드론,100,40000,38,800,179697,drone case;hard case;uav storage,0,domeggook-com;domemall-co-kr;ownerclan-com
drones,21,드론 모터 세트,Drone Motor Set,엔텍로봇,70,28000,42,180,179697,drone motor;brushless motor;uav parts,0,domeggook-com;dometopia-com;sellmoa-com
drones,22,드론 FPV 고글,Drone FPV Goggles,바이로봇,250,100000,35,500,179697,fpv goggles;drone racing;first person view,3,domeggook-com;domema-com;onchannel-co-kr
drones,23,드론 GPS 모듈,Drone GPS Module,유콘시스템,90,36000,40,70,179697,drone gps;flight controller;uav navigation,0,domeggook-com;supercat-co-kr
drones,24,드론 비행 컨트롤러,Drone Flight Controller,니어스랩,150,60000,38,100,179697,flight controller;drone brain;uav electronics,0,domeggook-com;domewiki-co-kr;domemall-co-kr
drones,25,드론 랜딩 기어,Drone Landing Gear,그리폰다이나믹스,45,18000,45,120,179697,landing gear;drone parts;uav accessories,2,domeggook-com;ownerclan-com;dometopia-com
drones,26,드론 카메라 필터 세트,Drone Camera Filter Set,프리뉴,55,22000,40,60,179697,camera filter;drone lens;nd filter,0,domeggook-com;sellmoa-com;domema-com
drones,27,드론 조종기 스트랩,Drone Remote Control Strap,한빛드론,15,6000,55,30,179697,remote strap;drone accessory;controller holder,0,domeggook-com;onchannel-co-kr;supercat-co-kr
drones,28,드론 비행 시뮬레이터,Drone Flight Simulator,바이로봇,70,28000,40,200,179697,flight simulator;drone training;rc simulator,0,domeggook-com;domewiki-co-kr
drones,29,드론 비상 낙하산,Drone Emergency Parachute,숨비,180,72000,35,150,179697,drone parachute;safety system;uav emergency,0,domeggook-com;domemall-co-kr;ownerclan-com
drones,30,드론 조명 키트,Drone Lighting Kit,네온테크,40,16000,45,80,179697,drone lights;night flight;uav accessories,0,domeggook-com;dometopia-com;sellmoa-com
k-beauty-skincare,1,설화수 윤조에센스,Sulwhasoo First Care Activating Serum,설화수,85,34000,40,200,11233,sulwhasoo serum;korean skincare;anti-aging,0,domeggook-com;ownerclan-com;dometopia-com
k-beauty-skincare,2,라네즈 워터 슬리핑 마스크,Laneige Water Sleeping Mask,라네즈,28.99,11500,45,150,11233,laneige mask;sleeping pack;hydrating,1,domeggook-com;sellmoa-com;domema-com
k-beauty-skincare,3,이니스프리 그린티 씨드 세럼,Innisfree Green Tea Seed Serum,이니스프리,22.5,9000,48,100,11233,innisfree serum;green tea;hydrating,-2,domeggook-com;supercat-co-kr;onchannel-co-kr
k-beauty-skincare,4,닥터자르트 시카페어 크림,Dr. Jart+ Cicapair Cream,닥터자르트,40,16000,42,120,11233,dr jart cream;cicapair;calming cream,0,domeggook-com;domewiki-co-kr
k-beauty-skincare,5,코스알엑스 저분자 히알루론산 앰플,COSRX Low pH Hyaluronic Acid Ampoule,코스알엑스,25.99,10500,40,80,11233,cosrx ampoule;hyaluronic acid;hydrating serum,0,domeggook-com;domemall-co-kr;ownerclan-com
k-beauty-skincare,6,메디힐 티트리 케어 솔루션 에센셜 마스크,Mediheal Tea Tree Care Solution Essential Mask,메디힐,19.99,8000,50,250,11233,mediheal mask;tea tree mask;acne care,0,domeggook-com;dometopia-com;sellmoa-com
k-beauty-skincare,7,아누아 어성초 77 수딩 토너,Anua Heartleaf 77% Soothing Toner,아누아,24,9600,45,300,11233,anua toner;heartleaf toner;soothing skincare,0,domeggook-com;domema-com;onchannel-co-kr
k-beauty-skincare,8,토리든 다이브인 저분자 히알루론산 세럼,Torriden DIVE-IN Low Molecular Hyaluronic Acid Serum,토리든,29.99,12000,42,100,11233,torriden serum;hyaluronic serum;deep hydration,0,domeggook-com;supercat-co-kr
k-beauty-skincare,9,넘버즈인 3번 보들보들 결 세럼,Numbuzin No.3 Skin Softening Serum,넘버즈인,32,12800,40,90,11233,numbuzin serum;skin texture;korean serum,0,domeggook-com;domewiki-co-kr;domemall-co-kr
k-beauty-skincare,10,라운드랩 1025 독도 토너,Round Lab 1025 Dokdo Toner,라운드랩,21.99,8800,48,250,11233,dokdo toner;round lab;mild exfoliation,0,domeggook-com;ownerclan-com;dometopia-com
k-beauty-skincare,11,에스트라 아토베리어365 크림,Aestura Atobarrier 365 Cream,에스트라,38,15200,40,180,11233,aestura cream;atobarrier;sensitive skin,0,domeggook-com;sellmoa-com;domema-com
k-beauty-skincare,12,아이소이 불가리안 로즈 잡티 세럼,isoi Bulgarian Rose Blemish Care Serum,아이소이,55,22000,38,70,11233,isoi serum;blemish care;bulgarian rose,0,domeggook-com;onchannel-co-kr;supercat-co-kr
k-beauty-skincare,13,마녀공장 퓨어 클렌징 오일,Manyo Factory Pure Cleansing Oil,마녀공장,26.99,10800,45,250,11233,manyo cleansing oil;korean cleanser;double cleanse,-1,domeggook-com;domewiki-co-kr
k-beauty-skincare,14,비플레인 시카풀 앰플,beplain Cicaful Ampoule,비플레인,30,12000,42,80,11233,beplain ampoule;cicaful;calming serum,0,domeggook-com;domemall-co-kr;ownerclan-com
k-beauty-skincare,15,한율 어린쑥 수분진정 크림,Hanyul Pure Artemisia Calming Cream,한율,35,14000,40,150,11233,hanyul cream;artemisia;calming skincare,0,domeggook-com;dometopia-com;sellmoa-com
k-beauty-skincare,16,콜라겐 리프팅 앰플,Collagen Lifting Ampoule,설화수,60,24000,40,100,11233,collagen ampoule;lifting serum;anti-aging,0,domeggook-com;ownerclan-com;dometopia-com
k-beauty-skincare,17,수분 충전 크림,Hydrating Moisture Cream,라네즈,32,12800,45,180,11233,moisture cream;hydrating cream;korean skincare,0,domeggook-com;sellmoa-com;domema-com
k-beauty-skincare,18,진정 시카 패드,Calming Cica Pad,닥터자르트,27,10800,48,200,11233,cica pad;calming toner pad;sensitive skin,0,domeggook-com;supercat-co-kr;onchannel-co-kr
k-beauty-skincare,19,비타민 C 브라이트닝 세럼,Vitamin C Brightening Serum,아이소이,48,19200,40,70,11233,vitamin c serum;brightening serum;anti-dark spot,0,domeggook-com;domewiki-co-kr
k-beauty-skincare,20,모공 케어 클렌징 폼,Pore Care Cleansing Foam,이니스프리,15,6000,50,120,11233,pore cleanser;cleansing foam;korean facial wash,0,domeggook-com;domemall-co-kr;ownerclan-com
k-beauty-skincare,21,세라마이드 장벽 크림,Ceramide Barrier Cream,에스트라,35,14000,42,150,11233,ceramide cream;skin barrier;moisturizer,0,domeggook-com;dometopia-com;sellmoa-com
k-beauty-skincare,22,약산성 젤 클렌저,Low pH Gel Cleanser,코스알엑스,18,7200,45,180,11233,gel cleanser;low ph;gentle wash,0,domeggook-com;domema-com;onchannel-co-kr
k-beauty-skincare,23,히알루론산 수분 크림,Hyaluronic Acid Hydrating Cream,토리든,26,10400,48,130,11233,hyaluronic cream;hydration;korean moisturizer,0,domeggook-com;supercat-co-kr
k-beauty-skincare,24,어성초 진정 앰플,Heartleaf Calming Ampoule,아누아,29,11600,40,90,11233,heartleaf ampoule;calming serum;acne prone,0,domeggook-com;domewiki-co-kr;domemall-co-kr
k-beauty-skincare,25,갈락토미세스 에센스,Galactomyces Ferment Essence,마녀공장,33,13200,42,110,11233,galactomyces essence;fermented skincare;brightening,0,domeggook-com;ownerclan-com;dometopia-com
k-beauty-skincare,26,병풀 추출물 토너,Centella Asiatica Extract Toner,비플레인,20,8000,45,200,11233,centella toner;calming toner;korean skincare,0,domeggook-com;sellmoa-com;domema-com
k-beauty-skincare,27,쌀겨 추출물 클렌징 오일,Rice Bran Extract Cleansing Oil,한율,24,9600,40,220,11233,rice cleansing oil;korean cleanser;gentle makeup remover,0,domeggook-com;onchannel-co-kr;supercat-co-kr
k-beauty-skincare,28,프로폴리스 시너지 토너,Propolis Synergy Toner,코스알엑스,23,9200,48,180,11233,propolis toner;honey skincare;korean toner,0,domeggook-com;domewiki-co-kr
k-beauty-skincare,29,달팽이 점액 필터링 에센스,Snail Mucin Filtering Essence,코스알엑스,21,8400,45,100,11233,snail mucin;korean essence;repairing serum,0,domeggook-com;domemall-co-kr;ownerclan-com
k-beauty-skincare,30,펩타이드 볼륨 에센스,Peptide Volume Essence,넘버즈인,38,15200,40,120,11233,peptide essence;anti-aging;korean serum,0,domeggook-com;dometopia-com;sellmoa-com
lego-blocks,1,옥스포드 블록 타운 시리즈,Oxford Block Town Series,옥스포드,45.99,22000,52,450,17201,korean blocks;oxford toys;building blocks,0,domeggook-com;ownerclan-com;dometopia-com
lego-blocks,2,코비블록 밀리터리 탱크,Cobi Blocks Military Tank,코비블록,59.99,28000,53,500,17201,cobi blocks;military toys;building sets,0,domeggook-com;supercat-co-kr;domema-com
lego-blocks,3,톡톡블럭 동물 만들기 세트,Toktok Block Animal Making Set,톡톡블럭,25.5,11000,57,250,17201,toktok blocks;kids crafts;creative toys,6,domeggook-com;ownerclan-com;onchannel-co-kr
lego-blocks,4,아이링고 베이직 세트,Iringo Basic Set,아이링고,38,18000,52,380,17201,iringo blocks;educational toys;construction toys,1,domeggook-com;dometopia-com;domema-com
lego-blocks,5,맥포머스 브레인 마스터 세트,Magformers Brain Master Set,맥포머스,99.99,45000,55,500,17201,magformers;magnetic blocks;stem toys,-3,domeggook-com;ownerclan-com;sellmoa-com
lego-blocks,6,클릭스 주니어 세트,Clics Junior Set,클릭스,32,15000,53,300,17201,clics blocks;interlocking toys;preschool toys,0,domeggook-com;dometopia-com;witaksell-com
lego-blocks,7,지니맥 자석 블록,Ginimac Magnetic Blocks,지니맥,48,23000,52,400,17201,ginimac;magnetic tiles;kids building,5,domeggook-com;ownerclan-com;domemall-co-kr
lego-blocks,8,플레이팩토 창의 블록,Playfacto Creative Blocks,플레이팩토,35,16000,54,350,17201,playfacto;creative blocks;learning toys,0,domeggook-com;supercat-co-kr;domewiki-co-kr
lego-blocks,9,스마트블록 코딩 로봇,Smart Block Coding Robot,스마트블록,75,35000,53,480,17201,coding blocks;robotics for kids;smart toys,0,domeggook-com;ownerclan-com;onchannel-co-kr
lego-blocks,10,에듀뽀로로 블록 놀이,Edu Pororo Block Play,에듀뽀로로,28,12000,57,280,17201,pororo blocks;toddler toys;korean character blocks,0,domeggook-com;dometopia-com;domema-com
lego-blocks,11,하베브릭 미니 피규어 세트,Habrick Mini Figure Set,하베브릭,15,6000,60,100,17201,mini figures;habrick;collectible blocks,0,domeggook-com;sellmoa-com;witaksell-com
lego-blocks,12,셈보블록 건축 시리즈,Sembo Block Architecture Series,셈보블록,65,30000,53,490,17201,sembo blocks;architecture models;building kits,0,domeggook-com;ownerclan-com;domewiki-co-kr
lego-blocks,13,케이넥스 교육용 세트,K'nex Educational Set,케이넥스,55,25000,54,420,17201,k'nex;stem education;construction toys,0,domeggook-com;dometopia-com;domemall-co-kr
lego-blocks,14,블럭앤스토리 테마 블록,Block & Story Theme Blocks,블럭앤스토리,30,14000,53,320,17201,block & story;theme blocks;creative play,0,domeggook-com;ownerclan-com;supercat-co-kr
lego-blocks,15,몰펀 어드밴스 세트,Morphun Advance Set,몰펀,42,20000,52,390,17201,morphun;interlocking blocks;educational toys,0,domeggook-com;dometopia-com;domema-com
lego-blocks,16,옥스포드 소방서 블록,Oxford Fire Station Blocks,옥스포드,55,26000,52,480,17201,oxford blocks;fire station toy;korean building blocks,0,domeggook-com;ownerclan-com;dometopia-com
lego-blocks,17,코비블록 비행기 모델,Cobi Blocks Airplane Model,코비블록,62,29000,53,470,17201,cobi airplane;model building;military blocks,0,domeggook-com;supercat-co-kr;domema-com
lego-blocks,18,톡톡블럭 픽셀 아트 세트,Toktok Block Pixel Art Set,톡톡블럭,22,9500,57,200,17201,pixel art blocks;toktok;craft kits,0,domeggook-com;ownerclan-com;onchannel-co-kr
lego-blocks,19,아이링고 로봇 만들기,Iringo Robot Building Kit,아이링고,40,19000,52,370,17201,iringo robot;stem building;creative construction,0,domeggook-com;dometopia-com;domema-com
lego-blocks,20,맥포머스 다이나믹 휠 세트,Magformers Dynamic Wheel Set,맥포머스,85,39000,54,490,17201,magformers wheels;magnetic construction;vehicle toys,0,domeggook-com;ownerclan-com;sellmoa-com
lego-blocks,21,클릭스 어드벤처 세트,Clics Adventure Set,클릭스,35,16500,53,330,17201,clics adventure;interlocking building;kids creative,0,domeggook-com;dometopia-com;witaksell-com
lego-blocks,22,지니맥 도형 학습 블록,Ginimac Shape Learning Blocks,지니맥,50,24000,52,410,17201,ginimac shapes;math blocks;magnetic educational,0,domeggook-com;ownerclan-com;domemall-co-kr
lego-blocks,23,플레이팩토 숫자 블록,Playfacto Number Blocks,플레이팩토,29,13000,55,290,17201,playfacto numbers;counting blocks;early learning,0,domeggook-com;supercat-co-kr;domewiki-co-kr
lego-blocks,24,스마트블록 건축물 세트,Smart Block Architecture Set,스마트블록,70,32000,54,460,17201,smart block architecture;building models;advanced blocks,0,domeggook-com;ownerclan-com;onchannel-co-kr
lego-blocks,25,에듀뽀로로 동물 블록,Edu Pororo Animal Blocks,에듀뽀로로,26,11500,56,270,17201,pororo animal;toddler blocks;korean kids toys,0,domeggook-com;dometopia-com;domema-com
lego-blocks,26,하베브릭 캐릭터 블록,Habrick Character Blocks,하베브릭,18,7000,61,120,17201,habrick characters;collectible figures;mini blocks,0,domeggook-com;sellmoa-com;witaksell-com
lego-blocks,27,셈보블록 도시 시리즈,Sembo Block City Series,셈보블록,60,28000,53,470,17201,sembo city;urban blocks;building sets,0,domeggook-com;ownerclan-com;domewiki-co-kr
lego-blocks,28,케이넥스 롤러코스터,K'nex Roller Coaster,케이넥스,80,38000,52,500,17201,k'nex roller coaster;amusement park toy;construction kits,0,domeggook-com;dometopia-com;domemall-co-kr
lego-blocks,29,블럭앤스토리 공주 성 블록,Block & Story Princess Castle Blocks,블럭앤스토리,33,15500,53,340,17201,princess castle blocks;block & story;girls building toys,0,domeggook-com;ownerclan-com;supercat-co-kr
lego-blocks,30,몰펀 주니어 세트,Morphun Junior Set,몰펀,39,18500,52,360,17201,morphun junior;early learning blocks;creative play,-26,domeggook-com;dometopia-com;domema-com
mens-fashion,1,무신사 스탠다드 오버핏 티셔츠,Musinsa Standard Oversized T-shirt,무신사 스탠다드,35,16000,54,250,15724,korean streetwear;oversized tee;musinsa,0,domeggook-com;ownerclan-com;dometopia-com
mens-fashion,2,커버낫 로고 맨투맨,Covernat Logo Sweatshirt,커버낫,65,30000,53,400,15724,covernat;korean fashion;mens sweatshirt,0,domeggook-com;supercat-co-kr;domema-com
mens-fashion,3,디스이즈네버댓 로고 후디,Thisisneverthat Logo Hoodie,디스이즈네버댓,85,40000,53,450,15724,thisisneverthat;k-streetwear;mens hoodie,0,domeggook-com;ownerclan-com;onchannel-co-kr
mens-fashion,4,쿠어 미니멀 니트,Coor Minimal Knit Sweater,쿠어,70,33000,52,380,15724,coor;korean knitwear;minimal fashion,0,domeggook-com;dometopia-com;domema-com
mens-fashion,5,앤더슨벨 유니섹스 스웨터,Andersson Bell Unisex Sweater,앤더슨벨,120,50000,58,420,15724,andersson bell;korean designer;unisex sweater,0,domeggook-com;ownerclan-com;sellmoa-com
mens-fashion,6,예일 캠퍼스 로고 티셔츠,Yale Campus Logo T-shirt,예일,40,19000,52,280,15724,yale fashion;korean graphic tee;mens casual,0,domeggook-com;dometopia-com;witaksell-com
mens-fashion,7,LMC 시스템 로고 티셔츠,LMC System Logo T-shirt,LMC,55,26000,52,300,15724,lmc;lost management cities;korean streetwear,0,domeggook-com;ownerclan-com;domemall-co-kr
mens-fashion,8,코드그라피 카고 팬츠,Codegraphy Cargo Pants,코드그라피,75,35000,53,480,15724,codegraphy;korean cargo pants;mens bottoms,0,domeggook-com;supercat-co-kr;domewiki-co-kr
mens-fashion,9,드로우핏 와이드 슬랙스,Drawfit Wide Slacks,드로우핏,68,32000,53,400,15724,drawfit;korean slacks;wide leg pants,0,domeggook-com;ownerclan-com;onchannel-co-kr
mens-fashion,10,토니웩 오버핏 셔츠,Tonywack Oversized Shirt,토니웩,60,28000,53,350,15724,tonywack;korean oversized shirt;mens casual shirt,0,domeggook-com;dometopia-com;domema-com
mens-fashion,11,라퍼지스토어 발마칸 코트,Lafudgestore Balmacaan Coat,라퍼지스토어,150,70000,53,500,15724,lafudgestore;balmacaan coat;korean outerwear,0,domeggook-com;sellmoa-com;witaksell-com
mens-fashion,12,수아레 셋업 자켓,Suare Setup Jacket,수아레,110,50000,55,480,15724,suare;korean suit jacket;mens formal wear,0,domeggook-com;ownerclan-com;domewiki-co-kr
mens-fashion,13,파르티멘토 스웨트 팬츠,Partimento Sweatpants,파르티멘토,50,23000,54,380,15724,partimento;korean sweatpants;mens joggers,0,domeggook-com;dometopia-com;domemall-co-kr
mens-fashion,14,엘무드 옥스포드 셔츠,Elmuud Oxford Shirt,엘무드,58,27000,53,320,15724,elmuud;korean oxford shirt;mens button up,0,domeggook-com;ownerclan-com;supercat-co-kr
mens-fashion,15,브랜디드 데님 팬츠,Branded Denim Pants,브랜디드,80,38000,52,450,15724,branded denim;korean jeans;mens pants,0,domeggook-com;dometopia-com;domema-com
mens-fashion,16,무신사 스탠다드 셋업 수트,Musinsa Standard Setup Suit,무신사 스탠다드,130,60000,54,500,15724,musinsa suit;korean formal wear;mens blazer,0,domeggook-com;ownerclan-com;dometopia-com
mens-fashion,17,커버낫 아치 로고 후드티,Covernat Arch Logo Hoodie,커버낫,70,33000,53,420,15724,covernat hoodie;korean streetwear;mens pullover,0,domeggook-com;supercat-co-kr;domema-com
mens-fashion,18,디스이즈네버댓 고어텍스 자켓,Thisisneverthat Gore-Tex Jacket,디스이즈네버댓,140,65000,54,490,15724,thisisneverthat jacket;gore-tex;k-techwear,0,domeggook-com;ownerclan-com;onchannel-co-kr
mens-fashion,19,쿠어 울 블렌드 코트,Coor Wool Blend Coat,쿠어,145,68000,53,500,15724,coor coat;korean winter coat;mens outerwear,0,domeggook-com;dometopia-com;domema-com
mens-fashion,20,앤더슨벨 그래픽 티셔츠,Andersson Bell Graphic T-shirt,앤더슨벨,70,33000,53,280,15724,andersson bell tee;korean graphic;designer t-shirt,0,domeggook-com;ownerclan-com;sellmoa-com
mens-fashion,21,예일 스웻셔츠,Yale Sweatshirt,예일,50,23000,54,390,15724,yale sweatshirt;korean college style;mens casual,0,domeggook-com;dometopia-com;witaksell-com
mens-fashion,22,LMC 로고 캡,LMC Logo Cap,LMC,45,21000,53,150,15724,lmc cap;korean baseball cap;streetwear hat,0,domeggook-com;ownerclan-com;domemall-co-kr
mens-fashion,23,코드그라피 후드 집업,Codegraphy Zip-up Hoodie,코드그라피,80,37000,54,470,15724,codegraphy hoodie;korean zip-up;mens outerwear,0,domeggook-com;supercat-co-kr;domewiki-co-kr
mens-fashion,24,드로우핏 린넨 셔츠,Drawfit Linen Shirt,드로우핏,62,29000,53,300,15724,drawfit linen;korean summer shirt;mens casual,0,domeggook-com;ownerclan-com;onchannel-co-kr
mens-fashion,25,토니웩 데님 자켓,Tonywack Denim Jacket,토니웩,115,53000,54,490,15724,tonywack denim;korean denim jacket;mens outerwear,0,domeggook-com;dometopia-com;domema-com
mens-fashion,26,라퍼지스토어 숏 패딩,Lafudgestore Short Padded Jacket,라퍼지스토어,135,62000,54,500,15724,lafudgestore padding;korean puffer jacket;mens winter coat,0,domeggook-com;sellmoa-com;witaksell-com
mens-fashion,27,수아레 밴딩 슬랙스,Suare Banding Slacks,수아레,60,28000,53,380,15724,suare slacks;korean mens pants;comfortable slacks,0,domeggook-com;ownerclan-com;domewiki-co-kr
mens-fashion,28,파르티멘토 스트라이프 티셔츠,Partimento Stripe T-shirt,파르티멘토,48,22000,54,260,15724,partimento stripe;korean striped tee;mens casual,0,domeggook-com;dometopia-com;domemall-co-kr
mens-fashion,29,엘무드 가디건,Elmuud Cardigan,엘무드,72,34000,53,400,15724,elmuud cardigan;korean knitwear;mens layering,0,domeggook-com;ownerclan-com;supercat-co-kr
mens-fashion,30,브랜디드 스웻셔츠,Branded Sweatshirt,브랜디드,55,26000,53,390,15724,branded sweatshirt;korean casual;mens top,0,domeggook-com;dometopia-com;domema-com
character-goods,1,카카오프렌즈 라이언 인형,Kakao Friends Ryan Plush Doll,카카오프렌즈,35,16000,54,250,18460,kakao ryan;korean plush;character doll,0,domeggook-com;ownerclan-com;dometopia-com
character-goods,2,라인프렌즈 브라운 피규어,Line Friends Brown Figure,라인프렌즈,28,12000,57,180,18460,line brown;korean figure;collectible character,0,domeggook-com;supercat-co-kr;domema-com
character-goods,3,BT21 타타 쿠션,BT21 Tata Cushion,BT21,42,20000,52,350,18460,bt21 tata;kpop merch;bts character,0,domeggook-com;ownerclan-com;onchannel-co-kr
character-goods,4,뽀로로 아기 상어 인형,Pororo Baby Shark Plush,뽀로로,22,9000,59,200,18460,pororo;baby shark;korean kids character,0,domeggook-com;dometopia-com;domema-com
character-goods,5,핑크퐁 아기 상어 사운드 인형,Pinkfong Baby Shark Sound Doll,핑크퐁,30,13000,57,280,18460,pinkfong;baby shark toy;korean children's character,0,domeggook-com;ownerclan-com;sellmoa-com
character-goods,6,아트박스 캐릭터 볼펜,Artbox Character Ballpoint Pen,아트박스,12,5000,58,50,18460,artbox;korean stationery;cute pen,0,domeggook-com;dometopia-com;witaksell-com
character-goods,7,버터샵 캐릭터 머그컵,Butter Shop Character Mug Cup,버터샵,18,8000,56,200,18460,butter shop;korean mug;character kitchenware,0,domeggook-com;ownerclan-com;domemall-co-kr
character-goods,8,네이버 웹툰 프렌즈 굿즈,Naver Webtoon Friends Goods,네이버 웹툰 프렌즈,25,11000,56,150,18460,naver webtoon;korean webtoon merch;character goods,0,domeggook-com;supercat-co-kr;domewiki-co-kr
character-goods,9,오버액션토끼 스티커 세트,Overaction Rabbit Sticker Set,오버액션토끼,10,4000,60,30,18460,overaction rabbit;korean stickers;cute stationery,0,domeggook-com;ownerclan-com;onchannel-co-kr
character-goods,10,최고심 폰케이스,Choigosim Phone Case,최고심,20,9000,55,80,18460,choigosim;korean phone case;cute character,0,domeggook-com;dometopia-com;domema-com
character-goods,11,BT21 치미 키링,BT21 Chimmy Keyring,BT21,15,6500,57,60,18460,bt21 chimmy;kpop keyring;bts character,0,domeggook-com;sellmoa-com;witaksell-com
character-goods,12,BT21 쿠키 파우치,BT21 Cooky Pouch,BT21,25,11000,56,100,18460,bt21 cooky;kpop pouch;bts merch,0,domeggook-com;ownerclan-com;domewiki-co-kr
character-goods,13,BT21 망 에어팟 케이스,BT21 Mang Airpods Case,BT21,20,9000,55,70,18460,bt21 mang;airpods case;kpop accessories,0,domeggook-com;dometopia-com;domemall-co-kr
character-goods,14,BT21 코야 담요,BT21 Koya Blanket,BT21,40,19000,52,400,18460,bt21 koya;kpop blanket;bts home goods,0,domeggook-com;ownerclan-com;supercat-co-kr
character-goods,15,카카오프렌즈 어피치 파우치,Kakao Friends Apeach Pouch,카카오프렌즈,20,9000,55,90,18460,kakao apeach;korean pouch;cute storage,0,domeggook-com;dometopia-com;domema-com
character-goods,16,라인프렌즈 샐리 키링,Line Friends Sally Keyring,라인프렌즈,15,6500,57,50,18460,line sally;korean keyring;character accessory,0,domeggook-com;ownerclan-com;dometopia-com
character-goods,17,BT21 알제이 인형,BT21 RJ Plush Doll,BT21,38,18000,52,300,18460,bt21 rj;kpop plush;bts character,0,domeggook-com;supercat-co-kr;domema-com
character-goods,18,뽀로로 스티커북,Pororo Sticker Book,뽀로로,10,4000,60,80,18460,pororo stickers;korean kids activity;children's book,-14,domeggook-com;ownerclan-com;onchannel-co-kr
character-goods,19,핑크퐁 아기 상어 칫솔,Pinkfong Baby Shark Toothbrush,핑크퐁,8,3000,62,30,18460,pinkfong toothbrush;baby shark hygiene;korean kids item,0,domeggook-com;dometopia-com;domema-com
character-goods,20,아트박스 캐릭터 노트,Artbox Character Notebook,아트박스,15,6000,60,120,18460,artbox notebook;korean stationery;cute journal,8,domeggook-com;ownerclan-com;sellmoa-com
character-goods,21,버터샵 캐릭터 양말,Butter Shop Character Socks,버터샵,10,4000,60,40,18460,butter shop socks;korean socks;cute fashion,0,domeggook-com;dometopia-com;witaksell-com
character-goods,22,네이버 웹툰 프렌즈 폰 그립톡,Naver Webtoon Friends Phone Grip Tok,네이버 웹툰 프렌즈,18,8000,56,50,18460,naver webtoon griptok;korean phone accessory;webtoon merch,0,domeggook-com;ownerclan-com;domemall-co-kr
character-goods,23,오버액션토끼 에코백,Overaction Rabbit Eco Bag,오버액션토끼,25,11000,56,150,18460,overaction rabbit bag;korean eco bag;character tote,-15,domeggook-com;supercat-co-kr;domewiki-co-kr
character-goods,24,최고심 마우스패드,Choigosim Mouse Pad,최고심,17,7500,56,100,18460,choigosim mousepad;korean desk accessory;cute office,0,domeggook-com;ownerclan-com;onchannel-co-kr
character-goods,25,카카오프렌즈 제이지 피규어,Kakao Friends Jay-G Figure,카카오프렌즈,28,12000,57,170,18460,kakao jay-g;korean figure;character collectible,0,domeggook-com;dometopia-com;domema-com
character-goods,26,라인프렌즈 코니 인형,Line Friends Cony Plush Doll,라인프렌즈,32,15000,53,220,18460,line cony;korean plush;character doll,-2,domeggook-com;ownerclan-com;dometopia-com
character-goods,27,BT21 슈키 미니 인형,BT21 Shooky Mini Plush,BT21,18,8000,56,80,18460,bt21 shooky;kpop mini plush;bts character,0,domeggook-com;supercat-co-kr;domema-com
character-goods,28,뽀로로 워터볼,Pororo Water Ball,뽀로로,13,5500,58,150,18460,pororo waterball;korean kids toy;character souvenir,0,domeggook-com;ownerclan-com;onchannel-co-kr
character-goods,29,핑크퐁 아기 상어 컵,Pinkfong Baby Shark Cup,핑크퐁,12,5000,58,100,18460,pinkfong cup;baby shark kitchen;korean kids character,0,domeggook-com;dometopia-com;domema-com
character-goods,30,아트박스 캐릭터 파우치,Artbox Character Pouch,아트박스,16,7000,56,70,18460,artbox pouch;korean accessory;cute storage,0,domeggook-com;ownerclan-com;sellmoa-com
k-fashion,1,젠틀몬스터 선글라스,Gentle Monster Sunglasses,젠틀몬스터,250,110000,56,200,17578,gentle monster;korean eyewear;designer sunglasses,3,domeggook-com;ownerclan-com;dometopia-com
k-fashion,2,아더에러 로고 티셔츠,Ader Error Logo T-shirt,아더에러,180,80000,55,280,17578,ader error;korean streetwear;designer tee,0,domeggook-com;supercat-co-kr;domema-com
k-fashion,3,우영미 로고 후드티,Wooyoungmi Logo Hoodie,우영미,350,160000,54,450,17578,wooyoungmi;korean designer;luxury hoodie,0,domeggook-com;ownerclan-com;onchannel-co-kr
k-fashion,4,마르디 메크르디 플라워 티셔츠,Mardi Mercredi Flower T-shirt,마르디 메크르디,90,40000,56,250,17578,mardi mercredi;korean fashion;flower tee,4,domeggook-com;dometopia-com;domema-com
k-fashion,5,앤더슨벨 니트 스웨터,Andersson Bell Knit Sweater,앤더슨벨,160,75000,53,400,17578,andersson bell;korean knitwear;designer sweater,-2,domeggook-com;ownerclan-com;sellmoa-com
k-fashion,6,마뗑킴 로고 지갑,Matin Kim Logo Wallet,마뗑킴,110,50000,55,150,17578,matin kim;korean wallet;designer accessory,0,domeggook-com;dometopia-com;witaksell-com
k-fashion,7,미스치프 그래픽 티셔츠,Mischief Graphic T-shirt,미스치프,70,32000,54,260,17578,mischief;korean streetwear;graphic tee,0,domeggook-com;ownerclan-com;domemall-co-kr
k-fashion,8,기준 데님 자켓,Kijun Denim Jacket,기준,200,90000,55,480,17578,kijun;korean denim;designer jacket,0,domeggook-com;supercat-co-kr;domewiki-co-kr
k-fashion,9,떠그클럽 트랙 팬츠,Thug Club Track Pants,떠그클럽,150,70000,53,400,17578,thug club;korean streetwear;track pants,0,domeggook-com;ownerclan-com;onchannel-co-kr
k-fashion,10,포스트 아카이브 팩션 테크니컬 자켓,Post Archive Faction Technical Jacket,포스트 아카이브 팩션,450,200000,55,500,17578,paf;korean techwear;designer outerwear,0,domeggook-com;dometopia-com;domema-com
k-fashion,11,로우 클래식 셔츠,Low Classic Shirt,로우 클래식,130,60000,54,300,17578,low classic;korean minimalist;designer shirt,0,domeggook-com;sellmoa-com;witaksell-com
k-fashion,12,렉토 블레이저,Recto Blazer,렉토,280,130000,54,480,17578,recto;korean formal wear;designer blazer,0,domeggook-com;ownerclan-com;domewiki-co-kr
k-fashion,13,오소이 브로트 백,Osoi Brot Bag,오소이,300,140000,53,350,17578,osoi;korean bag;designer handbag,0,domeggook-com;dometopia-com;domemall-co-kr
k-fashion,14,유저 스웻셔츠,Youser Sweatshirt,유저,95,45000,53,380,17578,youser;korean casual;designer sweatshirt,0,domeggook-com;ownerclan-com;supercat-co-kr
k-fashion,15,기준 스커트,Kijun Skirt,기준,140,65000,54,300,17578,kijun skirt;korean designer;womens fashion,0,domeggook-com;dometopia-com;domema-com
k-fashion,16,젠틀몬스터 안경테,Gentle Monster Optical Glasses,젠틀몬스터,220,100000,55,180,17578,gentle monster glasses;korean optical;designer frames,3,domeggook-com;ownerclan-com;dometopia-com
k-fashion,17,아더에러 맨투맨,Ader Error Sweatshirt,아더에러,200,90000,55,400,17578,ader error sweatshirt;korean streetwear;designer top,0,domeggook-com;supercat-co-kr;domema-com
k-fashion,18,우영미 셔츠,Wooyoungmi Shirt,우영미,300,140000,53,350,17578,wooyoungmi shirt;korean luxury;mens designer,0,domeggook-com;ownerclan-com;onchannel-co-kr
k-fashion,19,마르디 메크르디 스웻셔츠,Mardi Mercredi Sweatshirt,마르디 메크르디,110,50000,55,380,17578,mardi mercredi sweatshirt;korean fashion;womens top,0,domeggook-com;dometopia-com;domema-com
k-fashion,20,앤더슨벨 자켓,Andersson Bell Jacket,앤더슨벨,220,100000,55,480,17578,andersson bell jacket;korean designer;outerwear,0,domeggook-com;ownerclan-com;sellmoa-com
k-fashion,21,마뗑킴 크로스백,Matin Kim Crossbody Bag,마뗑킴,150,70000,53,250,17578,matin kim bag;korean crossbody;designer bag,0,domeggook-com;dometopia-com;witaksell-com
k-fashion,22,미스치프 후드티,Mischief Hoodie,미스치프,90,40000,56,420,17578,mischief hoodie;korean streetwear;womens hoodie,0,domeggook-com;ownerclan-com;domemall-co-kr
k-fashion,23,기준 팬츠,Kijun Pants,기준,160,75000,53,400,17578,kijun pants;korean designer;womens bottoms,0,domeggook-com;supercat-co-kr;domewiki-co-kr
k-fashion,24,떠그클럽 티셔츠,Thug Club T-shirt,떠그클럽,80,37000,54,280,17578,thug club tee;korean streetwear;graphic t-shirt,0,domeggook-com;ownerclan-com;onchannel-co-kr
k-fashion,25,포스트 아카이브 팩션 팬츠,Post Archive Faction Pants,포스트 아카이브 팩션,380,170000,55,480,17578,paf pants;korean techwear;designer bottoms,0,domeggook-com;dometopia-com;domema-com
k-fashion,26,로우 클래식 코트,Low Classic Coat,로우 클래식,320,150000,53,500,17578,low classic coat;korean minimalist;designer outerwear,0,domeggook-com;sellmoa-com;witaksell-com
k-fashion,27,렉토 스커트,Recto Skirt,렉토,190,88000,54,300,17578,recto skirt;korean designer;womens skirt,0,domeggook-com;ownerclan-com;domewiki-co-kr
k-fashion,28,오소이 미니 브로트 백,Osoi Mini Brot Bag,오소이,250,115000,54,280,17578,osoi mini bag;korean designer;small handbag,0,domeggook-com;dometopia-com;domemall-co-kr
k-fashion,29,유저 후드티,Youser Hoodie,유저,120,55000,54,450,17578,youser hoodie;korean casual;designer hoodie,0,domeggook-com;ownerclan-com;supercat-co-kr
k-fashion,30,기준 탑,Kijun Top,기준,110,50000,55,250,17578,kijun top;korean designer;womens shirt,0,domeggook-com;dometopia-com;domema-com
webtoon-goods,1,네이버웹툰 굿즈 랜덤 박스,Naver Webtoon Random Goods Box,네이버웹툰,40,19000,52,300,18460,naver webtoon merch;korean webtoon;mystery box,0,domeggook-com;ownerclan-com;dometopia-com
webtoon-goods,2,카카오웹툰 캐릭터 스티커,Kakao Webtoon Character Stickers,카카오웹툰,15,6500,57,50,18460,kakao webtoon;korean stickers;webtoon characters,0,domeggook-com;supercat-co-kr;domema-com
webtoon-goods,3,웹툰프렌즈 폰케이스,Webtoon Friends Phone Case,웹툰프렌즈,25,11000,56,80,18460,webtoon phone case;korean webtoon merch;character phone,0,domeggook-com;ownerclan-com;onchannel-co-kr
webtoon-goods,4,모펀 웹툰 일러스트 포스터,Mofun Webtoon Illustration Poster,모펀,20,9000,55,100,18460,mofun;webtoon poster;korean illustration,0,domeggook-com;dometopia-com;domema-com
webtoon-goods,5,애니플러스 웹툰 아크릴 스탠드,Aniplus Webtoon Acrylic Stand,애니플러스,18,8000,56,70,18460,aniplus;webtoon standee;korean anime merch,0,domeggook-com;ownerclan-com;sellmoa-com
webtoon-goods,6,코믹존 웹툰 만화책,Comic Zone Webtoon Comic Book,코믹존,22,9500,57,200,18460,comic zone;korean comic;webtoon book,0,domeggook-com;dometopia-com;witaksell-com
webtoon-goods,7,애니메이트 웹툰 뱃지,Animate Webtoon Badge,애니메이트,10,4000,60,30,18460,animate;webtoon badge;korean merch,0,domeggook-com;ownerclan-com;domemall-co-kr
webtoon-goods,8,굿즈이즈 웹툰 캐릭터 인형,Goods Is Webtoon Character Plush,굿즈이즈,30,13000,57,250,18460,goods is;webtoon plush;korean character doll,0,domeggook-com;supercat-co-kr;domewiki-co-kr
webtoon-goods,9,마플샵 웹툰 커스텀 티셔츠,Marpple Shop Webtoon Custom T-shirt,마플샵,35,16000,54,200,18460,marpple shop;webtoon t-shirt;korean custom merch,0,domeggook-com;ownerclan-com;onchannel-co-kr
webtoon-goods,10,텀블벅 웹툰 펀딩 굿즈,Tumblbug Webtoon Funding Goods,텀블벅,45,21000,53,300,18460,tumblbug;webtoon crowdfunding;korean exclusive,0,domeggook-com;dometopia-com;domema-com
webtoon-goods,11,위드드라마 웹툰 OST 앨범,Withdrama Webtoon OST Album,위드드라마,30,13000,57,150,18460,withdrama;webtoon ost;korean soundtrack,0,domeggook-com;sellmoa-com;witaksell-com
webtoon-goods,12,디앤씨웹툰스토어 웹툰 캘린더,D&C Webtoon Store Webtoon Calendar,디앤씨웹툰스토어,20,9000,55,120,18460,d&c webtoon;webtoon calendar;korean planner,0,domeggook-com;ownerclan-com;domewiki-co-kr
webtoon-goods,13,아이디어스 웹툰 작가 콜라보 굿즈,Idus Webtoon Artist Collaboration Goods,아이디어스,50,23000,54,280,18460,idus;webtoon collaboration;korean handmade,0,domeggook-com;dometopia-com;domemall-co-kr
webtoon-goods,14,원트 웹툰 캐릭터 키링,Want Webtoon Character Keyring,원트,12,5000,58,40,18460,want;webtoon keyring;korean accessory,0,domeggook-com;ownerclan-com;supercat-co-kr
webtoon-goods,15,샵팬픽 웹툰 엽서 세트,Shoppanfic Webtoon Postcard Set,샵팬픽,10,4000,60,30,18460,shoppanfic;webtoon postcard;korean art,0,domeggook-com;dometopia-com;domema-com
webtoon-goods,16,네이버웹툰 캐릭터 머그컵,Naver Webtoon Character Mug Cup,네이버웹툰,18,8000,56,200,18460,naver webtoon mug;korean character;webtoon kitchenware,0,domeggook-com;ownerclan-com;dometopia-com
webtoon-goods,17,카카오웹툰 폰 그립톡,Kakao Webtoon Phone Grip Tok,카카오웹툰,15,6500,57,50,18460,kakao webtoon griptok;korean phone accessory;webtoon merch,0,domeggook-com;supercat-co-kr;domema-com
webtoon-goods,18,웹툰프렌즈 에코백,Webtoon Friends Eco Bag,웹툰프렌즈,28,12000,57,150,18460,webtoon eco bag;korean webtoon merch;character tote bag,0,domeggook-com;ownerclan-com;onchannel-co-kr
webtoon-goods,19,모펀 웹툰 핀 뱃지,Mofun Webtoon Pin Badge,모펀,10,4000,60,30,18460,mofun pin;webtoon badge;korean collectible,0,domeggook-com;dometopia-com;domema-com
webtoon-goods,20,애니플러스 웹툰 포토카드,Aniplus Webtoon Photo Card,애니플러스,12,5000,58,30,18460,aniplus photocard;webtoon collectible;korean merch,0,domeggook-com;ownerclan-com;sellmoa-com
webtoon-goods,21,코믹존 웹툰 노트,Comic Zone Webtoon Notebook,코믹존,15,6000,60,100,18460,comic zone notebook;korean stationery;webtoon journal,0,domeggook-com;dometopia-com;witaksell-com
webtoon-goods,22,애니메이트 웹툰 포스터,Animate Webtoon Poster,애니메이트,20,9000,55,80,18460,animate poster;webtoon art;korean illustration,0,domeggook-com;ownerclan-com;domemall-co-kr
webtoon-goods,23,굿즈이즈 웹툰 담요,Goods Is Webtoon Blanket,굿즈이즈,40,19000,52,400,18460,goods is blanket;webtoon home goods;korean character,0,domeggook-com;supercat-co-kr;domewiki-co-kr
webtoon-goods,24,마플샵 웹툰 커스텀 머그컵,Marpple Shop Webtoon Custom Mug,마플샵,22,9500,57,220,18460,marpple shop mug;webtoon custom;korean kitchenware,0,domeggook-com;ownerclan-com;onchannel-co-kr
webtoon-goods,25,텀블벅 웹툰 아트북,Tumblbug Webtoon Art Book,텀블벅,55,25000,54,450,18460,tumblbug artbook;webtoon art;korean illustration,0,domeggook-com;dometopia-com;domema-com
webtoon-goods,26,위드드라마 웹툰 캐릭터 스탠드,Withdrama Webtoon Character Stand,위드드라마,18,8000,56,70,18460,withdrama stand;webtoon display;korean merch,0,domeggook-com;sellmoa-com;witaksell-com
webtoon-goods,27,디앤씨웹툰스토어 웹툰 폰 스트랩,D&C Webtoon Store Webtoon Phone Strap,디앤씨웹툰스토어,12,5000,58,40,18460,d&c webtoon strap;webtoon phone accessory;korean character,0,domeggook-com;ownerclan-com;domewiki-co-kr
webtoon-goods,28,아이디어스 웹툰 작가 굿즈 세트,Idus Webtoon Artist Goods Set,아이디어스,60,28000,53,350,18460,idus goods set;webtoon collaboration;korean handmade,0,domeggook-com;dometopia-com;domemall-co-kr
webtoon-goods,29,원트 웹툰 뱃지 세트,Want Webtoon Badge Set,원트,15,6500,57,60,18460,want badge set;webtoon collectible;korean merch,0,domeggook-com;ownerclan-com;supercat-co-kr
webtoon-goods,30,샵팬픽 웹툰 스티커 팩,Shoppanfic Webtoon Sticker Pack,샵팬픽,10,4000,60,30,18460,shoppanfic stickers;webtoon stationery;korean art,0,domeggook-com;dometopia-com;domema-com
computer-parts,1,삼성전자 DDR4 16GB PC4-25600,Samsung DDR4 16GB PC4-25600 RAM,삼성전자,55.99,28000,49,30,170085,samsung ram;ddr4;pc memory,0,compuzone-co-kr;ownerclan-com;domeggook-com
computer-parts,2,SK하이닉스 Gold P31 M.2 NVMe SSD 1TB,SK Hynix Gold P31 M.2 NVMe SSD 1TB,SK하이닉스,99.99,50000,49,50,170085,sk hynix ssd;nvme;1tb ssd,0,icoda-co-kr;dometopia-com;domeggook-com
computer-parts,3,LG전자 울트라기어 게이밍 모니터 27인치,LG Ultragear Gaming Monitor 27 inch,LG전자,299.99,150000,49,4500,80053,lg monitor;gaming display;ultragear,0,joyzen-co-kr;sellmoa-com;domeggook-com
computer-parts,4,ABKO HACKER K660 기계식 키보드,ABKO HACKER K660 Mechanical Keyboard,ABKO,69.99,35000,50,1200,185127,abko keyboard;mechanical keyboard;gaming keyboard,0,compuzone-co-kr;ownerclan-com;domeggook-com
computer-parts,5,3RSYS L700 RGB 미들타워 케이스,3RSYS L700 RGB Mid-Tower Case,3RSYS,89.99,45000,50,7000,160,3rsys case;pc case;rgb case,0,icoda-co-kr;dometopia-com;domeggook-com
computer-parts,6,마이크로닉스 Classic II 750W 80PLUS Bronze,Micronics Classic II 750W 80PLUS Bronze PSU,마이크로닉스,79.99,40000,50,2000,3700,micronics psu;power supply;80plus bronze,0,joyzen-co-kr;sellmoa-com;domeggook-com
computer-parts,7,ZALMAN CNPS10X OPTIMA II CPU 쿨러,ZALMAN CNPS10X OPTIMA II CPU Cooler,ZALMAN,49.99,25000,50,800,3676,zalman cooler;cpu fan;pc cooling,0,compuzone-co-kr;ownerclan-com;domeggook-com
computer-parts,8,darkFlash DLM21 RGB M-ATX 케이스,darkFlash DLM21 RGB M-ATX Case,darkFlash,59.99,30000,50,5000,160,darkflash case;matx case;rgb pc case,0,icoda-co-kr;dometopia-com;domeggook-com
computer-parts,9,MAXTILL TRON G10 PRO 게이밍 마우스,MAXTILL TRON G10 PRO Gaming Mouse,MAXTILL,29.99,15000,50,150,170085,maxtill mouse;gaming mouse;pc peripheral,0,joyzen-co-kr;sellmoa-com;domeggook-com
computer-parts,10,제닉스 TITAN GC AIR 게이밍 의자,Xenics TITAN GC AIR Gaming Chair,제닉스,250,125000,50,20000,185127,xenics chair;gaming chair;ergonomic chair,0,compuzone-co-kr;ownerclan-com;domeggook-com
computer-parts,11,COX CK420 기계식 게이밍 키보드,COX CK420 Mechanical Gaming Keyboard,COX,59.99,30000,50,1000,185127,cox keyboard;gaming keyboard;mechanical keyboard,0,icoda-co-kr;dometopia-com;domeggook-com
computer-parts,12,DEEPCOOL GAMMAXX 400 XT CPU 쿨러,DEEPCOOL GAMMAXX 400 XT CPU Cooler,DEEPCOOL,39.99,20000,50,700,3676,deepcool cooler;cpu air cooler;pc cooling,0,joyzen-co-kr;sellmoa-com;domeggook-com
computer-parts,13,에너맥스 MAXPRO II 700W 80PLUS Standard,Enermax MAXPRO II 700W 80PLUS Standard PSU,에너맥스,69.99,35000,50,1800,3700,enermax psu;power supply;700w psu,0,compuzone-co-kr;ownerclan-com;domeggook-com
computer-parts,14,아이구주 HATCH 6 레인보우 미들타워 케이스,iGuju HATCH 6 Rainbow Mid-Tower Case,아이구주,79.99,40000,50,6000,160,iguju case;pc case;rainbow rgb,0,icoda-co-kr;dometopia-com;domeggook-com
computer-parts,15,이엠텍 지포스 RTX 3060 그래픽카드,EMTEK GeForce RTX 3060 Graphics Card,이엠텍,350,175000,50,1500,27386,emtek rtx;rtx 3060;graphics card,0,compuzone-co-kr;ownerclan-com;domeggook-com
computer-parts,16,삼성전자 외장하드 1TB,Samsung External Hard Drive 1TB,삼성전자,65,32500,50,200,170085,samsung hdd;external storage;1tb drive,0,supercat-co-kr;dometopia-com;domeggook-com
computer-parts,17,SK하이닉스 USB 3.0 플래시 드라이브 128GB,SK Hynix USB 3.0 Flash Drive 128GB,SK하이닉스,25,12500,50,30,170085,sk hynix usb;flash drive;128gb usb,0,domemall-co-kr;ownerclan-com;domeggook-com
computer-parts,18,LG전자 무선 마우스,LG Wireless Mouse,LG전자,19.99,10000,50,100,170085,lg mouse;wireless peripheral;computer mouse,0,enuri-com;sellmoa-com;domeggook-com
computer-parts,19,ABKO 게이밍 헤드셋,ABKO Gaming Headset,ABKO,39.99,20000,50,300,185127,abko headset;gaming audio;pc headset,0,compuzone-co-kr;ownerclan-com;domeggook-com
computer-parts,20,3RSYS CPU 쿨러,3RSYS CPU Cooler,3RSYS,45,22500,50,600,3676,3rsys cooler;cpu fan;pc cooling,0,icoda-co-kr;dometopia-com;domeggook-com
computer-parts,21,마이크로닉스 PC 케이스,Micronics PC Case,마이크로닉스,75,37500,50,6000,160,micronics case;computer chassis;mid tower,0,joyzen-co-kr;sellmoa-com;domeggook-com
computer-parts,22,ZALMAN 파워서플라이,ZALMAN Power Supply,ZALMAN,60,30000,50,1500,3700,zalman psu;pc power;atx psu,0,compuzone-co-kr;ownerclan-com;domeggook-com
computer-parts,23,darkFlash 게이밍 마우스패드,darkFlash Gaming Mouse Pad,darkFlash,15,7500,50,200,170085,darkflash mousepad;gaming mat;desk pad,0,icoda-co-kr;dometopia-com;domeggook-com
computer-parts,24,MAXTILL 게이밍 키보드,MAXTILL Gaming Keyboard,MAXTILL,49.99,25000,50,900,185127,maxtill keyboard;gaming peripheral;rgb keyboard,0,joyzen-co-kr;sellmoa-com;domeggook-com
computer-parts,25,제닉스 게이밍 책상,Xenics Gaming Desk,제닉스,180,90000,50,15000,185127,xenics desk;gaming furniture;pc desk,0,compuzone-co-kr;ownerclan-com;domeggook-com
computer-parts,26,COX 게이밍 마우스,COX Gaming Mouse,COX,25,12500,50,120,170085,cox mouse;gaming peripheral;wired mouse,0,icoda-co-kr;dometopia-com;domeggook-com
computer-parts,27,DEEPCOOL PC 케이스 팬,DEEPCOOL PC Case Fan,DEEPCOOL,12,6000,50,100,3676,deepcool fan;case cooling;rgb fan,0,joyzen-co-kr;sellmoa-com;domeggook-com
computer-parts,28,에너맥스 CPU 쿨러,Enermax CPU Cooler,에너맥스,35,17500,50,500,3676,enermax cooler;cpu fan;liquid cooler,0,compuzone-co-kr;ownerclan-com;domeggook-com
computer-parts,29,아이구주 게이밍 헤드셋 스탠드,iGuju Gaming Headset Stand,아이구주,20,10000,50,250,185127,iguju stand;headset holder;gaming accessory,0,icoda-co-kr;dometopia-com;domeggook-com
computer-parts,30,이엠텍 그래픽카드 지지대,EMTEK Graphics Card Holder,이엠텍,18,9000,50,180,170085,emtek holder;gpu support;pc accessory,0,compuzone-co-kr;ownerclan-com;domeggook-com
k-beauty-haircare,1,아모스프로페셔널 녹차실감 샴푸액,AMOS PROFESSIONAL Green Tea Feel Shampoo,아모스프로페셔널,28.5,12000,57,600,183476,amos shampoo;korean haircare;green tea,0,biz-oliveyoung-co-kr;ownerclan-com;domeggook-com
k-beauty-haircare,2,케라시스 살롱케어 앰플 트리트먼트,Kerasys Salon Care Ampoule Treatment,케라시스,15.99,6500,59,250,183476,kerasys treatment;hair ampoule;kbeauty hair,0,memebox-com;dometopia-com;domeggook-com
k-beauty-haircare,3,려 자양윤모 탈모증상완화 샴푸,Ryo Jayangyunmo Anti-Hair Loss Shampoo,려,22.99,9500,58,550,183476,ryo shampoo;anti hair loss;korean scalp care,0,hwahae-co-kr;sellmoa-com;domeggook-com
k-beauty-haircare,4,미쟝센 퍼펙트 세럼 오리지널,Mise en Scène Perfect Serum Original,미쟝센,12.99,5000,61,100,183476,mise en scene serum;hair oil;korean hair serum,0,supercat-co-kr;ownerclan-com;domeggook-com
k-beauty-haircare,5,쿤달 네이처 샴푸 일랑일랑,KUNDAL Nature Shampoo Ylang Ylang,쿤달,19.99,8000,60,700,183476,kundal shampoo;natural shampoo;ylang ylang,0,domemall-co-kr;dometopia-com;domeggook-com
k-beauty-haircare,6,닥터포헤어 폴리젠 샴푸,Dr.FORHAIR Folligen Shampoo,닥터포헤어,35,15000,57,650,183476,dr forhair;folligen shampoo;scalp care,0,biz-oliveyoung-co-kr;sellmoa-com;domeggook-com
k-beauty-haircare,7,아로마티카 로즈마리 스칼프 스케일링 샴푸,AROMATICA Rosemary Scalp Scaling Shampoo,아로마티카,24.99,10000,60,450,183476,aromatica shampoo;rosemary scalp;vegan haircare,6,styleshare-kr;ownerclan-com;domeggook-com
k-beauty-haircare,8,TS샴푸 올뉴TS샴푸,TS Shampoo All New TS Shampoo,TS샴푸,40,18000,55,750,183476,ts shampoo;anti hair loss;korean shampoo,0,hwahae-co-kr;dometopia-com;domeggook-com
k-beauty-haircare,9,어노브 딥 데미지 트리트먼트 EX,UNOVE Deep Damage Treatment EX,어노브,20,8500,57,300,183476,unove treatment;deep damage;korean hair mask,0,biz-oliveyoung-co-kr;sellmoa-com;domeggook-com
k-beauty-haircare,10,엘라스틴 퍼퓸 샴푸 퓨어 브리즈,Elastine Perfume Shampoo Pure Breeze,엘라스틴,14.99,6000,60,600,183476,elastine shampoo;perfume shampoo;korean hair,0,supercat-co-kr;ownerclan-com;domeggook-com
k-beauty-haircare,11,다슈 데일리 단백질 헤어팩,DASHU Daily Protein Hair Pack,다슈,18,7500,58,200,183476,dashu hair pack;protein treatment;korean hair mask,4,domemall-co-kr;dometopia-com;domeggook-com
k-beauty-haircare,12,달리프 베러 퍼퓸 샴푸,DALIF Better Perfume Shampoo,달리프,21,9000,57,500,183476,dalif shampoo;perfume shampoo;korean haircare,0,biz-oliveyoung-co-kr;sellmoa-com;domeggook-com
k-beauty-haircare,13,보다나 글램웨이브 봉고데기 36mm,VODANA Glamwave Curling Iron 36mm,보다나,80,35000,56,400,183476,vodana curling iron;korean hair tool;glamwave,0,styleshare-kr;ownerclan-com;domeggook-com
k-beauty-haircare,14,제니하우스 에어핏 씨솔트 스프레이,Jennyhouse Air Fit Sea Salt Spray,제니하우스,25,10000,60,200,183476,jennyhouse spray;sea salt spray;korean hair styling,0,hwahae-co-kr;dometopia-com;domeggook-com
k-beauty-haircare,15,그로우어스 두피 쿨링 토닉,GROWUS Scalp Cooling Tonic,그로우어스,29,12000,58,150,183476,growus tonic;scalp cooling;korean hair tonic,0,biz-oliveyoung-co-kr;sellmoa-com;domeggook-com
k-beauty-haircare,16,아모스프로페셔널 헤어 에센스,AMOS PROFESSIONAL Hair Essence,아모스프로페셔널,20,8000,60,100,183476,amos essence;hair treatment;korean hair oil,0,supercat-co-kr;ownerclan-com;domeggook-com
k-beauty-haircare,17,케라시스 컨디셔너,Kerasys Conditioner,케라시스,10,4000,60,500,183476,kerasys conditioner;hair care;korean beauty,0,domemall-co-kr;dometopia-com;domeggook-com
k-beauty-haircare,18,려 헤어 트리트먼트,Ryo Hair Treatment,려,16,6500,59,200,183476,ryo treatment;hair mask;korean scalp,0,biz-oliveyoung-co-kr;sellmoa-com;domeggook-com
k-beauty-haircare,19,미쟝센 헤어팩,Mise en Scène Hair Pack,미쟝센,9,3500,61,150,183476,mise en scene pack;hair mask;korean hair care,0,styleshare-kr;ownerclan-com;domeggook-com
k-beauty-haircare,20,쿤달 헤어 세럼,KUNDAL Hair Serum,쿤달,13,5000,61,80,183476,kundal serum;hair oil;korean beauty,0,hwahae-co-kr;dometopia-com;domeggook-com
k-beauty-haircare,21,닥터포헤어 두피 앰플,Dr.FORHAIR Scalp Ampoule,닥터포헤어,25,10000,60,50,183476,dr forhair ampoule;scalp treatment;hair growth,0,biz-oliveyoung-co-kr;sellmoa-com;domeggook-com
k-beauty-haircare,22,아로마티카 헤어 오일,AROMATICA Hair Oil,아로마티카,17,7000,59,60,183476,aromatica oil;hair treatment;vegan hair,0,supercat-co-kr;ownerclan-com;domeggook-com
k-beauty-haircare,23,TS샴푸 컨디셔너,TS Shampoo Conditioner,TS샴푸,28,12000,57,500,183476,ts conditioner;hair care;anti hair loss,0,domemall-co-kr;dometopia-com;domeggook-com
k-beauty-haircare,24,어노브 헤어 미스트,UNOVE Hair Mist,어노브,15,6000,60,120,183476,unove mist;hair fragrance;korean hair,0,biz-oliveyoung-co-kr;sellmoa-com;domeggook-com
k-beauty-haircare,25,엘라스틴 헤어 스프레이,Elastine Hair Spray,엘라스틴,11,4500,59,180,183476,elastine spray;hair styling;korean hairspray,0,styleshare-kr;ownerclan-com;domeggook-com
k-beauty-haircare,26,다슈 헤어 왁스,DASHU Hair Wax,다슈,14,5500,60,100,183476,dashu wax;hair styling;men's hair,0,hwahae-co-kr;dometopia-com;domeggook-com
k-beauty-haircare,27,달리프 헤어 트리트먼트,DALIF Hair Treatment,달리프,19,7500,60,250,183476,dalif treatment;hair mask;korean haircare,0,biz-oliveyoung-co-kr;sellmoa-com;domeggook-com
k-beauty-haircare,28,보다나 헤어 브러쉬,VODANA Hair Brush,보다나,22,9000,59,150,183476,vodana brush;hair styling;korean hair tool,0,supercat-co-kr;ownerclan-com;domeggook-com
k-beauty-haircare,29,제니하우스 헤어 샴푸,Jennyhouse Hair Shampoo,제니하우스,26,11000,58,400,183476,jennyhouse shampoo;korean salon;hair cleanser,0,domemall-co-kr;dometopia-com;domeggook-com
k-beauty-haircare,30,그로우어스 헤어 앰플,GROWUS Hair Ampoule,그로우어스,32,13000,59,80,183476,growus ampoule;hair growth;korean scalp care,0,biz-oliveyoung-co-kr;sellmoa-com;domeggook-com
esports-merch,1,T1 2023 월드 챔피언십 저지,T1 2023 World Championship Jersey,T1,85,38000,55,300,139973,t1 jersey;lol esports;faker merch,0,kr-riotgamesmerch-com;ownerclan-com;domeggook-com
esports-merch,2,Gen.G 로고 후드티,Gen.G Logo Hoodie,Gen.G,60,27000,55,700,139973,gen g hoodie;esports apparel;korean esports,0,smartstore-naver-com;dometopia-com;domeggook-com
esports-merch,3,DRX 팀 로고 티셔츠,DRX Team Logo T-Shirt,DRX,35,16000,54,200,139973,drx t-shirt;lol merch;esports fanwear,0,kr-riotgamesmerch-com;sellmoa-com;domeggook-com
esports-merch,4,Dplus KIA 팀 스카프,Dplus KIA Team Scarf,Dplus KIA,25,11000,56,100,139973,dplus kia scarf;esports accessory;lck merch,0,smartstore-naver-com;ownerclan-com;domeggook-com
esports-merch,5,KT Rolster 응원 타월,KT Rolster Cheering Towel,KT Rolster,20,9000,55,150,139973,kt rolster towel;esports fan gear;lck team,0,kr-riotgamesmerch-com;dometopia-com;domeggook-com
esports-merch,6,Hanwha Life Esports 마우스패드,Hanwha Life Esports Mousepad,Hanwha Life Esports,18,8000,56,120,139973,hle mousepad;esports peripheral;gaming mat,0,smartstore-naver-com;sellmoa-com;domeggook-com
esports-merch,7,LCK 로고 모자,LCK Logo Cap,LCK,30,13500,55,100,139973,lck cap;league of legends;esports hat,19,kr-riotgamesmerch-com;ownerclan-com;domeggook-com
esports-merch,8,Kwangdong Freecs 키링,Kwangdong Freecs Keychain,Kwangdong Freecs,12,5000,58,30,139973,kwangdong freecs;esports keyring;lck team merch,0,smartstore-naver-com;dometopia-com;domeggook-com
esports-merch,9,FearX 로고 머그컵,FearX Logo Mug,FearX,15,6500,57,300,139973,fearx mug;esports drinkware;team merch,0,kr-riotgamesmerch-com;sellmoa-com;domeggook-com
esports-merch,10,Nongshim RedForce 폰케이스,Nongshim RedForce Phone Case,Nongshim RedForce,22,9500,57,50,139973,nongshim redforce;esports phone case;lck merch,0,smartstore-naver-com;ownerclan-com;domeggook-com
esports-merch,11,OK BRION 팀 유니폼,OK BRION Team Uniform,OK BRION,70,30000,57,350,139973,ok brion uniform;esports jersey;lck apparel,0,kr-riotgamesmerch-com;dometopia-com;domeggook-com
esports-merch,12,Team Korea (KeSPA) 국가대표 티셔츠,Team Korea (KeSPA) National Team T-Shirt,Team Korea (KeSPA),40,18000,55,220,139973,team korea esports;kespa shirt;national team,0,smartstore-naver-com;sellmoa-com;domeggook-com
esports-merch,13,GOALSTUDIO e스포츠 콜라보 후드티,GOALSTUDIO Esports Collaboration Hoodie,GOALSTUDIO,75,34000,55,750,139973,goalstudio hoodie;esports fashion;korean apparel,0,nexonstore-com;ownerclan-com;domeggook-com
esports-merch,14,DAMWON Gaming 팀 로고 캡,DAMWON Gaming Team Logo Cap,DAMWON Gaming,30,13000,57,110,139973,damwon cap;dwg merch;lck hat,0,kr-riotgamesmerch-com;dometopia-com;domeggook-com
esports-merch,15,Liiv SANDBOX 팀 뱃지 세트,Liiv SANDBOX Team Badge Set,Liiv SANDBOX,15,6500,57,40,139973,liiv sandbox badge;esports pins;lck collectibles,0,smartstore-naver-com;sellmoa-com;domeggook-com
esports-merch,16,T1 마우스패드,T1 Mousepad,T1,20,9000,55,150,139973,t1 gaming;esports mousepad;faker peripheral,0,kr-riotgamesmerch-com;ownerclan-com;domeggook-com
esports-merch,17,Gen.G 키캡 세트,Gen.G Keycap Set,Gen.G,45,20000,56,80,139973,gen g keycaps;gaming keyboard;esports accessory,0,smartstore-naver-com;dometopia-com;domeggook-com
esports-merch,18,DRX 응원봉,DRX Lightstick,DRX,28,12000,57,180,139973,drx lightstick;esports fan item;korean esports,0,kr-riotgamesmerch-com;sellmoa-com;domeggook-com
esports-merch,19,Dplus KIA 팀 머그컵,Dplus KIA Team Mug,Dplus KIA,16,7000,56,320,139973,dplus kia mug;esports drinkware;team merch,0,smartstore-naver-com;ownerclan-com;domeggook-com
esports-merch,20,KT Rolster 폰케이스,KT Rolster Phone Case,KT Rolster,22,9500,57,60,139973,kt rolster phone;esports accessory;lck merch,0,kr-riotgamesmerch-com;dometopia-com;domeggook-com
esports-merch,21,Hanwha Life Esports 후드티,Hanwha Life Esports Hoodie,Hanwha Life Esports,65,29000,55,650,139973,hle hoodie;esports apparel;korean esports,0,smartstore-naver-com;sellmoa-com;domeggook-com
esports-merch,22,LCK 티셔츠,LCK T-Shirt,LCK,38,17000,55,210,139973,lck shirt;league of legends;esports fanwear,0,kr-riotgamesmerch-com;ownerclan-com;domeggook-com
esports-merch,23,Kwangdong Freecs 폰 그립톡,Kwangdong Freecs Phone Grip Tok,Kwangdong Freecs,14,6000,57,40,139973,kwangdong freecs;phone grip;esports accessory,0,smartstore-naver-com;dometopia-com;domeggook-com
esports-merch,24,FearX 팀 뱃지,FearX Team Badge,FearX,10,4500,55,20,139973,fearx badge;esports pin;team collectible,0,kr-riotgamesmerch-com;sellmoa-com;domeggook-com
esports-merch,25,Nongshim RedForce 키링,Nongshim RedForce Keychain,Nongshim RedForce,12,5000,58,30,139973,nongshim redforce;esports keyring;lck team merch,0,smartstore-naver-com;ownerclan-com;domeggook-com
esports-merch,26,OK BRION 팀 모자,OK BRION Team Cap,OK BRION,28,12000,57,100,139973,ok brion cap;esports hat;lck apparel,0,kr-riotgamesmerch-com;dometopia-com;domeggook-com
esports-merch,27,Team Korea (KeSPA) 팀 깃발,Team Korea (KeSPA) Team Flag,Team Korea (KeSPA),25,11000,56,150,139973,team korea flag;esports fan item;national team,0,smartstore-naver-com;sellmoa-com;domeggook-com
esports-merch,28,GOALSTUDIO e스포츠 티셔츠,GOALSTUDIO Esports T-Shirt,GOALSTUDIO,45,20000,56,250,139973,goalstudio shirt;esports fashion;korean apparel,0,nexonstore-com;ownerclan-com;domeggook-com
esports-merch,29,DAMWON Gaming 마우스패드,DAMWON Gaming Mousepad,DAMWON Gaming,20,9000,55,150,139973,damwon mousepad;dwg gaming;lck peripheral,0,kr-riotgamesmerch-com;dometopia-com;domeggook-com
esports-merch,30,Liiv SANDBOX 팀 후드티,Liiv SANDBOX Team Hoodie,Liiv SANDBOX,60,27000,55,700,139973,liiv sandbox hoodie;esports apparel;lck team,0,smartstore-naver-com;sellmoa-com;domeggook-com
figures-collectibles,1,블리츠웨이 스파이더맨 1/6 스케일 피규어,Blitzway Spider-Man 1/6 Scale Figure,블리츠웨이,350,150000,57,2500,246,blitzway spiderman;1/6 figure;korean collectible,0,figurepresso-com;ownerclan-com;domeggook-com
figures-collectibles,2,카카오프렌즈 라이언 인형,Kakao Friends Ryan Plush Doll,카카오프렌즈,30,13000,57,200,220,kakao ryan;korean plush;kakaofriends,0,smartstore-naver-com;dometopia-com;domeggook-com
figures-collectibles,3,라인프렌즈 브라운 피규어,LINE FRIENDS Brown Figure,라인프렌즈,25,11000,56,150,246,line friends brown;korean figure;line character,0,hobbypark-co-kr;sellmoa-com;domeggook-com
figures-collectibles,4,스티키몬스터랩 피규어 SML,Sticky Monster Lab Figure SML,스티키몬스터랩,40,18000,55,250,246,sml figure;sticky monster;korean designer toy,0,figurepresso-com;ownerclan-com;domeggook-com
figures-collectibles,5,BT21 타타 봉제인형,BT21 TATA Plush Doll,BT21,35,15000,57,220,220,bt21 tata;bts plush;kpop merch,0,smartstore-naver-com;dometopia-com;domeggook-com
figures-collectibles,6,쿨레인 아트토이,Coolrain Art Toy,쿨레인,120,50000,58,800,246,coolrain toy;korean art toy;designer collectible,0,hobbypark-co-kr;sellmoa-com;domeggook-com
figures-collectibles,7,모모트 페이퍼 토이,Momot Paper Toy,모모트,18,8000,56,50,246,momot paper toy;korean craft;diy figure,0,figurepresso-com;ownerclan-com;domeggook-com
figures-collectibles,8,오프로 스튜디오 피규어,Opro Studio Figure,오프로 스튜디오,90,40000,55,600,246,opro studio;korean figure;limited edition,0,smartstore-naver-com;dometopia-com;domeggook-com
figures-collectibles,9,킨키로봇 아트토이,Kinki Robot Art Toy,킨키로봇,70,30000,57,400,246,kinki robot;designer toy;korean collectible,-3,hobbypark-co-kr;sellmoa-com;domeggook-com
figures-collectibles,10,팝마트 코리아 몰리 피규어,Pop Mart Korea Molly Figure,팝마트 코리아,15,6500,57,80,246,pop mart molly;blind box;korean toy,10,figurepresso-com;ownerclan-com;domeggook-com
figures-collectibles,11,피규어프레소 한정판 피규어,Figurepresso Limited Edition Figure,피규어프레소,150,65000,57,1000,246,figurepresso;limited figure;korean anime,0,figurepresso-com;dometopia-com;domeggook-com
figures-collectibles,12,건담베이스 건프라 한정판,Gundam Base Gunpla Limited Edition,건담베이스,80,35000,56,500,246,gundam base;gunpla kit;limited gunpla,0,gundamshop-co-kr;sellmoa-com;domeggook-com
figures-collectibles,13,애니플러스샵 애니메이션 굿즈,Aniplus Shop Anime Goods,애니플러스샵,25,11000,56,100,246,aniplus shop;anime merch;korean anime,0,ownerclan-com;domeggook-com
figures-collectibles,14,초코사이다 캐릭터 피규어,Chokocider Character Figure,초코사이다,30,13000,57,180,246,chokocider figure;korean character;designer toy,0,smartstore-naver-com;dometopia-com;domeggook-com
figures-collectibles,15,토이저러스 코리아 한정판 완구,Toys R Us Korea Limited Edition Toy,토이저러스 코리아,50,22000,56,300,246,toysrus korea;limited toy;korean exclusive,0,sellmoa-com;domeggook-com
figures-collectibles,16,블리츠웨이 스태츄,Blitzway Statue,블리츠웨이,400,180000,55,3000,246,blitzway statue;premium collectible;korean figure,-13,figurepresso-com;ownerclan-com;domeggook-com
figures-collectibles,17,카카오프렌즈 폰케이스,Kakao Friends Phone Case,카카오프렌즈,20,9000,55,50,220,kakao phone case;korean character;ryan case,0,smartstore-naver-com;dometopia-com;domeggook-com
figures-collectibles,18,라인프렌즈 굿즈,LINE FRIENDS Goods,라인프렌즈,15,6500,57,100,246,line friends merch;korean gifts;brown sally,0,hobbypark-co-kr;sellmoa-com;domeggook-com
figures-collectibles,19,스티키몬스터랩 컵,Sticky Monster Lab Cup,스티키몬스터랩,25,11000,56,300,246,sml cup;designer mug;korean design,0,figurepresso-com;ownerclan-com;domeggook-com
figures-collectibles,20,BT21 쿠션,BT21 Cushion,BT21,40,18000,55,400,220,bt21 cushion;bts character;kpop pillow,0,smartstore-naver-com;dometopia-com;domeggook-com
figures-collectibles,21,쿨레인 피규어,Coolrain Figure,쿨레인,100,45000,55,700,246,coolrain figure;korean art toy;collectible,-14,hobbypark-co-kr;sellmoa-com;domeggook-com
figures-collectibles,22,모모트 캐릭터 피규어,Momot Character Figure,모모트,20,9000,55,60,246,momot figure;paper craft;korean toy,0,figurepresso-com;ownerclan-com;domeggook-com
figures-collectibles,23,오프로 스튜디오 아트토이,Opro Studio Art Toy,오프로 스튜디오,80,35000,56,500,246,opro studio;korean art toy;designer collectible,0,smartstore-naver-com;dometopia-com;domeggook-com
figures-collectibles,24,킨키로봇 블라인드 박스,Kinki Robot Blind Box,킨키로봇,22,9500,57,100,246,kinki robot;blind box;korean designer toy,0,hobbypark-co-kr;sellmoa-com;domeggook-com
figures-collectibles,25,팝마트 코리아 피규어,Pop Mart Korea Figure,팝마트 코리아,16,7000,56,90,246,pop mart figure;korean toy;collectible figure,0,figurepresso-com;ownerclan-com;domeggook-com
figures-collectibles,26,피규어프레소 굿즈,Figurepresso Goods,피규어프레소,18,8000,56,120,246,figurepresso;anime merch;korean collectible,0,figurepresso-com;dometopia-com;domeggook-com
figures-collectibles,27,건담베이스 건프라,Gundam Base Gunpla,건담베이스,40,18000,55,300,246,gundam base;gunpla model;bandai kit,0,gundamshop-co-kr;sellmoa-com;domeggook-com
figures-collectibles,28,애니플러스샵 피규어,Aniplus Shop Figure,애니플러스샵,60,27000,55,400,246,aniplus figure;anime collectible;korean anime,0,ownerclan-com;domeggook-com
figures-collectibles,29,초코사이다 아트토이,Chokocider Art Toy,초코사이다,35,15000,57,200,246,chokocider art toy;korean designer toy;character figure,0,smartstore-naver-com;dometopia-com;domeggook-com
figures-collectibles,30,토이저러스 코리아 캐릭터 인형,Toys R Us Korea Character Plush,토이저러스 코리아,28,12000,57,250,220,toysrus plush;korean character;soft toy,-4,sellmoa-com;domeggook-com
smartphone-acc,1,슈피겐 아이폰 15 맥세이프 케이스,Spigen iPhone 15 MagSafe Case,슈피겐,29.99,12000,60,80,9394,spigen magsafe;iphone 15 case;korean phone case,0,coupang-com;ownerclan-com;domeggook-com
smartphone-acc,2,링케 갤럭시 S24 울트라 투명 케이스,Ringke Galaxy S24 Ultra Clear Case,링케,18.99,7500,60,60,9394,ringke clear case;galaxy s24 ultra;korean phone accessory,0,gmarket-co-kr;dometopia-com;domeggook-com
smartphone-acc,3,신지모루 맥세이프 카드지갑,Sinjimoru MagSafe Card Wallet,신지모루,22.5,9000,60,50,9394,sinjimoru magsafe;card wallet;korean phone accessory,4,phonecase-dome-com;sellmoa-com;domeggook-com
smartphone-acc,4,아라리 아이폰 15 강화유리 필름,Araree iPhone 15 Tempered Glass Protector,아라리,15,6000,60,30,9394,araree screen protector;iphone 15 glass;korean accessory,0,mobiledome-co-kr;ownerclan-com;domeggook-com
smartphone-acc,5,VRS Design 갤럭시 S24 울트라 케이스,VRS Design Galaxy S24 Ultra Case,VRS Design,25,10000,60,70,9394,vrs design case;galaxy s24;korean phone cover,0,coupang-com;dometopia-com;domeggook-com
smartphone-acc,6,화이트스톤 돔글라스 갤럭시 S24 울트라 강화유리,Whitestone Dome Glass Galaxy S24 Ultra,화이트스톤,45,18000,60,100,9394,whitestone dome glass;galaxy s24 screen;uv protector,0,gmarket-co-kr;sellmoa-com;domeggook-com
smartphone-acc,7,위글위글 아이폰 15 프로 맥스 케이스,Wiggle Wiggle iPhone 15 Pro Max Case,위글위글,35,14000,60,90,9394,wiggle wiggle case;iphone 15 pro max;korean design,0,phonecase-dome-com;ownerclan-com;domeggook-com
smartphone-acc,8,디팍스 갤럭시 S24 플러스 케이스,DIPAX Galaxy S24 Plus Case,디팍스,20,8000,60,70,9394,dipax case;galaxy s24 plus;korean phone cover,0,mobiledome-co-kr;dometopia-com;domeggook-com
smartphone-acc,9,디자인스킨 아이폰 15 프로 케이스,Design Skin iPhone 15 Pro Case,디자인스킨,28,11000,61,80,9394,design skin case;iphone 15 pro;korean phone accessory,0,coupang-com;sellmoa-com;domeggook-com
smartphone-acc,10,머큐리코퍼레이션 갤럭시 S24 케이스,Mercury Corporation Galaxy S24 Case,머큐리코퍼레이션,17,6800,60,60,9394,mercury case;galaxy s24;korean phone cover,0,gmarket-co-kr;ownerclan-com;domeggook-com
smartphone-acc,11,기키 아이폰 15 프로 맥스 강화유리,Giki iPhone 15 Pro Max Tempered Glass,기키,16,6500,59,40,9394,giki screen protector;iphone 15 pro max;korean accessory,0,phonecase-dome-com;dometopia-com;domeggook-com
smartphone-acc,12,어프어프 갤럭시 S24 울트라 그립톡,EARP EARP Galaxy S24 Ultra Grip Tok,어프어프,14,5500,61,30,9394,earp earp griptok;galaxy s24 ultra;korean phone grip,0,mobiledome-co-kr;sellmoa-com;domeggook-com
smartphone-acc,13,슬래시 아이폰 15 맥세이프 카드지갑,SLASH iPhone 15 MagSafe Card Wallet,슬래시,24,9500,60,50,9394,slash magsafe wallet;iphone 15 accessory;korean wallet,0,coupang-com;ownerclan-com;domeggook-com
smartphone-acc,14,케이스뮤지엄 갤럭시 S24 케이스,Case Museum Galaxy S24 Case,케이스뮤지엄,21,8500,59,70,9394,case museum;galaxy s24 cover;korean phone case,0,gmarket-co-kr;dometopia-com;domeggook-com
smartphone-acc,15,만렙 아이폰 15 프로 맥세이프 케이스,ManLab iPhone 15 Pro MagSafe Case,만렙,27,11000,59,80,9394,manlab magsafe;iphone 15 pro;korean phone cover,0,phonecase-dome-com;sellmoa-com;domeggook-com
smartphone-acc,16,슈피겐 갤럭시 S24 울트라 케이스,Spigen Galaxy S24 Ultra Case,슈피겐,28,11000,61,80,9394,spigen galaxy;s24 ultra case;korean phone accessory,0,supercat-co-kr;ownerclan-com;domeggook-com
smartphone-acc,17,링케 아이폰 15 프로 맥스 강화유리,Ringke iPhone 15 Pro Max Tempered Glass,링케,17,7000,59,40,9394,ringke glass;iphone 15 pro max;screen protector,0,domemall-co-kr;dometopia-com;domeggook-com
smartphone-acc,18,신지모루 아이폰 15 프로 케이스,Sinjimoru iPhone 15 Pro Case,신지모루,21,8500,59,70,9394,sinjimoru case;iphone 15 pro;korean phone cover,0,coupang-com;sellmoa-com;domeggook-com
smartphone-acc,19,아라리 갤럭시 S24 울트라 케이스,Araree Galaxy S24 Ultra Case,아라리,23,9000,61,75,9394,araree case;galaxy s24 ultra;korean phone cover,0,gmarket-co-kr;ownerclan-com;domeggook-com
smartphone-acc,20,VRS Design 아이폰 15 맥세이프 카드지갑,VRS Design iPhone 15 MagSafe Card Wallet,VRS Design,26,10500,59,55,9394,vrs design magsafe;iphone 15 wallet;korean accessory,0,phonecase-dome-com;dometopia-com;domeggook-com
smartphone-acc,21,화이트스톤 아이폰 15 프로 강화유리,Whitestone iPhone 15 Pro Tempered Glass,화이트스톤,38,15000,60,90,9394,whitestone glass;iphone 15 pro;screen protector,0,mobiledome-co-kr;sellmoa-com;domeggook-com
smartphone-acc,22,위글위글 갤럭시 S24 울트라 케이스,Wiggle Wiggle Galaxy S24 Ultra Case,위글위글,32,13000,59,90,9394,wiggle wiggle galaxy;s24 ultra case;korean design,0,coupang-com;ownerclan-com;domeggook-com
smartphone-acc,23,디팍스 아이폰 15 프로 맥스 케이스,DIPAX iPhone 15 Pro Max Case,디팍스,24,9500,60,80,9394,dipax iphone case;15 pro max;korean phone cover,0,gmarket-co-kr;dometopia-com;domeggook-com
smartphone-acc,24,디자인스킨 갤럭시 S24 울트라 케이스,Design Skin Galaxy S24 Ultra Case,디자인스킨,29,11500,60,85,9394,design skin galaxy;s24 ultra;korean phone accessory,0,phonecase-dome-com;sellmoa-com;domeggook-com
smartphone-acc,25,머큐리코퍼레이션 아이폰 15 케이스,Mercury Corporation iPhone 15 Case,머큐리코퍼레이션,16,6500,59,60,9394,mercury iphone case;iphone 15;korean phone cover,0,mobiledome-co-kr;ownerclan-com;domeggook-com
smartphone-acc,26,기키 갤럭시 S24 울트라 강화유리,Giki Galaxy S24 Ultra Tempered Glass,기키,15,6000,60,35,9394,giki galaxy glass;s24 ultra screen;korean accessory,0,coupang-com;dometopia-com;domeggook-com
smartphone-acc,27,어프어프 아이폰 15 프로 그립톡,EARP EARP iPhone 15 Pro Grip Tok,어프어프,13,5000,61,30,9394,earp earp iphone;15 pro griptok;korean phone grip,0,gmarket-co-kr;sellmoa-com;domeggook-com
smartphone-acc,28,슬래시 갤럭시 S24 맥세이프 카드지갑,SLASH Galaxy S24 MagSafe Card Wallet,슬래시,23,9000,61,50,9394,slash magsafe;galaxy s24 wallet;korean accessory,0,phonecase-dome-com;ownerclan-com;domeggook-com
smartphone-acc,29,케이스뮤지엄 아이폰 15 프로 맥스 케이스,Case Museum iPhone 15 Pro Max Case,케이스뮤지엄,20,8000,60,75,9394,case museum iphone;15 pro max;korean phone cover,0,mobiledome-co-kr;dometopia-com;domeggook-com
smartphone-acc,30,만렙 갤럭시 S24 울트라 맥세이프 케이스,ManLab Galaxy S24 Ultra MagSafe Case,만렙,26,10500,59,85,9394,manlab magsafe;galaxy s24 ultra;korean phone cover,0,coupang-com;sellmoa-com;domeggook-com
auto-accessories,1,현대모비스 순정 와이퍼 블레이드,Hyundai Mobis Genuine Wiper Blade,현대모비스,25.99,12000,54,350,33678,hyundai parts;wiper blade;korean auto,1,ownerclan-com;cardome-co-kr;coupang-com
auto-accessories,2,불스원샷 연료첨가제,Bullsone Shot Fuel Additive,불스원,19.5,9500,48,400,179218,fuel additive;engine cleaner;bullsone,0,bullsonemall-com;domeggook-com;dometopia-com
auto-accessories,3,아이나비 블랙박스 QXD8000,Thinkware Dash Cam QXD8000,아이나비,280,130000,53,450,179218,dash cam;black box;inavi,0,ownerclan-com;coupang-com;domemall-co-kr
auto-accessories,4,오토앤 차량용 공기청정기,AutoN Car Air Purifier,오토앤,45,20000,55,300,179218,car air purifier;auto accessories;korean car,0,domeggook-com;dometopia-com;sellmoa-com
auto-accessories,5,메이튼 차량용 무선 충전 거치대,Mayton Car Wireless Charger Mount,메이튼,35,16000,54,250,179218,wireless charger;car mount;mayton,0,domeggook-com;coupang-com;domemall-co-kr
auto-accessories,6,파인뷰 블랙박스 LXQ500,FineVu Dash Cam LXQ500,파인뷰,150,70000,53,400,179218,dash cam;finevu;car camera,0,ownerclan-com;coupang-com;domemall-co-kr
auto-accessories,7,더클래스 차량용 방향제,The Class Car Air Freshener,더클래스,12,5000,58,100,179218,car air freshener;the class;auto scent,0,domeggook-com;sellmoa-com;dometopia-com
auto-accessories,8,기아 순정 스마트키 케이스,Kia Genuine Smart Key Case,기아 순정 액세서리,20,9000,55,80,179218,kia key case;smart key;genuine parts,0,ownerclan-com;cardome-co-kr;coupang-com
auto-accessories,9,아이로드 블랙박스 X10,IROAD Dash Cam X10,아이로드,200,95000,52,400,179218,iroad;dash cam;car dvr,0,ownerclan-com;coupang-com;domemall-co-kr
auto-accessories,10,카템 차량용 목쿠션,CARTEM Car Neck Pillow,카템,15,7000,53,200,179218,car pillow;neck support;cartem,2,domeggook-com;dometopia-com;sellmoa-com
auto-accessories,11,만도 에어컨 필터,Mando Air Conditioner Filter,만도,22,10000,55,250,33678,cabin filter;mando parts;car filter,0,ownerclan-com;cardome-co-kr;coupang-com
auto-accessories,12,카렉스 차량용 청소기,Carex Car Vacuum Cleaner,카렉스,40,18000,55,400,179218,car vacuum;carex;auto cleaner,2,carex-co-kr;domeggook-com;dometopia-com
auto-accessories,13,벤오토 차량용 햇빛가리개,BenAuto Car Sun Shade,벤오토,18,8000,56,150,179218,sun shade;car accessories;benauto,0,domeggook-com;sellmoa-com;dometopia-com
auto-accessories,14,오토크로바 차량용 핸들커버,Auto Clover Car Steering Wheel Cover,오토크로바,28,13000,54,250,179218,steering wheel cover;auto clover;car interior,0,domeggook-com;ownerclan-com;dometopia-com
auto-accessories,15,르노코리아 순정 매트,Renault Korea Genuine Car Mat,르노코리아 순정 액세서리,60,28000,53,500,179218,renault parts;car mat;genuine accessories,0,ownerclan-com;cardome-co-kr;coupang-com
auto-accessories,16,차량용 스마트폰 거치대,Car Smartphone Holder,메이튼,20,9000,55,150,179218,phone holder;car mount;auto accessory,9,domeggook-com;sellmoa-com;dometopia-com
auto-accessories,17,자동차 문콕 방지 스티커,Car Door Edge Guard,카템,8,3500,56,50,179218,door guard;car protection;auto sticker,0,domeggook-com;dometopia-com;sellmoa-com
auto-accessories,18,차량용 방향제 디퓨저,Car Air Freshener Diffuser,더클래스,15,6500,57,120,179218,car diffuser;auto scent;air freshener,-9,domeggook-com;sellmoa-com;dometopia-com
auto-accessories,19,자동차 트렁크 정리함,Car Trunk Organizer Box,카템,30,13000,57,400,179218,trunk organizer;car storage;auto interior,0,domeggook-com;coupang-com;domemall-co-kr
auto-accessories,20,차량용 컵홀더 확장기,Car Cup Holder Expander,벤오토,10,4500,55,80,179218,cup holder;car accessories;auto interior,0,domeggook-com;sellmoa-com;dometopia-com
auto-accessories,21,자동차 시트 커버,Car Seat Cover,카템,50,22000,56,500,179218,seat cover;car interior;auto protection,0,domeggook-com;ownerclan-com;dometopia-com
auto-accessories,22,차량용 목베개,Car Neck Pillow,카템,18,8000,56,200,179218,neck pillow;car comfort;auto accessory,2,domeggook-com;sellmoa-com;dometopia-com
auto-accessories,23,자동차 대시보드 커버,Car Dashboard Cover,오토크로바,35,15000,57,300,179218,dashboard cover;car interior;auto protection,0,domeggook-com;ownerclan-com;dometopia-com
auto-accessories,24,차량용 스마트폰 무선 충전기,Car Wireless Phone Charger,메이튼,30,13000,57,200,179218,wireless charger;car gadget;auto tech,0,domeggook-com;coupang-com;domemall-co-kr
auto-accessories,25,자동차 휠 클리너,Car Wheel Cleaner,불스원,15,6000,60,350,179218,wheel cleaner;car detailing;auto care,0,bullsonemall-com;domeggook-com;dometopia-com
auto-accessories,26,차량용 공기청정 필터,Car Air Purifier Filter,오토앤,25,10000,60,150,179218,air filter;car air quality;auto accessory,0,domeggook-com;dometopia-com;sellmoa-com
auto-accessories,27,자동차 유리 발수 코팅제,Car Glass Water Repellent Coating,불스원,12,5000,58,200,179218,water repellent;car glass;auto care,0,bullsonemall-com;domeggook-com;dometopia-com
auto-accessories,28,차량용 안전벨트 커버,Car Seatbelt Cover,카템,10,4000,60,70,179218,seatbelt cover;car interior;auto accessory,0,domeggook-com;sellmoa-com;dometopia-com
auto-accessories,29,자동차 흠집 제거제,Car Scratch Remover,불스원,18,7500,58,180,179218,scratch remover;car repair;auto detailing,0,bullsonemall-com;domeggook-com;dometopia-com
auto-accessories,30,차량용 LED 풋등,Car LED Footwell Lights,메이튼,25,10000,60,100,179218,led lights;car interior;auto lighting,0,domeggook-com;coupang-com;domemall-co-kr
k-beauty-makeup,1,클리오 킬커버 파운웨어 쿠션,Clio Kill Cover Founwear Cushion,클리오,28,12000,57,150,11866,clio cushion;korean foundation;kbeauty makeup,0,biz-oliveyoung-co-kr;domeggook-com;ownerclan-com
k-beauty-makeup,2,롬앤 쥬시 래스팅 틴트,Romand Juicy Lasting Tint,롬앤,15,6500,57,50,11866,romand tint;korean lip tint;juicy lasting,3,biz-oliveyoung-co-kr;domeggook-com;styleshare-kr
k-beauty-makeup,3,에뛰드 플레이 컬러 아이즈,Etude Play Color Eyes Palette,에뛰드,22,9000,59,100,11866,etude eyeshadow;korean eye makeup;play color eyes,0,biz-oliveyoung-co-kr;domeggook-com;memebox-com
k-beauty-makeup,4,페리페라 잉크 더 에어리 벨벳,Peripera Ink Airy Velvet Tint,페리페라,12,5000,58,40,11866,peripera tint;airy velvet;korean lip makeup,0,biz-oliveyoung-co-kr;domeggook-com;styleshare-kr
k-beauty-makeup,5,3CE 벨벳 립 틴트,3CE Velvet Lip Tint,3CE,19,8000,58,50,11866,3ce tint;velvet lip;korean cosmetics,1,biz-oliveyoung-co-kr;domeggook-com;memebox-com
k-beauty-makeup,6,헤라 블랙 쿠션,Hera Black Cushion,헤라,45,20000,55,180,11866,hera cushion;korean luxury;black cushion,2,biz-oliveyoung-co-kr;ownerclan-com
k-beauty-makeup,7,데이지크 섀도우 팔레트,Dasique Shadow Palette,데이지크,30,13000,57,120,11866,dasique palette;korean eyeshadow;kbeauty,4,biz-oliveyoung-co-kr;domeggook-com;styleshare-kr
k-beauty-makeup,8,웨이크메이크 소프트 블러링 아이팔레트,Wakemake Soft Blurring Eye Palette,웨이크메이크,25,11000,56,110,11866,wakemake palette;blurring eyeshadow;korean makeup,0,biz-oliveyoung-co-kr;domeggook-com;dometopia-com
k-beauty-makeup,9,어뮤즈 듀 틴트,Amuse Dew Tint,어뮤즈,20,8500,58,60,11866,amuse tint;dewy lip;korean lip tint,1,biz-oliveyoung-co-kr;domeggook-com;styleshare-kr
k-beauty-makeup,10,에스쁘아 프로 테일러 비 벨벳 쿠션,Espoir Pro Tailor Be Velvet Cushion,에스쁘아,32,14000,56,160,11866,espoir cushion;velvet foundation;korean base makeup,3,biz-oliveyoung-co-kr;domeggook-com;ownerclan-com
k-beauty-makeup,11,정샘물 에센셜 스킨 누더 쿠션,Jung Saem Mool Essential Skin Nuder Cushion,정샘물,40,18000,55,170,11866,jungsaemmool cushion;skin nuder;korean makeup artist,-2,biz-oliveyoung-co-kr;ownerclan-com
k-beauty-makeup,12,힌스 무드 인핸서 리퀴드 글로우,Hince Mood Enhancer Liquid Glow,힌스,25,11000,56,70,11866,hince glow;liquid blush;korean aesthetic,0,biz-oliveyoung-co-kr;domeggook-com;styleshare-kr
k-beauty-makeup,13,투쿨포스쿨 아트클래스 바이 로댕 쉐이딩,Too Cool For School Artclass by Rodin Shading,투쿨포스쿨,18,7500,58,80,11866,toocoolforschool shading;rodin contour;korean contour,2,biz-oliveyoung-co-kr;domeggook-com;memebox-com
k-beauty-makeup,14,라카 스무스 매트 립스틱,Laka Smooth Matte Lipstick,라카,20,8500,58,50,11866,laka lipstick;matte lip;korean gender neutral,0,biz-oliveyoung-co-kr;domeggook-com;styleshare-kr
k-beauty-makeup,15,릴리바이레드 러브빔 치크,Lilybyred Luv Beam Cheek,릴리바이레드,14,6000,57,60,11866,lilybyred blush;korean blush;luv beam,0,biz-oliveyoung-co-kr;domeggook-com;dometopia-com
k-beauty-makeup,16,K-뷰티 립 틴트,K-Beauty Lip Tint,롬앤,13,5500,58,45,11866,korean lip tint;long lasting;kbeauty,0,domeggook-com;sellmoa-com;dometopia-com
k-beauty-makeup,17,K-뷰티 아이섀도우 팔레트,K-Beauty Eyeshadow Palette,데이지크,25,10500,58,110,11866,korean eyeshadow;makeup palette;kbeauty,0,domeggook-com;ownerclan-com;dometopia-com
k-beauty-makeup,18,K-뷰티 쿠션 파운데이션,K-Beauty Cushion Foundation,클리오,30,13000,57,160,11866,korean cushion;foundation;kbeauty base,0,domeggook-com;sellmoa-com;biz-oliveyoung-co-kr
k-beauty-makeup,19,K-뷰티 블러셔,K-Beauty Blush,릴리바이레드,16,7000,56,70,11866,korean blush;cheek makeup;kbeauty,0,domeggook-com;dometopia-com;styleshare-kr
k-beauty-makeup,20,K-뷰티 아이라이너,K-Beauty Eyeliner,클리오,14,6000,57,30,11866,korean eyeliner;waterproof;kbeauty eye,0,domeggook-com;sellmoa-com;biz-oliveyoung-co-kr
k-beauty-makeup,21,K-뷰티 마스카라,K-Beauty Mascara,페리페라,15,6500,57,35,11866,korean mascara;volumizing;kbeauty eye,0,domeggook-com;dometopia-com;styleshare-kr
k-beauty-makeup,22,K-뷰티 컨실러,K-Beauty Concealer,더샘,10,4000,60,25,11866,korean concealer;full coverage;kbeauty base,0,domeggook-com;sellmoa-com;biz-oliveyoung-co-kr
k-beauty-makeup,23,K-뷰티 하이라이터,K-Beauty Highlighter,힌스,20,8500,58,60,11866,korean highlighter;glow makeup;kbeauty,0,domeggook-com;dometopia-com;styleshare-kr
k-beauty-makeup,24,K-뷰티 쉐이딩,K-Beauty Shading Powder,투쿨포스쿨,17,7000,59,75,11866,korean contour;shading makeup;kbeauty,0,domeggook-com;sellmoa-com;biz-oliveyoung-co-kr
k-beauty-makeup,25,K-뷰티 립스틱,K-Beauty Lipstick,라카,18,7500,58,40,11866,korean lipstick;matte finish;kbeauty lip,0,domeggook-com;dometopia-com;styleshare-kr
k-beauty-makeup,26,K-뷰티 메이크업 픽서,K-Beauty Makeup Fixer,에스쁘아,22,9000,59,120,11866,makeup fixer;setting spray;kbeauty,0,domeggook-com;ownerclan-com;biz-oliveyoung-co-kr
k-beauty-makeup,27,K-뷰티 아이브로우 펜슬,K-Beauty Eyebrow Pencil,에뛰드,9,3500,61,20,11866,eyebrow pencil;korean brow;kbeauty eye,0,domeggook-com;sellmoa-com;dometopia-com
k-beauty-makeup,28,K-뷰티 립글로스,K-Beauty Lip Gloss,어뮤즈,16,6500,59,50,11866,lip gloss;korean lip;kbeauty,0,domeggook-com;dometopia-com;styleshare-kr
k-beauty-makeup,29,K-뷰티 메이크업 브러쉬 세트,K-Beauty Makeup Brush Set,정샘물,35,15000,57,200,11866,makeup brush;korean tools;kbeauty accessories,0,domeggook-com;ownerclan-com
k-beauty-makeup,30,K-뷰티 파우더 팩트,K-Beauty Powder Pact,이니스프리,18,7500,58,90,11866,powder pact;korean face makeup;kbeauty,0,domeggook-com;sellmoa-com;biz-oliveyoung-co-kr
k-food,1,농심 신라면 멀티팩,Nongshim Shin Ramyun Multi-pack,농심,15,6000,60,600,18496,shin ramyun;korean ramen;nongshim,0,coupang-com;domeggook-com;sjwmart-co-kr
k-food,2,CJ제일제당 비비고 만두,CJ CheilJedang Bibigo Mandu,CJ제일제당,20,8500,58,800,18496,bibigo mandu;korean dumplings;cj food,2,coupang-com;domeggook-com;foodn-co-kr
k-food,3,오리온 초코파이,Orion Choco Pie,오리온,12,5000,58,400,18496,choco pie;korean snack;orion,3,coupang-com;domeggook-com;sjwmart-co-kr
k-food,4,오뚜기 진라면 매운맛,Ottogi Jin Ramen Spicy,오뚜기,14,5500,61,550,18496,jin ramen;ottogi;korean instant noodles,0,coupang-com;domeggook-com;ndm-kr
k-food,5,삼양 불닭볶음면,Samyang Buldak Ramen,삼양식품,16,6500,59,600,18496,buldak ramen;samyang;spicy noodles,0,coupang-com;domeggook-com;sjwmart-co-kr
k-food,6,롯데웰푸드 빼빼로,Lotte Wellfood Pepero,롯데웰푸드,10,4000,60,200,18496,pepero;korean chocolate stick;lotte,-1,coupang-com;domeggook-com;dometopia-com
k-food,7,비비고 김치,Bibigo Kimchi,비비고,25,11000,56,1000,18496,korean kimchi;bibigo;fermented food,0,coupang-com;foodn-co-kr;ndm-kr
k-food,8,빙그레 바나나맛 우유,Binggrae Banana Milk,빙그레,18,7500,58,1200,18496,banana milk;korean drink;binggrae,0,coupang-com;domeggook-com;sjwmart-co-kr
k-food,9,해태 허니버터칩,Haitai Honey Butter Chip,해태,9,3800,58,150,18496,honey butter chip;korean potato chips;haitai,0,coupang-com;domeggook-com;dometopia-com
k-food,10,팔도 비빔면,Paldo Bibim Men,팔도,13,5000,61,500,18496,bibim men;korean cold noodles;paldo,0,coupang-com;domeggook-com;sjwmart-co-kr
k-food,11,크라운 버터와플,Crown Butter Waffle,크라운,8,3200,60,180,18496,butter waffle;korean cookies;crown snack,0,coupang-com;domeggook-com;dometopia-com
k-food,12,청정원 순창 고추장,Chungjungone Sunchang Gochujang,청정원,18,7500,58,500,18496,gochujang;korean chili paste;chungjungone,0,coupang-com;foodn-co-kr;ndm-kr
k-food,13,동서식품 맥심 모카골드 커피믹스,Dongsuh Maxim Mocha Gold Coffee Mix,동서식품,25,10000,60,1200,18496,maxim coffee;korean coffee mix;dongsuh,0,coupang-com;domeggook-com;sjwmart-co-kr
k-food,14,백설 핫케이크 믹스,Baeksul Hotcake Mix,백설,10,4000,60,500,18496,hotcake mix;korean baking;baeksul,0,coupang-com;domeggook-com;dometopia-com
k-food,15,샘표 간장,Sempio Soy Sauce,샘표,15,6000,60,800,18496,soy sauce;korean seasoning;sempio,-2,coupang-com;foodn-co-kr;ndm-kr
k-food,16,한국 라면,Korean Ramen Noodles,농심,14,5500,61,550,18496,korean noodles;instant ramen;spicy food,0,domeggook-com;sellmoa-com;coupang-com
k-food,17,한국 과자 믹스,Korean Snack Mix,오리온,20,8000,60,700,18496,korean snacks;assorted chips;kfood,0,domeggook-com;dometopia-com;sjwmart-co-kr
k-food,18,한국 김,Korean Seaweed Snacks,비비고,10,4000,60,100,18496,korean seaweed;gim snack;healthy snack,0,domeggook-com;foodn-co-kr;coupang-com
k-food,19,한국 커피믹스,Korean Coffee Mix,동서식품,18,7500,58,800,18496,korean coffee;instant coffee;maxim,0,domeggook-com;sellmoa-com;sjwmart-co-kr
k-food,20,한국 소스 세트,Korean Sauce Set,청정원,25,10000,60,1500,18496,korean sauce;gochujang;soy sauce,0,domeggook-com;foodn-co-kr;ndm-kr
k-food,21,한국 차 (녹차),Korean Green Tea,동서식품,12,5000,58,200,18496,korean tea;green tea;healthy drink,0,domeggook-com;dometopia-com;coupang-com
k-food,22,한국 떡볶이 밀키트,Korean Tteokbokki Meal Kit,오뚜기,16,6500,59,700,18496,tteokbokki;korean street food;meal kit,0,domeggook-com;foodn-co-kr;coupang-com
k-food,23,한국 김치찌개 양념,Korean Kimchi Stew Seasoning,청정원,10,4000,60,300,18496,kimchi stew;korean seasoning;cooking paste,0,domeggook-com;ndm-kr;coupang-com
k-food,24,한국 전통 과자 (약과),Korean Traditional Snack (Yakgwa),롯데웰푸드,15,6000,60,300,18496,yakgwa;korean dessert;traditional snack,0,domeggook-com;dometopia-com;sjwmart-co-kr
k-food,25,한국 냉면 육수,Korean Naengmyeon Broth,CJ제일제당,12,5000,58,500,18496,naengmyeon;korean cold noodles;broth,0,domeggook-com;foodn-co-kr;coupang-com
k-food,26,한국 고구마 말랭이,Korean Dried Sweet Potato,청정원,9,3500,61,150,18496,dried sweet potato;korean healthy snack;natural snack,0,domeggook-com;sellmoa-com;dometopia-com
k-food,27,한국 컵밥,Korean Cupbap,CJ제일제당,11,4500,59,300,18496,cupbap;korean instant meal;convenience food,0,domeggook-com;coupang-com;sjwmart-co-kr
k-food,28,한국 식혜 (전통 음료),Korean Sikhye (Traditional Rice Punch),빙그레,14,5500,61,1000,18496,sikhye;korean drink;rice punch,0,domeggook-com;dometopia-com;coupang-com
k-food,29,한국 짜장라면,Korean Jjajang Ramen,농심,15,6000,60,600,18496,jjajang ramen;black bean noodles;korean instant food,0,domeggook-com;sjwmart-co-kr;coupang-com
k-food,30,한국 쌈장,Korean Ssamjang (Dipping Sauce),청정원,10,4000,60,250,18496,ssamjang;korean dipping sauce;bbq sauce,0,domeggook-com;foodn-co-kr;ndm-kr
k-stationery,1,모나미 153 볼펜 세트,Monami 153 Ballpoint Pen Set,모나미,12,5000,58,80,18502,monami pen;korean stationery;ballpoint pen,2,domeggook-com;alpha-co-kr;munguya-com
k-stationery,2,아트박스 캐릭터 스티커,Artbox Character Stickers,아트박스,8,3500,56,30,18502,artbox stickers;korean planner;cute stationery,0,domeggook-com;sellmoa-com;dometopia-com
k-stationery,3,모닝글로리 노트 세트,Morning Glory Notebook Set,모닝글로리,15,6000,60,200,18502,morning glory;korean notebook;school supplies,0,morningglory-co-kr;domeggook-com;1000za-kr
k-stationery,4,핫트랙스 다이어리,Hottracks Diary Planner,핫트랙스,25,10000,60,300,18502,hottracks diary;korean planner;journal,0,domeggook-com;ownerclan-com
k-stationery,5,카카오프렌즈 볼펜,Kakao Friends Ballpoint Pen,카카오프렌즈,10,4000,60,50,18502,kakao friends;korean character;cute pen,0,domeggook-com;sellmoa-com;dometopia-com
k-stationery,6,다이소 마스킹 테이프 세트,Daiso Masking Tape Set,다이소,7,2800,60,60,18502,daiso tape;washi tape;korean craft,0,domeggook-com;dometopia-com;sellmoa-com
k-stationery,7,라인프렌즈 브라운 노트,Line Friends Brown Notebook,라인프렌즈,13,5500,58,180,18502,line friends;brown character;korean notebook,-3,domeggook-com;ownerclan-com
k-stationery,8,아이코닉 플래너,Iconic Planner,아이코닉,20,8500,58,250,18502,iconic planner;korean diary;minimalist planner,-3,domeggook-com;1000za-kr;munguya-com
k-stationery,9,라이브워크 스티커북,Livework Sticker Book,라이브워크,10,4000,60,70,18502,livework stickers;korean deco;sticker album,0,domeggook-com;sellmoa-com;dometopia-com
k-stationery,10,루카랩 다이어리,Lucalab Diary,루카랩,22,9000,59,280,18502,lucalab diary;korean planner;aesthetic journal,0,domeggook-com;ownerclan-com
k-stationery,11,오롤리데이 펜슬 케이스,Oh Lolly Day Pencil Case,오롤리데이,18,7500,58,100,18502,oh lolly day;korean pencil case;cute pouch,0,domeggook-com;sellmoa-com;dometopia-com
k-stationery,12,인디고 스크랩북,Indigo Scrapbook,인디고,16,6500,59,350,18502,indigo scrapbook;korean craft;memory book,0,domeggook-com;1000za-kr;munguya-com
k-stationery,13,어프어프 폰케이스,Earpearp Phone Case,어프어프,25,10000,60,80,18502,earpearp;korean phone case;cute design,0,domeggook-com;ownerclan-com
k-stationery,14,알파문구 컬러펜 세트,Alpha Stationery Color Pen Set,알파문구,14,5500,61,120,18502,alpha pens;korean color pens;art supplies,0,alpha-co-kr;domeggook-com;munguya-com
k-stationery,15,데일리라이크 마스킹 테이프,Dailylike Masking Tape,데일리라이크,9,3800,58,40,18502,dailylike tape;washi tape;korean deco,0,domeggook-com;sellmoa-com;dometopia-com
k-stationery,16,K-문구 다이어리 꾸미기 스티커,K-Stationery Planner Stickers,아트박스,7,3000,57,25,18502,planner stickers;korean deco;cute stationery,0,domeggook-com;sellmoa-com;dometopia-com
k-stationery,17,K-문구 캐릭터 볼펜,K-Stationery Character Ballpoint Pen,카카오프렌즈,9,3800,58,45,18502,character pen;korean pen;cute stationery,0,domeggook-com;ownerclan-com
k-stationery,18,K-문구 젤 펜 세트,K-Stationery Gel Pen Set,모나미,10,4000,60,90,18502,gel pen;korean pens;writing supplies,0,domeggook-com;alpha-co-kr;munguya-com
k-stationery,19,K-문구 미니 노트,K-Stationery Mini Notebook,모닝글로리,6,2500,58,70,18502,mini notebook;korean stationery;pocket notebook,0,domeggook-com;morningglory-co-kr;1000za-kr
k-stationery,20,K-문구 마스킹 테이프 디스펜서,K-Stationery Washi Tape Dispenser,다이소,8,3200,60,50,18502,washi tape dispenser;korean craft;stationery tools,0,domeggook-com;dometopia-com;sellmoa-com
k-stationery,21,K-문구 데코 스티커 팩,K-Stationery Deco Sticker Pack,데일리라이크,10,4000,60,40,18502,deco stickers;korean planner;journaling supplies,0,domeggook-com;sellmoa-com;dometopia-com
k-stationery,22,K-문구 컬러 형광펜 세트,K-Stationery Color Highlighter Set,모나미,11,4500,59,80,18502,highlighter set;korean markers;study supplies,0,domeggook-com;alpha-co-kr;munguya-com
k-stationery,23,K-문구 PVC 파우치,K-Stationery PVC Pouch,오롤리데이,15,6000,60,70,18502,pvc pouch;korean stationery;cute bag,0,domeggook-com;sellmoa-com;dometopia-com
k-stationery,24,K-문구 떡메모지 세트,K-Stationery Sticky Note Pad Set,아트박스,9,3500,61,100,18502,sticky notes;korean memo pad;stationery set,0,domeggook-com;dometopia-com;sellmoa-com
k-stationery,25,K-문구 캐릭터 파일 홀더,K-Stationery Character File Holder,라인프렌즈,12,5000,58,150,18502,file holder;korean character;document organizer,0,domeggook-com;ownerclan-com
k-stationery,26,K-문구 마그네틱 북마크,K-Stationery Magnetic Bookmark,아이코닉,7,2800,60,30,18502,magnetic bookmark;korean stationery;cute bookmark,0,domeggook-com;1000za-kr;munguya-com
k-stationery,27,K-문구 데스크 매트,K-Stationery Desk Mat,어프어프,20,8000,60,300,18502,desk mat;korean desk decor;stationery accessories,0,domeggook-com;ownerclan-com
k-stationery,28,K-문구 스탬프 세트,K-Stationery Stamp Set,라이브워크,13,5500,58,100,18502,stamp set;korean craft;journaling stamps,0,domeggook-com;sellmoa-com;dometopia-com
k-stationery,29,K-문구 연필깎이,K-Stationery Pencil Sharpener,모닝글로리,5,2000,60,30,18502,pencil sharpener;korean school supplies;stationery tools,0,domeggook-com;morningglory-co-kr;1000za-kr
k-stationery,30,K-문구 지우개 세트,K-Stationery Eraser Set,모나미,6,2500,58,40,18502,eraser set;korean stationery;cute erasers,0,domeggook-com;alpha-co-kr;munguya-com
inner-beauty,1,정관장 홍삼정 에브리타임,Cheong Kwan Jang Red Ginseng Extract Everytime,정관장,80,35000,56,400,11776,red ginseng;korean health;cheong kwan jang,0,ownerclan-com;hfood-co-kr
inner-beauty,2,종근당건강 락토핏 생유산균 골드,Chong Kun Dang Health Lacto-Fit Probiotics Gold,종근당건강,30,13000,57,250,11776,lactofit;korean probiotics;gut health,3,biz-oliveyoung-co-kr;domeggook-com;ckdhc-com
inner-beauty,3,고려은단 비타민C 1000,Korea Eundan Vitamin C 1000,고려은단,20,8500,58,180,11776,vitamin c;korean supplements;eundan,1,biz-oliveyoung-co-kr;domeggook-com;nutrione-co-kr
inner-beauty,4,에버콜라겐 인앤업 플러스,Evercollagen In & Up Plus,에버콜라겐,45,20000,55,300,11776,collagen supplement;korean inner beauty;evercollagen,5,biz-oliveyoung-co-kr;domeggook-com;hfood-co-kr
inner-beauty,5,바이탈뷰티 메타그린 슬림,Vitalbeautie Metagreen Slim,바이탈뷰티,50,22000,56,200,11776,diet supplement;korean weight loss;metagreen,3,biz-oliveyoung-co-kr;ownerclan-com
inner-beauty,6,비비랩 저분자 콜라겐,BB Lab Low Molecular Collagen,비비랩,35,15000,57,280,11776,low molecular collagen;korean collagen;bb lab,5,biz-oliveyoung-co-kr;domeggook-com;nutrione-co-kr
inner-beauty,7,에스더포뮬러 여에스더 유산균,Dr. Esther Formula Probiotics,에스더포뮬러,40,18000,55,220,11776,dr esther;korean probiotics;gut health,0,biz-oliveyoung-co-kr;ownerclan-com
inner-beauty,8,뉴트리코어 멀티비타민,Nutricore Multivitamin,뉴트리코어,38,16000,58,250,11776,multivitamin;korean supplements;nutricore,0,domeggook-com;hfood-co-kr;nutrione-co-kr
inner-beauty,9,GRN+ 분홍이 초록이,GRN+ Pink & Green Diet Pills,GRN+,60,25000,58,350,11776,grn plus;korean diet;weight loss,0,biz-oliveyoung-co-kr;domeggook-com;sellmoa-com
inner-beauty,10,덴프스 트루바이오틱스,Denps True Biotics,덴프스,32,14000,56,200,11776,denps;korean probiotics;true biotics,0,biz-oliveyoung-co-kr;ownerclan-com
inner-beauty,11,푸드올로지 콜레올로지 컷,Foodology Coleology Cut,푸드올로지,48,21000,56,280,11776,foodology;korean diet;coleology,0,biz-oliveyoung-co-kr;domeggook-com;sellmoa-com
inner-beauty,12,안국건강 루테인,Anguk Health Lutein,안국건강,28,12000,57,150,11776,lutein;korean eye health;anguk,0,domeggook-com;hfood-co-kr;nutrione-co-kr
inner-beauty,13,뉴트리디데이 다이어트 쉐이크,Nutri D-Day Diet Shake,뉴트리디데이,25,10000,60,450,11776,diet shake;korean meal replacement;nutri d-day,0,biz-oliveyoung-co-kr;domeggook-com;sellmoa-com
inner-beauty,14,GNM자연의품격 유기농 양배추 브로콜리 진액,GNM Natural Premium Organic Cabbage Broccoli Juice,GNM자연의품격,30,13000,57,1500,11776,cabbage juice;korean health drink;gnm,-4,ownerclan-com;hfood-co-kr
inner-beauty,15,닥터린 비오틴,Dr. Lynn Biotin,닥터린,22,9000,59,100,11776,biotin;korean hair skin nails;dr lynn,0,biz-oliveyoung-co-kr;domeggook-com;nutrione-co-kr
inner-beauty,16,K-이너뷰티 콜라겐 젤리,K-Inner Beauty Collagen Jelly,에버콜라겐,30,12000,60,300,11776,collagen jelly;korean beauty;skin health,0,domeggook-com;sellmoa-com;biz-oliveyoung-co-kr
inner-beauty,17,K-이너뷰티 유산균 스틱,K-Inner Beauty Probiotics Stick,종근당건강,25,10000,60,200,11776,probiotics stick;korean gut health;easy supplement,0,domeggook-com;ckdhc-com;biz-oliveyoung-co-kr
inner-beauty,18,K-이너뷰티 비타민C 구미,K-Inner Beauty Vitamin C Gummy,고려은단,18,7500,58,150,11776,vitamin c gummy;korean vitamins;immune support,0,domeggook-com;nutrione-co-kr;biz-oliveyoung-co-kr
inner-beauty,19,K-이너뷰티 다이어트 보조제,K-Inner Beauty Diet Aid,GRN+,40,17000,57,250,11776,diet supplement;korean weight management;slimming,0,domeggook-com;sellmoa-com;biz-oliveyoung-co-kr
inner-beauty,20,K-이너뷰티 히알루론산,K-Inner Beauty Hyaluronic Acid,비비랩,35,14000,60,180,11776,hyaluronic acid;korean skin hydration;inner beauty,0,domeggook-com;nutrione-co-kr;biz-oliveyoung-co-kr
inner-beauty,21,K-이너뷰티 오메가3,K-Inner Beauty Omega-3,뉴트리코어,32,13000,59,200,11776,omega 3;korean health;heart health,0,domeggook-com;hfood-co-kr;ownerclan-com
inner-beauty,22,K-이너뷰티 루테인 지아잔틴,K-Inner Beauty Lutein Zeaxanthin,안국건강,28,11000,61,120,11776,lutein;zeaxanthin;korean eye care,0,domeggook-com;nutrione-co-kr;biz-oliveyoung-co-kr
inner-beauty,23,K-이너뷰티 밀크씨슬,K-Inner Beauty Milk Thistle,뉴트리코어,25,10000,60,150,11776,milk thistle;korean liver health;detox,0,domeggook-com;hfood-co-kr;ownerclan-com
inner-beauty,24,K-이너뷰티 석류 콜라겐,K-Inner Beauty Pomegranate Collagen,에버콜라겐,38,16000,58,320,11776,pomegranate collagen;korean anti aging;skin elasticity,0,domeggook-com;sellmoa-com;biz-oliveyoung-co-kr
inner-beauty,25,K-이너뷰티 글루타치온,K-Inner Beauty Glutathione,닥터린,42,18000,57,180,11776,glutathione;korean skin brightening;antioxidant,0,domeggook-com;nutrione-co-kr;biz-oliveyoung-co-kr
inner-beauty,26,K-이너뷰티 칼슘 마그네슘 비타민D,K-Inner Beauty Calcium Magnesium Vitamin D,고려은단,20,8000,60,220,11776,calcium magnesium;vitamin d;korean bone health,0,domeggook-com;hfood-co-kr;ownerclan-com
inner-beauty,27,K-이너뷰티 효소,K-Inner Beauty Enzyme Supplement,GNM자연의품격,28,11000,61,250,11776,enzyme supplement;korean digestion;natural enzymes,0,domeggook-com;sellmoa-com
inner-beauty,28,K-이너뷰티 가르시니아,K-Inner Beauty Garcinia Cambogia,푸드올로지,35,14000,60,200,11776,garcinia;korean diet pill;fat burner,0,domeggook-com;biz-oliveyoung-co-kr;sellmoa-com
inner-beauty,29,K-이너뷰티 이너뷰티 앰플,K-Inner Beauty Inner Beauty Ampoule,바이탈뷰티,55,23000,58,300,11776,inner beauty ampoule;korean skin care;drinkable collagen,0,domeggook-com;ownerclan-com
inner-beauty,30,K-이너뷰티 녹용,K-Inner Beauty Deer Antler Velvet,정관장,90,40000,56,450,11776,deer antler;korean traditional medicine;energy booster,0,domeggook-com;hfood-co-kr;ownerclan-com
k-beauty-devices,1,메디큐브 에이지알 EMS 샷,Medicube Age-R EMS Shot Device,메디큐브,250,120000,52,350,11233,k-beauty device;medicube;ems shot,0,domeggook-com;ownerclan-com;dometopia-com
k-beauty-devices,2,LG 프라엘 더마 LED 마스크,LG Pra.L Derma LED Mask,LG 프라엘,700,300000,57,450,11233,lg pra.l;led mask;skin care device,0,domeggook-com;ownerclan-com;sellmoa-com
k-beauty-devices,3,셀리턴 LED 마스크 프리미엄,Cellreturn LED Mask Premium,셀리턴,850,350000,59,480,11233,cellreturn;led therapy;anti-aging mask,0,domeggook-com;dometopia-com;supercat-co-kr
k-beauty-devices,4,바나브 UP6 멀티 디바이스,VANAV UP6 Multi Skincare Device,바나브,320,150000,53,380,11233,vanav;galvanic device;skin lifting,0,domeggook-com;ownerclan-com;domemae-com
k-beauty-devices,5,아띠베뷰티 홈케어 기기,Attibeauty Home Care Device,아띠베뷰티,280,130000,54,320,11233,attibeauty;facial massager;skin tightening,0,domeggook-com;dometopia-com;onchannel-co-kr
k-beauty-devices,6,듀얼소닉 맥시멈,Dualsonic Maximum Home HIFU Device,듀얼소닉,900,400000,55,490,11233,dualsonic;hifu device;face lifting,5,domeggook-com;ownerclan-com;domemae-com
k-beauty-devices,7,뉴스킨 갈바닉 스파 시스템 II,Nu Skin Galvanic Spa System II,뉴스킨,200,90000,55,280,11233,nu skin;galvanic spa;anti-aging,6,domeggook-com;sellmoa-com;dometopia-com
k-beauty-devices,8,세라젬 마스터 V4,Ceragem Master V4 Massage Bed,세라젬,3000,1200000,60,500,11233,ceragem;massage bed;thermal massager,0,domeggook-com;ownerclan-com;domemae-com
k-beauty-devices,9,바디프랜드 안마의자,Bodyfriend Massage Chair,바디프랜드,4000,1600000,60,500,11233,bodyfriend;massage chair;relaxation,0,domeggook-com;ownerclan-com;dometopia-com
k-beauty-devices,10,실큰 페이스타이트,Silk'n Facetite Anti-Aging Device,실큰,220,100000,54,300,11233,silk'n;rf device;skin rejuvenation,0,domeggook-com;sellmoa-com;supercat-co-kr
k-beauty-devices,11,지온메디텍 스킨케어 디바이스,Zion Meditech Skincare Device,지온메디텍,180,80000,55,250,11233,zion meditech;home beauty;skin firming,0,domeggook-com;ownerclan-com;domemae-com
k-beauty-devices,12,반코르 고주파 마사지기,Vancor RF Massager,반코르,150,70000,53,200,11233,vancor;rf skin care;face massager,0,domeggook-com;dometopia-com;onchannel-co-kr
k-beauty-devices,13,닥터이비스 갈바닉 이온 마사지기,Dr. Ivis Galvanic Ion Massager,닥터이비스,120,55000,54,180,11233,dr. ivis;ion therapy;facial cleanser,0,domeggook-com;sellmoa-com;domemae-com
k-beauty-devices,14,엘리닉 LED 마스크,Elinic LED Mask,엘리닉,400,180000,55,400,11233,elinic;led light therapy;skin rejuvenation,0,domeggook-com;ownerclan-com;dometopia-com
k-beauty-devices,15,클리앳 갈바닉 이온 부스터,Cliat Galvanic Ion Booster,클리앳,90,40000,55,150,11233,cliat;ion booster;skin absorption,0,domeggook-com;supercat-co-kr;onchannel-co-kr
k-beauty-devices,16,메디큐브 제로 모공 패드,Medicube Zero Pore Pad,메디큐브,25,10000,60,100,11233,medicube;pore pad;korean skincare,0,domeggook-com;ownerclan-com;sellmoa-com
k-beauty-devices,17,LG 프라엘 초음파 클렌저,LG Pra.L Ultrasonic Cleanser,LG 프라엘,180,80000,55,250,11233,lg pra.l;ultrasonic cleanser;deep cleansing,0,domeggook-com;dometopia-com;domemae-com
k-beauty-devices,18,셀리턴 넥클레이,Cellreturn Neckle Ray,셀리턴,350,160000,54,300,11233,cellreturn;neck care;led neck device,-2,domeggook-com;ownerclan-com;supercat-co-kr
k-beauty-devices,19,바나브 핫앤쿨 스킨 핏,VANAV Hot & Cool Skin Fit,바나브,160,75000,53,220,11233,vanav;hot cool device;skin soothing,-2,domeggook-com;sellmoa-com;onchannel-co-kr
k-beauty-devices,20,아띠베뷰티 초음파 갈바닉,Attibeauty Ultrasonic Galvanic,아띠베뷰티,140,65000,53,190,11233,attibeauty;ultrasonic device;galvanic facial,0,domeggook-com;dometopia-com;domemae-com
k-beauty-devices,21,듀얼소닉 프로페셔널,Dualsonic Professional Device,듀얼소닉,1200,500000,58,490,11233,dualsonic;hifu;professional beauty,0,domeggook-com;ownerclan-com;sellmoa-com
k-beauty-devices,22,뉴스킨 루미스파,Nu Skin ageLOC LumiSpa,뉴스킨,190,85000,55,270,11233,nu skin;lumispa;facial cleansing,0,domeggook-com;dometopia-com;supercat-co-kr
k-beauty-devices,23,세라젬 안마의자,Ceragem Massage Chair,세라젬,3500,1400000,60,500,11233,ceragem;full body massage;health device,0,domeggook-com;ownerclan-com;domemae-com
k-beauty-devices,24,바디프랜드 마사지건,Bodyfriend Massage Gun,바디프랜드,100,45000,55,300,11233,bodyfriend;massage gun;muscle recovery,0,domeggook-com;sellmoa-com;onchannel-co-kr
k-beauty-devices,25,실큰 제모기,Silk'n Hair Removal Device,실큰,280,130000,54,350,11233,silk'n;hair removal;ipl device,0,domeggook-com;dometopia-com;supercat-co-kr
k-beauty-devices,26,지온메디텍 LED 마스크,Zion Meditech LED Mask,지온메디텍,200,90000,55,300,11233,zion meditech;led mask;skin therapy,0,domeggook-com;ownerclan-com;domemae-com
k-beauty-devices,27,반코르 미니 마사지기,Vancor Mini Massager,반코르,50,20000,60,100,11233,vancor;portable massager;face care,0,domeggook-com;sellmoa-com;onchannel-co-kr
k-beauty-devices,28,닥터이비스 초음파 클렌저,Dr. Ivis Ultrasonic Cleanser,닥터이비스,80,35000,56,120,11233,dr. ivis;ultrasonic;pore cleansing,0,domeggook-com;dometopia-com;supercat-co-kr
k-beauty-devices,29,엘리닉 갈바닉 디바이스,Elinic Galvanic Device,엘리닉,150,70000,53,200,11233,elinic;galvanic;skin booster,0,domeggook-com;ownerclan-com;domemae-com
k-beauty-devices,30,클리앳 LED 미니 마스크,Cliat LED Mini Mask,클리앳,70,30000,57,100,11233,cliat;mini led mask;portable beauty,0,domeggook-com;sellmoa-com;onchannel-co-kr
camping-gear,1,코오롱스포츠 텐트,Kolon Sport Camping Tent,코오롱스포츠,300,130000,57,2500,177891,kolon sport;camping tent;outdoor gear,0,domeggook-com;ownerclan-com;campingtree-co-kr
camping-gear,2,K2 등산 배낭,K2 Hiking Backpack,K2,120,50000,58,800,177891,k2 outdoor;hiking backpack;trekking gear,0,domeggook-com;dometopia-com;campingon-co-kr
camping-gear,3,블랙야크 침낭,Blackyak Sleeping Bag,블랙야크,90,38000,58,1200,177891,blackyak;sleeping bag;camping equipment,0,domeggook-com;sellmoa-com;domemae-com
camping-gear,4,스노우피크 티타늄 컵,Snow Peak Titanium Cup,스노우피크,40,18000,55,80,177891,snow peak;titanium cup;camping mug,0,domeggook-com;ownerclan-com;supercat-co-kr
camping-gear,5,코베아 캠핑 테이블,Kovea Camping Table,코베아,80,35000,56,1500,177891,kovea;folding table;outdoor furniture,0,domeggook-com;dometopia-com;onchannel-co-kr
camping-gear,6,헬리녹스 체어원,Helinox Chair One,헬리녹스,150,65000,57,900,177891,helinox;camping chair;lightweight chair,-5,domeggook-com;ownerclan-com;domemae-com
camping-gear,7,네파 방수 자켓,Nepa Waterproof Jacket,네파,180,75000,58,400,177891,nepa;rain jacket;outdoor apparel,0,domeggook-com;sellmoa-com;campingtree-co-kr
camping-gear,8,미니멀웍스 구아바 텐트,Minimal Works Guava Tent,미니멀웍스,400,170000,57,2000,177891,minimal works;guava tent;minimalist camping,0,domeggook-com;dometopia-com;campingon-co-kr
camping-gear,9,제드코리아 캠핑 버너,ZED Korea Camping Burner,제드코리아,60,25000,58,500,177891,zed korea;camping stove;portable burner,0,domeggook-com;ownerclan-com;supercat-co-kr
camping-gear,10,카즈미 캠핑 랜턴,KZM Camping Lantern,카즈미,50,20000,60,300,177891,kzm;camping lantern;led light,11,domeggook-com;sellmoa-com;onchannel-co-kr
camping-gear,11,크레모아 캠핑 선풍기,Claymore Camping Fan,크레모아,70,30000,57,400,177891,claymore;portable fan;camping accessory,0,domeggook-com;ownerclan-com;domemae-com
camping-gear,12,아이더 등산화,Eider Hiking Shoes,아이더,130,55000,58,1000,177891,eider;hiking boots;outdoor footwear,0,domeggook-com;dometopia-com;campingtree-co-kr
camping-gear,13,노스피크 돔 텐트,Northpeak Dome Tent,노스피크,280,120000,57,2200,177891,northpeak;dome tent;family camping,0,domeggook-com;sellmoa-com;campingon-co-kr
camping-gear,14,지프 캠핑 웨건,Jeep Camping Wagon,지프,160,70000,56,3000,177891,jeep;camping wagon;utility cart,0,domeggook-com;ownerclan-com;supercat-co-kr
camping-gear,15,버팔로 캠핑 매트,Buffalo Camping Mat,버팔로,45,18000,60,700,177891,buffalo;sleeping mat;outdoor pad,-4,domeggook-com;dometopia-com;onchannel-co-kr
camping-gear,16,코오롱스포츠 등산복,Kolon Sport Hiking Apparel,코오롱스포츠,100,40000,60,300,177891,kolon sport;hiking clothes;outdoor wear,0,domeggook-com;ownerclan-com;campingtree-co-kr
camping-gear,17,K2 캠핑 의자,K2 Camping Chair,K2,70,28000,60,1000,177891,k2 outdoor;folding chair;portable seat,0,domeggook-com;dometopia-com;campingon-co-kr
camping-gear,18,블랙야크 등산 스틱,Blackyak Hiking Poles,블랙야크,50,20000,60,400,177891,blackyak;trekking poles;hiking accessories,0,domeggook-com;sellmoa-com;domemae-com
camping-gear,19,스노우피크 캠핑 주전자,Snow Peak Camping Kettle,스노우피크,60,25000,58,350,177891,snow peak;camping kettle;outdoor cooking,0,domeggook-com;ownerclan-com;supercat-co-kr
camping-gear,20,코베아 캠핑 코펠 세트,Kovea Camping Cookware Set,코베아,90,38000,58,1200,177891,kovea;cookware set;camping kitchen,0,domeggook-com;dometopia-com;onchannel-co-kr
camping-gear,21,헬리녹스 테이블원,Helinox Table One,헬리녹스,180,80000,55,1000,177891,helinox;portable table;camping gear,-5,domeggook-com;ownerclan-com;domemae-com
camping-gear,22,네파 캠핑 담요,Nepa Camping Blanket,네파,40,16000,60,500,177891,nepa;outdoor blanket;warm camping,0,domeggook-com;sellmoa-com;campingtree-co-kr
camping-gear,23,미니멀웍스 캠핑 해먹,Minimal Works Camping Hammock,미니멀웍스,70,30000,57,600,177891,minimal works;camping hammock;outdoor relaxation,0,domeggook-com;dometopia-com;campingon-co-kr
camping-gear,24,제드코리아 캠핑 아이스박스,ZED Korea Camping Cooler,제드코리아,110,45000,59,2000,177891,zed korea;camping cooler;portable fridge,0,domeggook-com;ownerclan-com;supercat-co-kr
camping-gear,25,카즈미 캠핑 화로대,KZM Camping Fire Pit,카즈미,130,55000,58,2500,177891,kzm;fire pit;outdoor cooking,0,domeggook-com;sellmoa-com;onchannel-co-kr
camping-gear,26,크레모아 캠핑 조명,Claymore Camping Light,크레모아,80,35000,56,250,177891,claymore;camping light;portable lamp,0,domeggook-com;ownerclan-com;domemae-com
camping-gear,27,아이더 캠핑 의류,Eider Camping Apparel,아이더,90,38000,58,300,177891,eider;outdoor clothing;camping fashion,0,domeggook-com;dometopia-com;campingtree-co-kr
camping-gear,28,노스피크 타프,Northpeak Tarp,노스피크,150,65000,57,1800,177891,northpeak;camping tarp;shelter,0,domeggook-com;sellmoa-com;campingon-co-kr
camping-gear,29,지프 캠핑 컵 세트,Jeep Camping Cup Set,지프,35,14000,60,200,177891,jeep;camping cups;outdoor tableware,0,domeggook-com;ownerclan-com;supercat-co-kr
camping-gear,30,버팔로 캠핑 침대,Buffalo Camping Cot,버팔로,100,42000,58,2000,177891,buffalo;camping cot;portable bed,0,domeggook-com;dometopia-com;onchannel-co-kr
kitchen-ware,1,락앤락 밀폐용기 세트,LocknLock Food Storage Container Set,락앤락,40,16000,60,800,20625,locknlock;food container;airtight storage,0,domeggook-com;ownerclan-com;dometopia-com
kitchen-ware,2,해피콜 다이아몬드 프라이팬,Happycall Diamond Frying Pan,해피콜,55,22000,60,1000,20625,happycall;frying pan;non-stick cookware,0,domeggook-com;sellmoa-com;domemae-com
kitchen-ware,3,쿠쿠 압력밥솥,Cuckoo Pressure Rice Cooker,쿠쿠,200,80000,60,3000,20625,cuckoo;rice cooker;korean kitchen,0,domeggook-com;ownerclan-com;supercat-co-kr
kitchen-ware,4,쿠첸 전기밥솥,Cuchen Electric Rice Cooker,쿠첸,180,75000,58,2800,20625,cuchen;electric cooker;multi cooker,0,domeggook-com;dometopia-com;onchannel-co-kr
kitchen-ware,5,네오플램 피카 냄비,Neoflam Fika Pot,네오플램,65,28000,57,1500,20625,neoflam;ceramic pot;korean cookware,-2,domeggook-com;sellmoa-com;domemae-com
kitchen-ware,6,키친아트 스텐 냄비 세트,Kitchen Art Stainless Steel Pot Set,키친아트,80,35000,56,2000,20625,kitchen art;stainless steel;cookware set,1,domeggook-com;ownerclan-com;supercat-co-kr
kitchen-ware,7,글라스락 유리 밀폐용기,Glasslock Glass Food Container,글라스락,30,12000,60,700,20625,glasslock;glass container;food storage,-2,domeggook-com;dometopia-com;onchannel-co-kr
kitchen-ware,8,PN풍년 압력솥,PN Poongnyun Pressure Cooker,PN풍년,100,40000,60,2500,20625,pn poongnyun;pressure cooker;kitchen appliance,-4,domeggook-com;sellmoa-com;domemae-com
kitchen-ware,9,도루코 칼 세트,Dorco Knife Set,도루코,45,18000,60,500,20625,dorco;knife set;kitchen knives,-1,domeggook-com;ownerclan-com;supercat-co-kr
kitchen-ware,10,코멕스 김치통,Komax Kimchi Container,코멕스,25,10000,60,600,20625,komax;kimchi container;food storage,0,domeggook-com;dometopia-com;onchannel-co-kr
kitchen-ware,11,퀸센스 인덕션 냄비,Queensense Induction Pot,퀸센스,50,20000,60,1200,20625,queensense;induction pot;cookware,0,domeggook-com;sellmoa-com;domemae-com
kitchen-ware,12,실리만 실리콘 조리도구,Sililman Silicone Kitchen Utensils,실리만,35,14000,60,300,20625,sililman;silicone utensils;baking tools,0,domeggook-com;ownerclan-com;supercat-co-kr
kitchen-ware,13,타파웨어 밀폐용기,Tupperware Food Container,타파웨어,20,8000,60,400,20625,tupperware;plastic container;food storage,0,domeggook-com;dometopia-com;onchannel-co-kr
kitchen-ware,14,자주 주방 수세미,JAJU Kitchen Scrubber,자주,10,4000,60,50,20625,jaju;kitchen sponge;cleaning supplies,0,domeggook-com;sellmoa-com;domemae-com
kitchen-ware,15,모던하우스 접시 세트,Modern House Plate Set,모던하우스,60,25000,58,1500,20625,modern house;dinnerware set;ceramic plates,0,domeggook-com;ownerclan-com;supercat-co-kr
kitchen-ware,16,락앤락 텀블러,LocknLock Tumbler,락앤락,20,8000,60,200,20625,locknlock;water bottle;insulated tumbler,0,domeggook-com;ownerclan-com;dometopia-com
kitchen-ware,17,해피콜 양면팬,Happycall Double Sided Pan,해피콜,70,30000,57,1800,20625,happycall;double pan;grill pan,0,domeggook-com;sellmoa-com;domemae-com
kitchen-ware,18,쿠쿠 정수기,Cuckoo Water Purifier,쿠쿠,300,120000,60,4000,20625,cuckoo;water filter;kitchen appliance,0,domeggook-com;ownerclan-com;supercat-co-kr
kitchen-ware,19,쿠첸 인덕션 레인지,Cuchen Induction Range,쿠첸,250,100000,60,3500,20625,cuchen;induction cooker;electric stove,0,domeggook-com;dometopia-com;onchannel-co-kr
kitchen-ware,20,네오플램 도마,Neoflam Cutting Board,네오플램,25,10000,60,500,20625,neoflam;cutting board;kitchen tools,0,domeggook-com;sellmoa-com;domemae-com
kitchen-ware,21,키친아트 후라이팬,Kitchen Art Frying Pan,키친아트,30,12000,60,700,20625,kitchen art;non-stick pan;cookware,1,domeggook-com;ownerclan-com;supercat-co-kr
kitchen-ware,22,글라스락 물병,Glasslock Water Bottle,글라스락,15,6000,60,300,20625,glasslock;glass bottle;beverage container,0,domeggook-com;dometopia-com;onchannel-co-kr
kitchen-ware,23,PN풍년 냄비,PN Poongnyun Pot,PN풍년,40,16000,60,1000,20625,pn poongnyun;cooking pot;stockpot,-4,domeggook-com;sellmoa-com;domemae-com
kitchen-ware,24,도루코 가위,Dorco Scissors,도루코,12,4800,60,100,20625,dorco;kitchen scissors;utility shears,-1,domeggook-com;ownerclan-com;supercat-co-kr
kitchen-ware,25,코멕스 반찬통,Komax Side Dish Container,코멕스,18,7200,60,300,20625,komax;side dish;food storage,0,domeggook-com;dometopia-com;onchannel-co-kr
kitchen-ware,26,퀸센스 프라이팬,Queensense Frying Pan,퀸센스,35,14000,60,800,20625,queensense;non-stick;kitchen pan,0,domeggook-com;sellmoa-com;domemae-com
kitchen-ware,27,실리만 실리콘 찜기,Sililman Silicone Steamer,실리만,28,11200,60,250,20625,sililman;silicone steamer;cooking accessory,-14,domeggook-com;ownerclan-com;supercat-co-kr
kitchen-ware,28,타파웨어 컵 세트,Tupperware Cup Set,타파웨어,22,8800,60,300,20625,tupperware;plastic cups;drinkware,0,domeggook-com;dometopia-com;onchannel-co-kr
kitchen-ware,29,자주 주방 장갑,JAJU Kitchen Gloves,자주,8,3200,60,80,20625,jaju;rubber gloves;dishwashing,0,domeggook-com;sellmoa-com;domemae-com
kitchen-ware,30,모던하우스 머그컵,Modern House Mug,모던하우스,15,6000,60,250,20625,modern house;ceramic mug;coffee cup,0,domeggook-com;ownerclan-com;supercat-co-kr
golf-gear,1,볼빅 비비드 골프공,Volvik Vivid Golf Balls,볼빅,35,14000,60,450,1513,volvik;golf balls;vivid colors,0,domeggook-com;ownerclan-com;dometopia-com
golf-gear,2,캘러웨이 에픽 플래시 드라이버,Callaway Epic Flash Driver,캘러웨이,400,160000,60,500,1513,callaway;golf driver;epic flash,0,domeggook-com;sellmoa-com;domemae-com
golf-gear,3,타이틀리스트 Pro V1 골프공,Titleist Pro V1 Golf Balls,타이틀리스트,50,20000,60,450,1513,titleist;pro v1;premium golf balls,0,domeggook-com;ownerclan-com;supercat-co-kr
golf-gear,4,핑 G425 드라이버,Ping G425 Driver,핑,380,150000,60,500,1513,ping;g425;golf clubs,0,domeggook-com;dometopia-com;onchannel-co-kr
golf-gear,5,테일러메이드 SIM2 드라이버,TaylorMade SIM2 Driver,테일러메이드,350,140000,60,500,1513,taylormade;sim2;golf equipment,0,domeggook-com;sellmoa-com;domemae-com
golf-gear,6,젝시오 프라임 드라이버,XXIO Prime Driver,젝시오,600,240000,60,500,1513,xxio;prime driver;luxury golf,0,domeggook-com;ownerclan-com;supercat-co-kr
golf-gear,7,풋조이 골프화,FootJoy Golf Shoes,풋조이,150,60000,60,1000,1513,footjoy;golf shoes;performance footwear,0,domeggook-com;dometopia-com;onchannel-co-kr
golf-gear,8,까스텔바작 골프웨어,Castelbajac Golf Wear,까스텔바작,120,48000,60,300,1513,castelbajac;golf apparel;fashion golf,0,domeggook-com;sellmoa-com;domemae-com
golf-gear,9,와이드앵글 골프 장갑,Wide Angle Golf Gloves,와이드앵글,25,10000,60,100,1513,wide angle;golf gloves;golf accessories,0,domeggook-com;ownerclan-com;supercat-co-kr
golf-gear,10,마제스티골프 프레스티지 아이언 세트,Majesty Golf Prestige Iron Set,마제스티골프,2000,800000,60,4000,1513,majesty golf;iron set;luxury golf clubs,0,domeggook-com;dometopia-com;onchannel-co-kr
golf-gear,11,클리브랜드 웨지,Cleveland Golf Wedge,클리브랜드,130,52000,60,400,1513,cleveland golf;golf wedge;short game,0,domeggook-com;sellmoa-com;domemae-com
golf-gear,12,팬텀 골프 모자,Phantom Golf Cap,팬텀,30,12000,60,150,1513,phantom golf;golf cap;headwear,0,domeggook-com;ownerclan-com;supercat-co-kr
golf-gear,13,레노마골프 골프웨어,Renoma Golf Apparel,레노마골프,100,40000,60,300,1513,renoma golf;golf clothing;stylish golf,0,domeggook-com;dometopia-com;onchannel-co-kr
golf-gear,14,JDX 골프 캐디백,JDX Golf Caddy Bag,JDX,250,100000,60,3000,1513,jdx golf;caddy bag;golf bag,0,domeggook-com;sellmoa-com;domemae-com
golf-gear,15,데상트골프 골프화,Descente Golf Shoes,데상트골프,180,72000,60,900,1513,descente golf;golf footwear;athletic golf,0,domeggook-com;ownerclan-com;supercat-co-kr
golf-gear,16,볼빅 골프 장갑,Volvik Golf Gloves,볼빅,20,8000,60,80,1513,volvik;golf accessories;grip,0,domeggook-com;ownerclan-com;dometopia-com
golf-gear,17,캘러웨이 골프웨어,Callaway Golf Apparel,캘러웨이,90,36000,60,250,1513,callaway;golf clothing;performance wear,0,domeggook-com;sellmoa-com;domemae-com
golf-gear,18,타이틀리스트 골프 모자,Titleist Golf Cap,타이틀리스트,30,12000,60,120,1513,titleist;golf hat;headwear,0,domeggook-com;ownerclan-com;supercat-co-kr
golf-gear,19,핑 골프백,Ping Golf Bag,핑,200,80000,60,2500,1513,ping;golf stand bag;carry bag,0,domeggook-com;dometopia-com;onchannel-co-kr
golf-gear,20,테일러메이드 골프화,TaylorMade Golf Shoes,테일러메이드,140,56000,60,800,1513,taylormade;golf footwear;spikeless,0,domeggook-com;sellmoa-com;domemae-com
golf-gear,21,젝시오 골프공,XXIO Golf Balls,젝시오,45,18000,60,450,1513,xxio;premium golf balls;soft feel,0,domeggook-com;ownerclan-com;supercat-co-kr
golf-gear,22,풋조이 골프 장갑,FootJoy Golf Gloves,풋조이,25,10000,60,80,1513,footjoy;golf accessories;leather gloves,0,domeggook-com;dometopia-com;onchannel-co-kr
golf-gear,23,까스텔바작 골프 모자,Castelbajac Golf Hat,까스텔바작,35,14000,60,150,1513,castelbajac;golf cap;designer golf,0,domeggook-com;sellmoa-com;domemae-com
golf-gear,24,와이드앵글 골프웨어,Wide Angle Golf Apparel,와이드앵글,80,32000,60,280,1513,wide angle;golf clothing;stylish golf,0,domeggook-com;ownerclan-com;supercat-co-kr
golf-gear,25,마제스티골프 골프공,Majesty Golf Balls,마제스티골프,60,24000,60,450,1513,majesty golf;premium balls;golf accessories,0,domeggook-com;dometopia-com;onchannel-co-kr
golf-gear,26,클리브랜드 골프화,Cleveland Golf Shoes,클리브랜드,110,44000,60,700,1513,cleveland golf;golf footwear;comfort shoes,0,domeggook-com;sellmoa-com;domemae-com
golf-gear,27,팬텀 골프 장갑,Phantom Golf Gloves,팬텀,18,7200,60,70,1513,phantom golf;golf accessories;grip,-21,domeggook-com;ownerclan-com;supercat-co-kr
golf-gear,28,레노마골프 골프공,Renoma Golf Balls,레노마골프,30,12000,60,450,1513,renoma golf;golf balls;distance,0,domeggook-com;dometopia-com;onchannel-co-kr
golf-gear,29,JDX 골프웨어,JDX Golf Apparel,JDX,70,28000,60,250,1513,jdx golf;golf clothing;sporty golf,0,domeggook-com;sellmoa-com;domemae-com
golf-gear,30,데상트골프 골프공,Descente Golf Balls,데상트골프,40,16000,60,450,1513,descente golf;golf balls;soft feel,0,domeggook-com;ownerclan-com;supercat-co-kr
kdrama-goods,1,카카오프렌즈 라이언 인형,Kakao Friends Ryan Plush Doll,카카오프렌즈,30,12000,60,200,220,kakao friends;ryan doll;k-pop goods,0,domeggook-com;ownerclan-com;dometopia-com
kdrama-goods,2,라인프렌즈 BT21 캐릭터 인형,LINE Friends BT21 Character Plush,라인프렌즈,40,16000,60,250,220,line friends;bt21 plush;k-pop merch,0,domeggook-com;sellmoa-com;domemae-com
kdrama-goods,3,BT21 미니 피규어 세트,BT21 Mini Figure Set,BT21,25,10000,60,150,220,bt21;mini figures;k-pop collectibles,0,domeggook-com;ownerclan-com;supercat-co-kr
kdrama-goods,4,스튜디오드래곤 드라마 OST 앨범,Studio Dragon K-Drama OST Album,스튜디오드래곤,35,14000,60,300,220,studio dragon;k-drama ost;soundtrack,0,domeggook-com;dometopia-com;onchannel-co-kr
kdrama-goods,5,메이크스타 K-POP 앨범,Makestar K-Pop Album,메이크스타,30,12000,60,300,220,makestar;k-pop album;idol merch,0,domeggook-com;sellmoa-com;domemae-com
kdrama-goods,6,위드드라마 포토카드 세트,Withdrama Photo Card Set,위드드라마,20,8000,60,50,220,withdrama;photocard;k-pop collectibles,0,domeggook-com;ownerclan-com;supercat-co-kr
kdrama-goods,7,YG SELECT 블랙핑크 굿즈,YG SELECT Blackpink Official Goods,YG SELECT,45,18000,60,200,220,yg select;blackpink merch;k-pop goods,0,domeggook-com;dometopia-com;onchannel-co-kr
kdrama-goods,8,SMTOWN &STORE EXO 응원봉,SMTOWN &STORE EXO Lightstick,SMTOWN &STORE,60,24000,60,300,220,smtown;exo lightstick;k-pop concert,0,domeggook-com;sellmoa-com;domemae-com
kdrama-goods,9,위플리 방탄소년단 앨범,Weverse Shop BTS Album,위플리,40,16000,60,350,220,weverse shop;bts album;k-pop music,0,domeggook-com;ownerclan-com;supercat-co-kr
kdrama-goods,10,코코다이브 K-POP 포스터,Kpop Store Kpop Poster,코코다이브,15,6000,60,100,220,kpop store;k-pop poster;idol decor,0,domeggook-com;dometopia-com;onchannel-co-kr
kdrama-goods,11,케이타운포유 K-POP 굿즈,Ktown4u K-Pop Merchandise,케이타운포유,25,10000,60,150,220,ktown4u;k-pop merch;official goods,0,domeggook-com;sellmoa-com;domemae-com
kdrama-goods,12,사운드웨이브 K-POP 앨범,Soundwave K-Pop Album,사운드웨이브,30,12000,60,300,220,soundwave;k-pop music;idol album,0,domeggook-com;ownerclan-com;supercat-co-kr
kdrama-goods,13,애플뮤직 K-POP 기프트 카드,Apple Music K-Pop Gift Card,애플뮤직,20,8000,60,10,220,apple music;k-pop gift;digital music,0,domeggook-com;dometopia-com;onchannel-co-kr
kdrama-goods,14,알라딘 K-POP 서적,Aladdin K-Pop Books,알라딘,25,10000,60,400,220,aladdin;k-pop book;idol magazine,0,domeggook-com;sellmoa-com;domemae-com
kdrama-goods,15,YES24 K-POP DVD,YES24 K-Pop DVD,YES24,40,16000,60,200,220,yes24;k-pop dvd;concert film,0,domeggook-com;ownerclan-com;supercat-co-kr
kdrama-goods,16,카카오프렌즈 어피치 키링,Kakao Friends Apeach Keychain,카카오프렌즈,15,6000,60,50,220,kakao friends;apeach;keychain,0,domeggook-com;ownerclan-com;dometopia-com
kdrama-goods,17,라인프렌즈 브라운 인형,LINE Friends Brown Plush Doll,라인프렌즈,30,12000,60,200,220,line friends;brown doll;cute plush,0,domeggook-com;sellmoa-com;domemae-com
kdrama-goods,18,BT21 캐릭터 펜,BT21 Character Pen,BT21,10,4000,60,30,220,bt21;character pen;stationery,0,domeggook-com;ownerclan-com;supercat-co-kr
kdrama-goods,19,스튜디오드래곤 드라마 대본집,Studio Dragon K-Drama Script Book,스튜디오드래곤,28,11200,60,500,220,studio dragon;drama script;k-drama fan,0,domeggook-com;dometopia-com;onchannel-co-kr
kdrama-goods,20,메이크스타 K-POP 포토북,Makestar K-Pop Photobook,메이크스타,40,16000,60,600,220,makestar;photobook;k-pop idol,0,domeggook-com;sellmoa-com;domemae-com
kdrama-goods,21,위드드라마 응원봉,Withdrama Lightstick,위드드라마,50,20000,60,250,220,withdrama;lightstick;k-pop concert,0,domeggook-com;ownerclan-com;supercat-co-kr
kdrama-goods,22,YG SELECT 트레저 굿즈,YG SELECT TREASURE Official Goods,YG SELECT,35,14000,60,180,220,yg select;treasure merch;k-pop group,0,domeggook-com;dometopia-com;onchannel-co-kr
kdrama-goods,23,SMTOWN &STORE NCT 앨범,SMTOWN &STORE NCT Album,SMTOWN &STORE,30,12000,60,300,220,smtown;nct album;k-pop music,0,domeggook-com;sellmoa-com;domemae-com
kdrama-goods,24,위플리 세븐틴 굿즈,Weverse Shop SEVENTEEN Merchandise,위플리,25,10000,60,150,220,weverse shop;seventeen merch;k-pop idol,0,domeggook-com;ownerclan-com;supercat-co-kr
kdrama-goods,25,코코다이브 K-POP 스티커,Kpop Store Kpop Stickers,코코다이브,8,3200,60,20,220,kpop store;k-pop stickers;decorations,0,domeggook-com;dometopia-com;onchannel-co-kr
kdrama-goods,26,케이타운포유 K-POP 포토카드,Ktown4u K-Pop Photo Cards,케이타운포유,18,7200,60,40,220,ktown4u;photocards;k-pop collectibles,0,domeggook-com;sellmoa-com;domemae-com
kdrama-goods,27,사운드웨이브 K-POP 포스터,Soundwave K-Pop Poster,사운드웨이브,15,6000,60,100,220,soundwave;k-pop poster;idol decor,0,domeggook-com;ownerclan-com;supercat-co-kr
kdrama-goods,28,알라딘 K-POP 굿즈,Aladdin K-Pop Merchandise,알라딘,20,8000,60,120,220,aladdin;k-pop merch;fan goods,0,domeggook-com;dometopia-com;onchannel-co-kr
kdrama-goods,29,YES24 K-POP 앨범,YES24 K-Pop Album,YES24,30,12000,60,300,220,yes24;k-pop album;music cd,0,domeggook-com;sellmoa-com;domemae-com
kdrama-goods,30,카카오프렌즈 춘식이 인형,Kakao Friends Chunsik Plush Doll,카카오프렌즈,32,12800,60,220,220,kakao friends;chunsik doll;k-character,0,domeggook-com;ownerclan-com;supercat-co-kr
pet-supplies,1,하림펫푸드 더리얼 그레인프리 치킨,Harim Pet Food The Real Grain Free Chicken,하림펫푸드,35.99,18000,38,1200,177701,korean dog food;grain free;harim pet,0,domeggook-com;ownerclan-com;domemae-com
pet-supplies,2,ANF 6 Free 강아지 사료,ANF 6 Free Dog Food,ANF,42.5,22000,35,1500,177701,anf dog food;korean pet food;premium dog,0,domeggook-com;ownerclan-com;domemae-com
pet-supplies,3,우리와 웰츠 습식사료,Wooriwa Welts Wet Food,우리와,28,14000,40,800,177701,korean wet food;welts;dog food,0,domeggook-com;ownerclan-com;domemae-com
pet-supplies,4,바잇미 강아지 수제간식,Biteme Handmade Dog Treats,바잇미,19.99,9500,45,250,177702,korean dog treats;handmade;biteme,0,domeggook-com;ownerclan-com;domemae-com
pet-supplies,5,아르르 츄르,Arrr Churu Cat Treats,아르르,15,6000,50,150,177702,korean cat treats;churu;arrr,0,domeggook-com;ownerclan-com;domemae-com
pet-supplies,6,페스룸 강아지 배변패드,Petroom Dog Training Pads,페스룸,25,11000,43,1000,177703,korean pet pads;dog training;petroom,0,domeggook-com;ownerclan-com;domemae-com
pet-supplies,7,하이포닉 저자극 샴푸,Hypoallergenic Pet Shampoo,하이포닉,22,9000,45,400,177704,korean pet shampoo;hypoallergenic;pet grooming,0,domeggook-com;ownerclan-com;domemae-com
pet-supplies,8,브릭브릭 강아지 장난감,Bricbric Dog Toy,브릭브릭,18,7500,48,150,177705,korean dog toy;bricbric;pet play,0,domeggook-com;ownerclan-com;domemae-com
pet-supplies,9,베럴즈 고양이 캣타워,Betterz Cat Tree Tower,베럴즈,85,40000,38,5000,177706,korean cat tree;cat tower;betterz,0,domeggook-com;ownerclan-com;domemae-com
pet-supplies,10,도그메이트 강아지 유모차,Dogmate Dog Stroller,도그메이트,120,60000,35,8000,177707,korean dog stroller;pet carrier;dogmate,0,domeggook-com;ownerclan-com;domemae-com
pet-supplies,11,강아지대통령 강아지 옷,Dog President Dog Clothes,강아지대통령,25,10000,50,200,177708,korean dog clothes;pet apparel;dog president,0,domeggook-com;ownerclan-com;domemae-com
pet-supplies,12,고양이대통령 고양이 스크래쳐,Cat President Cat Scratcher,고양이대통령,20,8000,50,500,177709,korean cat scratcher;cat president;cat toy,0,domeggook-com;ownerclan-com;domemae-com
pet-supplies,13,어바웃펫 강아지 하네스,About Pet Dog Harness,어바웃펫,29.99,13000,45,300,177710,korean dog harness;pet leash;about pet,0,domeggook-com;ownerclan-com;domemae-com
pet-supplies,14,이리온 반려동물 영양제,Irion Pet Supplements,이리온,38,19000,38,200,177711,korean pet supplements;pet health;irion,0,domeggook-com;ownerclan-com;domemae-com
pet-supplies,15,펫프렌즈 자동 급식기,Pet Friends Automatic Feeder,펫프렌즈,65,30000,40,1500,177712,korean pet feeder;auto pet food;pet friends,0,domeggook-com;ownerclan-com;domemae-com
pet-supplies,16,하림펫푸드 강아지 간식,Harim Pet Food Dog Snacks,하림펫푸드,12,5000,50,100,177702,korean dog snacks;harim treats;pet treats,0,domeggook-com;ownerclan-com;domemae-com
pet-supplies,17,ANF 고양이 사료,ANF Cat Food,ANF,39,20000,36,1200,177701,korean cat food;anf cat;premium cat food,0,domeggook-com;ownerclan-com;domemae-com
pet-supplies,18,우리와 강아지 껌,Wooriwa Dog Chews,우리와,15,6500,48,180,177702,korean dog chews;dental chews;wooriwa,0,domeggook-com;ownerclan-com;domemae-com
pet-supplies,19,바잇미 고양이 장난감,Biteme Cat Toy,바잇미,10,4000,50,80,177705,korean cat toy;biteme cat;interactive cat,-1,domeggook-com;ownerclan-com;domemae-com
pet-supplies,20,아르르 강아지 방석,Arrr Dog Cushion,아르르,45,20000,44,1000,177713,korean dog bed;pet cushion;arrr pet,0,domeggook-com;ownerclan-com;domemae-com
pet-supplies,21,페스룸 고양이 화장실,Petroom Cat Litter Box,페스룸,55,25000,42,2000,177714,korean cat litter;petroom litter;cat hygiene,0,domeggook-com;ownerclan-com;domemae-com
pet-supplies,22,하이포닉 반려동물 탈취제,Hypoallergenic Pet Deodorizer,하이포닉,18,7000,50,300,177704,korean pet deodorizer;pet odor;hypoallergenic,0,domeggook-com;ownerclan-com;domemae-com
pet-supplies,23,브릭브릭 강아지 옷,Bricbric Dog Apparel,브릭브릭,28,12000,45,180,177708,korean dog clothes;bricbric fashion;pet outfit,0,domeggook-com;ownerclan-com;domemae-com
pet-supplies,24,베럴즈 고양이 스크래쳐,Betterz Cat Scratcher,베럴즈,22,9000,47,600,177709,korean cat scratcher;betterz cat;cat furniture,0,domeggook-com;ownerclan-com;domemae-com
pet-supplies,25,도그메이트 강아지 카시트,Dogmate Dog Car Seat,도그메이트,70,32000,40,2500,177715,korean dog car seat;pet travel;dogmate safety,0,domeggook-com;ownerclan-com;domemae-com
pet-supplies,26,강아지대통령 강아지 샴푸,Dog President Dog Shampoo,강아지대통령,17,7000,48,350,177704,korean dog shampoo;pet grooming;dog president,0,domeggook-com;ownerclan-com;domemae-com
pet-supplies,27,고양이대통령 고양이 밥그릇,Cat President Cat Bowl,고양이대통령,14,5500,50,250,177716,korean cat bowl;pet feeder;cat president,0,domeggook-com;ownerclan-com;domemae-com
pet-supplies,28,어바웃펫 반려동물 물통,About Pet Portable Water Bottle,어바웃펫,16,6500,49,150,177717,korean pet water bottle;travel pet;about pet,0,domeggook-com;ownerclan-com;domemae-com
pet-supplies,29,이리온 반려동물 치약,Irion Pet Toothpaste,이리온,13,5000,50,100,177704,korean pet toothpaste;dental care;irion pet,0,domeggook-com;ownerclan-com;domemae-com
pet-supplies,30,펫프렌즈 반려동물 유모차,Pet Friends Pet Stroller,펫프렌즈,110,55000,35,7000,177707,korean pet stroller;pet carrier;pet friends,0,domeggook-com;ownerclan-com;domemae-com
fishing-gear,1,바낙스 카이젠 전동릴,Banax Kaigen Electric Reel,바낙스,350,180000,35,1500,179946,korean fishing reel;electric reel;banax,0,domeggook-com;dometopia-com;sellmoa-com
fishing-gear,2,NS블랙홀 허리케인 낚싯대,NS Blackhole Hurricane Fishing Rod,NS블랙홀,120,60000,38,400,179947,korean fishing rod;ns blackhole;spinning rod,0,domeggook-com;dometopia-com;sellmoa-com
fishing-gear,3,아피스 갯바위 낚싯대,Apis Rock Fishing Rod,아피스,90,45000,40,350,179947,korean fishing rod;rock fishing;apis,0,domeggook-com;dometopia-com;sellmoa-com
fishing-gear,4,용성 낚시줄,Yongsung Fishing Line,용성,25,10000,50,100,179948,korean fishing line;mono line;yongsung,0,domeggook-com;dometopia-com;sellmoa-com
fishing-gear,5,은성 낚시바늘 세트,Eunseong Fishing Hook Set,은성,18,7000,50,50,179949,korean fishing hooks;fishing tackle;eunseong,0,domeggook-com;dometopia-com;sellmoa-com
fishing-gear,6,JS컴퍼니 빅쏘드 낚싯대,JS Company Bixod Fishing Rod,JS컴퍼니,180,90000,38,500,179947,korean fishing rod;js company;bixod,0,domeggook-com;dometopia-com;sellmoa-com
fishing-gear,7,해동조구사 낚시가방,Haedong Jogu Fishing Bag,해동조구사,60,28000,45,1000,179950,korean fishing bag;tackle bag;haedong,0,domeggook-com;dometopia-com;sellmoa-com
fishing-gear,8,머모피 낚시복,Mermophy Fishing Suit,머모피,150,70000,40,1200,179951,korean fishing suit;fishing apparel;mermophy,0,domeggook-com;dometopia-com;sellmoa-com
fishing-gear,9,기간이즘 낚시 의자,Gigantism Fishing Chair,기간이즘,75,35000,42,2000,179952,korean fishing chair;camping chair;gigantism,0,domeggook-com;dometopia-com;sellmoa-com
fishing-gear,10,다이와 스피닝릴,Daiwa Spinning Reel,다이와,200,100000,37,600,179946,daiwa reel;spinning reel;fishing gear,0,domeggook-com;dometopia-com;sellmoa-com
fishing-gear,11,시마노 베이트릴,Shimano Baitcasting Reel,시마노,250,120000,39,550,179946,shimano reel;baitcasting reel;fishing gear,0,domeggook-com;dometopia-com;sellmoa-com
fishing-gear,12,가마가츠 낚시복,Gamkatsu Fishing Wear,가마가츠,180,85000,38,1000,179951,gamakatsu fishing;fishing apparel;waterproof,0,domeggook-com;dometopia-com;sellmoa-com
fishing-gear,13,썬라인 낚시줄,Sunline Fishing Line,썬라인,30,12000,48,120,179948,sunline fishing line;braided line;fishing gear,0,domeggook-com;dometopia-com;sellmoa-com
fishing-gear,14,듀엘 인조미끼,Duel Artificial Lure,듀엘,15,6000,50,30,179953,duel lure;fishing lure;artificial bait,0,domeggook-com;dometopia-com;sellmoa-com
fishing-gear,15,요즈리 에기,Yo-Zuri Egi Squid Jig,요즈리,20,8000,50,40,179953,yo-zuri egi;squid jig;fishing lure,0,domeggook-com;dometopia-com;sellmoa-com
fishing-gear,16,바낙스 낚시찌,Banax Fishing Float,바낙스,10,4000,50,20,179954,korean fishing float;fishing tackle;banax,0,domeggook-com;dometopia-com;sellmoa-com
fishing-gear,17,NS블랙홀 낚시용 장갑,NS Blackhole Fishing Gloves,NS블랙홀,22,9000,45,80,179955,korean fishing gloves;fishing apparel;ns blackhole,0,domeggook-com;dometopia-com;sellmoa-com
fishing-gear,18,아피스 낚시모자,Apis Fishing Hat,아피스,18,7500,48,60,179955,korean fishing hat;sun protection;apis,0,domeggook-com;dometopia-com;sellmoa-com
fishing-gear,19,용성 낚시용 칼,Yongsung Fishing Knife,용성,20,8000,50,100,179956,korean fishing knife;fillet knife;yongsung,0,domeggook-com;dometopia-com;sellmoa-com
fishing-gear,20,은성 낚시용 플라이어,Eunseong Fishing Pliers,은성,25,10000,50,150,179956,korean fishing pliers;fishing tool;eunseong,0,domeggook-com;dometopia-com;sellmoa-com
fishing-gear,21,JS컴퍼니 낚시용 랜딩넷,JS Company Fishing Landing Net,JS컴퍼니,40,18000,45,500,179957,korean landing net;fishing net;js company,0,domeggook-com;dometopia-com;sellmoa-com
fishing-gear,22,해동조구사 낚시용 아이스박스,Haedong Jogu Fishing Cooler,해동조구사,80,38000,40,3000,179958,korean fishing cooler;ice box;haedong,0,domeggook-com;dometopia-com;sellmoa-com
fishing-gear,23,머모피 낚시용 구명조끼,Mermophy Fishing Life Vest,머모피,95,45000,39,800,179959,korean fishing vest;life jacket;mermophy,0,domeggook-com;dometopia-com;sellmoa-com
fishing-gear,24,기간이즘 낚시용 헤드램프,Gigantism Fishing Headlamp,기간이즘,30,12000,48,150,179960,korean fishing light;headlamp;gigantism,0,domeggook-com;dometopia-com;sellmoa-com
fishing-gear,25,다이와 낚시용 선글라스,Daiwa Fishing Sunglasses,다이와,50,22000,45,100,179955,daiwa sunglasses;polarized;fishing eyewear,0,domeggook-com;dometopia-com;sellmoa-com
fishing-gear,26,시마노 낚시용 신발,Shimano Fishing Shoes,시마노,110,50000,40,1000,179951,shimano shoes;fishing boots;waterproof,0,domeggook-com;dometopia-com;sellmoa-com
fishing-gear,27,가마가츠 낚시용 모자,Gamakatsu Fishing Cap,가마가츠,25,10000,50,70,179955,gamakatsu cap;fishing hat;sun protection,0,domeggook-com;dometopia-com;sellmoa-com
fishing-gear,28,썬라인 낚시용 태클박스,Sunline Fishing Tackle Box,썬라인,45,20000,44,800,179950,sunline tackle box;fishing storage;gear organizer,0,domeggook-com;dometopia-com;sellmoa-com
fishing-gear,29,듀엘 낚시용 집어등,Duel Fishing Attractor Light,듀엘,35,15000,46,200,179960,duel fishing light;attractor lamp;night fishing,0,domeggook-com;dometopia-com;sellmoa-com
fishing-gear,30,요즈리 낚시용 웜,Yo-Zuri Fishing Worm Lure,요즈리,12,5000,50,25,179953,yo-zuri worm;soft bait;fishing lure,0,domeggook-com;dometopia-com;sellmoa-com
home-decor,1,모던하우스 북유럽풍 액자,Modern House Nordic Style Photo Frame,모던하우스,28,12000,45,300,1600,korean home decor;nordic frame;modern house,0,domeggook-com;ownerclan-com;dometopia-com
home-decor,2,자주 미니멀리즘 디퓨저,JAJU Minimalism Diffuser,자주,35,15000,46,250,20590,korean diffuser;minimalist decor;jaju,0,domeggook-com;ownerclan-com;dometopia-com
home-decor,3,데코뷰 암막 커튼,Decoview Blackout Curtains,데코뷰,70,32000,40,1500,20444,korean curtains;blackout decor;decoview,0,domeggook-com;ownerclan-com;dometopia-com
home-decor,4,까사미아 디자인 시계,Casamia Design Wall Clock,까사미아,55,25000,42,800,20509,korean wall clock;casamia decor;modern clock,0,domeggook-com;ownerclan-com;dometopia-com
home-decor,5,한샘 수납 정리함,Hanssem Storage Organizer Box,한샘,40,18000,44,700,20506,korean storage box;hanssem organizer;home storage,0,domeggook-com;ownerclan-com;dometopia-com
home-decor,6,리바트 거실 테이블,Livart Living Room Table,리바트,150,70000,38,5000,20485,korean coffee table;livart furniture;living room,0,domeggook-com;ownerclan-com;dometopia-com
home-decor,7,오늘의집 플랜테리어 화분,Ohouse Planterior Plant Pot,오늘의집,30,13000,47,400,20516,korean plant pot;planterior;ohouse decor,0,domeggook-com;ownerclan-com;dometopia-com
home-decor,8,집꾸미기 감성 조명,Zipggumigi Mood Lighting,집꾸미기,45,20000,44,600,20504,korean mood light;aesthetic lighting;zipggumigi,0,domeggook-com;ownerclan-com;dometopia-com
home-decor,9,마켓비 철제 선반,Market B Metal Shelf,마켓비,80,38000,40,3000,20506,korean metal shelf;industrial decor;market b,0,domeggook-com;ownerclan-com;dometopia-com
home-decor,10,룸앤홈 패브릭 포스터,Room&Home Fabric Poster,룸앤홈,22,9000,48,150,1600,korean fabric poster;wall decor;room&home,0,domeggook-com;ownerclan-com;dometopia-com
home-decor,11,바네스데코 빈티지 거울,Vanes Deco Vintage Mirror,바네스데코,65,30000,40,1800,20510,korean vintage mirror;wall mirror;vanes deco,0,domeggook-com;ownerclan-com;dometopia-com
home-decor,12,두닷 모듈 가구,Dodot Modular Furniture,두닷,180,85000,38,6000,20485,korean modular furniture;dodot design;modern furniture,0,domeggook-com;ownerclan-com;dometopia-com
home-decor,13,먼데이하우스 인테리어 소품,Monday House Interior Accessories,먼데이하우스,20,8000,50,100,20506,korean home accessories;monday house;small decor,0,domeggook-com;ownerclan-com;dometopia-com
home-decor,14,상도가구 원목 책상,Sangdo Furniture Wooden Desk,상도가구,120,55000,39,4000,20485,korean wooden desk;sangdo furniture;home office,0,domeggook-com;ownerclan-com;dometopia-com
home-decor,15,헬로우슬립 침구 세트,Hello Sleep Bedding Set,헬로우슬립,90,42000,39,2500,20443,korean bedding set;hello sleep;bedroom decor,0,domeggook-com;ownerclan-com;dometopia-com
home-decor,16,모던하우스 주방용품,Modern House Kitchenware,모던하우스,30,13000,47,500,20625,korean kitchenware;modern house;kitchen decor,0,domeggook-com;ownerclan-com;dometopia-com
home-decor,17,자주 욕실 용품,JAJU Bathroom Accessories,자주,25,10000,50,300,20593,korean bathroom decor;jaju bath;home accessories,0,domeggook-com;ownerclan-com;dometopia-com
home-decor,18,데코뷰 러그,Decoview Area Rug,데코뷰,60,28000,45,1200,20445,korean rug;area rug;decoview home,0,domeggook-com;ownerclan-com;dometopia-com
home-decor,19,까사미아 테이블 램프,Casamia Table Lamp,까사미아,48,21000,45,700,20504,korean table lamp;casamia lighting;desk lamp,0,domeggook-com;ownerclan-com;dometopia-com
home-decor,20,한샘 옷걸이,Hanssem Clothes Hanger,한샘,20,8000,50,200,20506,korean clothes hanger;hanssem storage;wardrobe,0,domeggook-com;ownerclan-com;dometopia-com
home-decor,21,리바트 침대 프레임,Livart Bed Frame,리바트,250,120000,36,10000,20485,korean bed frame;livart bedroom;furniture,0,domeggook-com;ownerclan-com;dometopia-com
home-decor,22,오늘의집 벽 선반,Ohouse Wall Shelf,오늘의집,35,15000,46,600,20506,korean wall shelf;floating shelf;ohouse decor,0,domeggook-com;ownerclan-com;dometopia-com
home-decor,23,집꾸미기 인테리어 포스터,Zipggumigi Interior Poster,집꾸미기,18,7500,48,80,1600,korean art print;wall art;zipggumigi,0,domeggook-com;ownerclan-com;dometopia-com
home-decor,24,마켓비 스툴 의자,Market B Stool Chair,마켓비,40,18000,44,1000,20485,korean stool;market b chair;small furniture,0,domeggook-com;ownerclan-com;dometopia-com
home-decor,25,룸앤홈 테이블 매트,Room&Home Table Mat,룸앤홈,15,6000,50,100,20625,korean table mat;dining decor;room&home,0,domeggook-com;ownerclan-com;dometopia-com
home-decor,26,바네스데코 서랍장,Vanes Deco Chest of Drawers,바네스데코,130,60000,38,7000,20485,korean chest drawers;vanes deco furniture;storage,0,domeggook-com;ownerclan-com;dometopia-com
home-decor,27,두닷 책장,Dodot Bookshelf,두닷,95,45000,39,4500,20485,korean bookshelf;dodot storage;home library,0,domeggook-com;ownerclan-com;dometopia-com
home-decor,28,먼데이하우스 캔들,Monday House Scented Candle,먼데이하우스,25,10000,50,200,20590,korean scented candle;monday house;home fragrance,0,domeggook-com;ownerclan-com;dometopia-com
home-decor,29,상도가구 옷장,Sangdo Furniture Wardrobe,상도가구,200,95000,38,12000,20485,korean wardrobe;sangdo closet;bedroom furniture,0,domeggook-com;ownerclan-com;dometopia-com
home-decor,30,헬로우슬립 베개 커버,Hello Sleep Pillow Cover,헬로우슬립,18,7500,48,150,20443,korean pillow cover;hello sleep;bedding,0,domeggook-com;ownerclan-com;dometopia-com
modern-hanbok,1,리슬 생활한복 원피스,Leesle Modern Hanbok Dress,리슬,85,40000,38,500,185880,korean modern hanbok;leesle dress;daily hanbok,0,domeggook-com;ownerclan-com;domemae-com
modern-hanbok,2,차이킴 철릭 원피스,Tchaikim Cheollik Dress,차이킴,120,55000,39,600,185880,korean cheollik;tchaikim dress;designer hanbok,1,domeggook-com;ownerclan-com;domemae-com
modern-hanbok,3,단하 모던 한복 저고리,Danha Modern Hanbok Jeogori,단하,70,32000,40,300,185880,korean jeogori;danha hanbok;modern top,0,domeggook-com;ownerclan-com;domemae-com
modern-hanbok,4,하플리 한복 치마,Happly Hanbok Skirt,하플리,60,28000,45,400,185880,korean hanbok skirt;happly fashion;modern chima,0,domeggook-com;ownerclan-com;domemae-com
modern-hanbok,5,서리나래 한복 블라우스,Seorinarae Hanbok Blouse,서리나래,50,22000,45,250,185880,korean hanbok blouse;seorinarae;modern top,0,domeggook-com;ownerclan-com;domemae-com
modern-hanbok,6,꼬마크 남성 생활한복,Kkomak Men's Modern Hanbok,꼬마크,95,45000,39,700,185880,korean men hanbok;kkomak;modern male hanbok,0,domeggook-com;ownerclan-com;domemae-com
modern-hanbok,7,다래원 아동 한복,Daraewon Kids Hanbok,다래원,75,35000,42,400,185880,korean kids hanbok;daraewon;children's hanbok,-1,domeggook-com;ownerclan-com;domemae-com
modern-hanbok,8,기로에 한복 액세서리,Giroe Hanbok Accessories,기로에,30,12000,48,100,185881,korean hanbok accessories;giroe;traditional jewelry,0,domeggook-com;ownerclan-com;domemae-com
modern-hanbok,9,한복린 웨딩 한복,Hanbok Lynn Wedding Hanbok,한복린,250,120000,36,1500,185880,korean wedding hanbok;hanbok lynn;bridal hanbok,0,domeggook-com;ownerclan-com;domemae-com
modern-hanbok,10,사임당 한복 두루마기,Saimdang Hanbok Durumagi,사임당,110,50000,40,800,185880,korean durumagi;saimdang hanbok;outerwear,0,domeggook-com;ownerclan-com;domemae-com
modern-hanbok,11,이노주단 한복 노리개,Inojudan Hanbok Norigae,이노주단,40,18000,44,80,185881,korean norigae;hanbok jewelry;inojudan,0,domeggook-com;ownerclan-com;domemae-com
modern-hanbok,12,혜윰 한복 허리치마,Hyeyum Hanbok Waist Skirt,혜윰,65,30000,40,350,185880,korean waist skirt;hyeyum hanbok;layered skirt,0,domeggook-com;ownerclan-com;domemae-com
modern-hanbok,13,나라한 한복 저고리,Narahan Hanbok Jeogori,나라한,72,33000,40,320,185880,korean jeogori;narahan hanbok;traditional top,0,domeggook-com;ownerclan-com;domemae-com
modern-hanbok,14,소단 한복 원피스,Sodan Hanbok Dress,소단,90,42000,39,550,185880,korean hanbok dress;sodan fashion;modern dress,0,domeggook-com;ownerclan-com;domemae-com
modern-hanbok,15,시크라인 한복 블라우스,Chicline Hanbok Blouse,시크라인,55,25000,42,280,185880,korean hanbok blouse;chicline;modern top,0,domeggook-com;ownerclan-com;domemae-com
modern-hanbok,16,리슬 한복 바지,Leesle Hanbok Pants,리슬,70,32000,40,450,185880,korean hanbok pants;leesle bottom;modern trousers,0,domeggook-com;ownerclan-com;domemae-com
modern-hanbok,17,차이킴 한복 자켓,Tchaikim Hanbok Jacket,차이킴,130,60000,38,700,185880,korean hanbok jacket;tchaikim outerwear;modern coat,0,domeggook-com;ownerclan-com;domemae-com
modern-hanbok,18,단하 한복 스카프,Danha Hanbok Scarf,단하,45,20000,44,120,185881,korean hanbok scarf;danha accessory;silk scarf,0,domeggook-com;ownerclan-com;domemae-com
modern-hanbok,19,하플리 한복 머리띠,Happly Hanbok Headband,하플리,25,10000,50,50,185881,korean hanbok headband;happly hair;traditional accessory,0,domeggook-com;ownerclan-com;domemae-com
modern-hanbok,20,서리나래 한복 신발,Seorinarae Hanbok Shoes,서리나래,80,38000,40,600,185882,korean hanbok shoes;seorinarae footwear;traditional shoes,0,domeggook-com;ownerclan-com;domemae-com
modern-hanbok,21,꼬마크 한복 조끼,Kkomak Hanbok Vest,꼬마크,60,28000,45,300,185880,korean hanbok vest;kkomak;modern waistcoat,0,domeggook-com;ownerclan-com;domemae-com
modern-hanbok,22,다래원 아동 한복 조끼,Daraewon Kids Hanbok Vest,다래원,40,18000,44,200,185880,korean kids hanbok vest;daraewon;children's vest,0,domeggook-com;ownerclan-com;domemae-com
modern-hanbok,23,기로에 한복 브로치,Giroe Hanbok Brooch,기로에,35,15000,46,70,185881,korean hanbok brooch;giroe jewelry;traditional pin,0,domeggook-com;ownerclan-com;domemae-com
modern-hanbok,24,한복린 한복 가방,Hanbok Lynn Hanbok Bag,한복린,50,22000,45,250,185881,korean hanbok bag;hanbok lynn;traditional purse,0,domeggook-com;ownerclan-com;domemae-com
modern-hanbok,25,사임당 한복 치마,Saimdang Hanbok Skirt,사임당,68,31000,40,420,185880,korean hanbok skirt;saimdang fashion;traditional chima,0,domeggook-com;ownerclan-com;domemae-com
modern-hanbok,26,이노주단 한복 머리핀,Inojudan Hanbok Hairpin,이노주단,20,8000,50,30,185881,korean hanbok hairpin;inojudan hair;traditional pin,0,domeggook-com;ownerclan-com;domemae-com
modern-hanbok,27,혜윰 한복 저고리,Hyeyum Hanbok Jeogori,혜윰,75,35000,42,380,185880,korean jeogori;hyeyum hanbok;modern top,0,domeggook-com;ownerclan-com;domemae-com
modern-hanbok,28,나라한 한복 원피스,Narahan Hanbok Dress,나라한,95,45000,39,580,185880,korean hanbok dress;narahan fashion;daily hanbok,0,domeggook-com;ownerclan-com;domemae-com
modern-hanbok,29,소단 한복 바지,Sodan Hanbok Pants,소단,65,30000,40,400,185880,korean hanbok pants;sodan bottom;modern trousers,0,domeggook-com;ownerclan-com;domemae-com
modern-hanbok,30,시크라인 한복 치마,Chicline Hanbok Skirt,시크라인,58,26000,43,350,185880,korean hanbok skirt;chicline fashion;modern chima,0,domeggook-com;ownerclan-com;domemae-com
traditional-craft,1,광주요 백자 달항아리,Kwangjuyo White Porcelain Moon Jar,광주요,250,120000,36,2000,18791,korean moon jar;kwangjuyo ceramic;traditional pottery,0,domeggook-com;ownerclan-com;dometopia-com
traditional-craft,2,이도 청자 다기 세트,Yido Celadon Tea Set,이도,180,85000,38,1500,18791,korean tea set;yido celadon;traditional ceramic,0,domeggook-com;ownerclan-com;dometopia-com
traditional-craft,3,놋담 유기 수저 세트,Notdam Yugi Brass Cutlery Set,놋담,90,42000,39,500,18791,korean brass cutlery;notdam yugi;traditional tableware,0,domeggook-com;ownerclan-com;dometopia-com
traditional-craft,4,오설록 전통차 선물 세트,O'sulloc Traditional Tea Gift Set,오설록,60,28000,45,400,18791,korean tea gift;o'sulloc;traditional beverage,0,domeggook-com;ownerclan-com;dometopia-com
traditional-craft,5,솔표 한지 공예품,Solpyo Hanji Craft,솔표,45,20000,44,200,18791,korean hanji craft;solpyo paper;traditional art,0,domeggook-com;ownerclan-com;dometopia-com
traditional-craft,6,국립박물관문화재단 자개 명함 케이스,NMFC Mother-of-Pearl Business Card Case,국립박물관문화재단,70,32000,40,150,18791,korean mother of pearl;nmfc craft;traditional gift,0,domeggook-com;ownerclan-com;dometopia-com
traditional-craft,7,한국문화재재단 전통 부채,Korea Cultural Heritage Foundation Traditional Fan,한국문화재재단,35,15000,46,80,18791,korean traditional fan;cultural heritage;hand fan,0,domeggook-com;ownerclan-com;dometopia-com
traditional-craft,8,무형문화재 매듭 팔찌,Intangible Cultural Heritage Knot Bracelet,무형문화재,28,12000,45,30,18791,korean knot art;traditional bracelet;intangible heritage,0,domeggook-com;ownerclan-com;dometopia-com
traditional-craft,9,미미달 전통 문양 컵받침,Mimidal Traditional Pattern Coaster,미미달,20,8000,50,50,18791,korean coaster;traditional pattern;mimidal,0,domeggook-com;ownerclan-com;dometopia-com
traditional-craft,10,오이뮤 향로,OIMU Incense Burner,오이뮤,55,25000,42,300,18791,korean incense burner;oimu craft;traditional fragrance,0,domeggook-com;ownerclan-com;dometopia-com
traditional-craft,11,서촌양품 전통 문구 세트,Seochon Yangpum Traditional Stationery Set,서촌양품,30,13000,47,180,18791,korean stationery;seochon yangpum;traditional gift,0,domeggook-com;ownerclan-com;dometopia-com
traditional-craft,12,호호당 보자기 포장 세트,Hohodang Bojagi Wrapping Set,호호당,40,18000,44,100,18791,korean bojagi;hohodang wrapping;traditional fabric,0,domeggook-com;ownerclan-com;dometopia-com
traditional-craft,13,담연 전통 자수 소품,Damyeon Traditional Embroidery Item,담연,50,22000,45,120,18791,korean embroidery;damyeon craft;traditional textile,0,domeggook-com;ownerclan-com;dometopia-com
traditional-craft,14,챕터원 도자기 그릇,Chapter One Ceramic Dish,챕터원,75,35000,42,600,18791,korean ceramic dish;chapter one pottery;modern traditional,0,domeggook-com;ownerclan-com;dometopia-com
traditional-craft,15,조은숙갤러리 전통 회화,Jo Eun Sook Gallery Traditional Painting,조은숙갤러리,150,70000,38,800,18791,korean traditional painting;jo eun sook art;folk art,0,domeggook-com;ownerclan-com;dometopia-com
traditional-craft,16,광주요 백자 잔,Kwangjuyo White Porcelain Cup,광주요,35,15000,46,150,18791,korean porcelain cup;kwangjuyo;traditional tableware,0,domeggook-com;ownerclan-com;dometopia-com
traditional-craft,17,이도 청자 접시,Yido Celadon Plate,이도,60,28000,45,400,18791,korean celadon plate;yido ceramic;traditional dish,0,domeggook-com;ownerclan-com;dometopia-com
traditional-craft,18,놋담 유기 그릇,Notdam Yugi Brass Bowl,놋담,80,38000,40,700,18791,korean brass bowl;notdam yugi;traditional dinnerware,0,domeggook-com;ownerclan-com;dometopia-com
traditional-craft,19,오설록 녹차,O'sulloc Green Tea,오설록,25,10000,50,100,18791,korean green tea;o'sulloc;traditional tea,0,domeggook-com;ownerclan-com;dometopia-com
traditional-craft,20,솔표 한지 등,Solpyo Hanji Lamp,솔표,70,32000,40,500,18791,korean hanji lamp;solpyo light;traditional lighting,0,domeggook-com;ownerclan-com;dometopia-com
traditional-craft,21,국립박물관문화재단 전통 문양 컵,NMFC Traditional Pattern Cup,국립박물관문화재단,30,13000,47,200,18791,korean traditional cup;nmfc souvenir;patterned mug,0,domeggook-com;ownerclan-com;dometopia-com
traditional-craft,22,한국문화재재단 전통 문양 엽서,Korea Cultural Heritage Foundation Traditional Postcard,한국문화재재단,15,6000,50,30,18791,korean postcard;cultural heritage;traditional art,0,domeggook-com;ownerclan-com;dometopia-com
traditional-craft,23,무형문화재 자수 손수건,Intangible Cultural Heritage Embroidered Handkerchief,무형문화재,22,9000,48,50,18791,korean embroidery;traditional handkerchief;intangible heritage,0,domeggook-com;ownerclan-com;dometopia-com
traditional-craft,24,미미달 전통 문양 마우스패드,Mimidal Traditional Pattern Mousepad,미미달,18,7500,48,80,18791,korean mousepad;traditional pattern;mimidal,0,domeggook-com;ownerclan-com;dometopia-com
traditional-craft,25,오이뮤 성냥,OIMU Matches,오이뮤,10,4000,50,30,18791,korean matches;oimu design;traditional item,0,domeggook-com;ownerclan-com;dometopia-com
traditional-craft,26,서촌양품 전통 문양 스티커,Seochon Yangpum Traditional Pattern Stickers,서촌양품,12,5000,50,20,18791,korean stickers;seochon yangpum;traditional design,0,domeggook-com;ownerclan-com;dometopia-com
traditional-craft,27,호호당 보자기 가방,Hohodang Bojagi Bag,호호당,48,21000,45,200,18791,korean bojagi bag;hohodang fashion;traditional tote,0,domeggook-com;ownerclan-com;dometopia-com
traditional-craft,28,담연 전통 자수 파우치,Damyeon Traditional Embroidery Pouch,담연,38,17000,45,100,18791,korean embroidery pouch;damyeon craft;traditional accessory,0,domeggook-com;ownerclan-com;dometopia-com
traditional-craft,29,챕터원 도자기 컵,Chapter One Ceramic Cup,챕터원,42,19000,43,250,18791,korean ceramic cup;chapter one pottery;modern traditional,0,domeggook-com;ownerclan-com;dometopia-com
traditional-craft,30,조은숙갤러리 전통 도자기,Jo Eun Sook Gallery Traditional Ceramic,조은숙갤러리,120,55000,39,1000,18791,korean traditional ceramic;jo eun sook art;pottery,0,domeggook-com;ownerclan-com;dometopia-com
