cat_slug,rank,name,name_en,brand,ebay_usd,krw,margin,weight_g,ebay_cat_id,seo_tags,change,source_slugs
kpop-goods,1,방탄소년단 공식 응원봉,BTS Official Light Stick ARMY Bomb,Weverse Shop,65,32000,50,350,11923,kpop lightstick;bts merch;army bomb,0,domeggook-com;fandommall-co-kr;withmuu-com
kpop-goods,2,블랙핑크 공식 포토카드 세트,BLACKPINK Official Photocard Set,YG SELECT,25,10000,60,50,11923,blackpink pc;kpop photocards;yg merch,0,ownerclan-com;kpopstore-com;domema-com
kpop-goods,3,뉴진스 앨범 'OMG' (위버스 버전),NewJeans Album 'OMG' (Weverse Version),Weverse Shop,30,13000,55,280,17698,newjeans album;kpop cd;omg weverse,0,domeggook-com;fandommall-co-kr;kpopstore-com
kpop-goods,4,스트레이키즈 스키주 인형,Stray Kids SKZOO Plush Doll,JYP SHOP,45,20000,50,200,11923,skzoo plush;stray kids merch;jyp goods,0,ownerclan-com;withmuu-com;domema-com
kpop-goods,5,NCT 127 공식 팬라이트,NCT 127 Official Fanlight,SMTOWN &STORE,60,28000,53,300,11923,nct lightstick;kpop fanlight;smtown merch,0,domeggook-com;fandommall-co-kr;onchannel-co-kr
kpop-goods,6,세븐틴 캐럿봉 버전 3,SEVENTEEN Carat Bong Version 3,Weverse Shop,68,35000,48,380,11923,seventeen lightstick;carat bong;kpop merch,0,domeggook-com;fandommall-co-kr;withmuu-com
kpop-goods,7,아이브 포토카드 앨범,IVE Photocard Album,Ktown4u,22,9000,59,150,11923,ive pc holder;kpop album;starship merch,0,ownerclan-com;kpopstore-com;domema-com
kpop-goods,8,투모로우바이투게더 공식 키링,TXT Official Keyring,Weverse Shop,20,8500,57,80,11923,txt keyring;kpop accessory;bighit merch,0,domeggook-com;fandommall-co-kr;withmuu-com
kpop-goods,9,에스파 공식 응원봉,aespa Official Light Stick,SMTOWN &STORE,58,27000,53,320,11923,aespa lightstick;kpop merch;sm goods,0,domeggook-com;fandommall-co-kr;onchannel-co-kr
kpop-goods,10,르세라핌 앨범 'EASY',LE SSERAFIM Album 'EASY',Weverse Shop,28,12000,57,250,17698,le sserafim easy;kpop album;source music,0,domeggook-com;fandommall-co-kr;kpopstore-com
kpop-goods,11,라이즈 앨범 'Get A Guitar',RIIZE Album 'Get A Guitar',SMTOWN &STORE,27,11500,57,260,17698,riize album;get a guitar;sm entertainment,0,domeggook-com;fandommall-co-kr;onchannel-co-kr
kpop-goods,12,엔하이픈 공식 포토카드,ENHYPEN Official Photocard,Weverse Shop,15,6000,60,30,11923,enhypen pc;kpop collectible;belift lab,0,ownerclan-com;kpopstore-com;domema-com
kpop-goods,13,있지 공식 응원봉,ITZY Official Light Ring,JYP SHOP,55,25000,54,300,11923,itzy light ring;kpop lightstick;jyp merch,0,domeggook-com;fandommall-co-kr;withmuu-com
kpop-goods,14,아이들 공식 응원봉,G-IDLE Official Light Stick,Ktown4u,50,23000,54,290,11923,g-idle lightstick;kpop merch;cube ent,0,domeggook-com;fandommall-co-kr;kpopstore-com
kpop-goods,15,산리오 캐릭터 포토카드 홀더,Sanrio Character Photocard Holder,산리오,18,7500,58,100,11923,sanrio pc holder;kpop accessories;cute card holder,0,domeggook-com;ownerclan-com;dometopia-com
kpop-goods,16,K-POP 아이돌 앨범,K-POP Idol Album,Ktown4u,25,10000,60,250,17698,kpop cd;korean music;idol album,0,domeggook-com;kpopstore-com;fandommall-co-kr
kpop-goods,17,공식 응원봉 파우치,Official Light Stick Pouch,Weverse Shop,15,6000,60,80,11923,lightstick case;kpop accessories;fan merch,0,ownerclan-com;withmuu-com;domema-com
kpop-goods,18,포토카드 슬리브 100매,Photocard Sleeves 100pcs,팝콘슬리브,10,4000,60,70,11923,pc sleeves;kpop card protector;collectible supplies,0,domeggook-com;ownerclan-com;dometopia-com
kpop-goods,19,아이돌 포스터 세트,Idol Poster Set,Ktown4u,18,7500,58,120,11923,kpop poster;idol wall decor;fan art,0,domeggook-com;fandommall-co-kr;kpopstore-com
kpop-goods,20,K-POP 앨범 바인더,K-POP Album Binder,사운드웨이브,22,9000,59,200,11923,kpop binder;photocard storage;album collector,0,ownerclan-com;withmuu-com;domema-com
kpop-goods,21,K-POP 아이돌 스티커 팩,K-POP Idol Sticker Pack,메이크스타,12,5000,58,40,11923,kpop stickers;idol decals;fan decoration,0,domeggook-com;dometopia-com;sellmoa-com
kpop-goods,22,K-POP 아이돌 엽서 세트,K-POP Idol Postcard Set,에버라인,15,6500,57,60,11923,kpop postcards;idol stationery;fan mail,0,ownerclan-com;onchannel-co-kr;domema-com
kpop-goods,23,K-POP 아이돌 배지 세트,K-POP Idol Badge Set,뮤직플랜트,14,5800,58,50,11923,kpop badge;idol pin;fan accessory,0,domeggook-com;fandommall-co-kr;dometopia-com
kpop-goods,24,K-POP 아이돌 포토카드 바인더,K-POP Idol Photocard Binder,보드엠,20,8000,60,180,11923,pc binder;kpop storage;card album,0,domeggook-com;ownerclan-com;dometopia-com
kpop-goods,25,K-POP 아이돌 아크릴 스탠드,K-POP Idol Acrylic Stand,하이하바,25,10000,60,150,11923,kpop standee;idol display;acrylic figure,0,domeggook-com;sellmoa-com;domema-com
kpop-goods,26,K-POP 아이돌 폰케이스,K-POP Idol Phone Case,레브팔레트,28,12000,57,90,11923,kpop phone cover;idol phone accessory;fan case,0,ownerclan-com;onchannel-co-kr;enterbiz-co-kr
kpop-goods,27,K-POP 아이돌 머그컵,K-POP Idol Mug Cup,Weverse Shop,20,8000,60,300,11923,kpop mug;idol drinkware;fan collectible,0,domeggook-com;fandommall-co-kr;withmuu-com
kpop-goods,28,K-POP 아이돌 담요,K-POP Idol Blanket,YG SELECT,40,18000,55,450,11923,kpop blanket;idol throw;fan merch,0,ownerclan-com;domema-com;kpopstore-com
kpop-goods,29,K-POP 아이돌 티셔츠,K-POP Idol T-shirt,SMTOWN &STORE,35,15000,57,250,11923,kpop shirt;idol apparel;fan clothing,0,domeggook-com;onchannel-co-kr;fandommall-co-kr
kpop-goods,30,K-POP 아이돌 캘린더,K-POP Idol Calendar,JYP SHOP,25,10000,60,200,11923,kpop calendar;idol planner;fan merchandise,0,ownerclan-com;withmuu-com;domema-com
trading-cards,1,유희왕 오피셜 카드게임 스트럭처 덱,Yu-Gi-Oh! OCG Structure Deck,대원미디어,25,10000,60,200,183451,yugioh deck;ocg cards;trading card game,0,domeggook-com;tcgshop-co-kr;cardfactory-co-kr
trading-cards,2,포켓몬 카드 게임 확장팩,Pokemon Card Game Booster Pack,대원미디어,12,4800,60,50,183451,pokemon tcg;booster pack;korean pokemon cards,0,ownerclan-com;cardmarket-co-kr;yugiohshop-co-kr
trading-cards,3,매직 더 개더링 부스터 박스,Magic: The Gathering Booster Box,코리아보드게임즈,120,50000,58,400,183451,mtg booster;magic cards;tcg box,0,domeggook-com;tcgshop-co-kr;cardfactory-co-kr
trading-cards,4,디지몬 카드 게임 스타터 덱,Digimon Card Game Starter Deck,대원미디어,20,8000,60,180,183451,digimon tcg;starter deck;korean digimon,0,ownerclan-com;cardmarket-co-kr;dometopia-com
trading-cards,5,뱅가드 카드 게임 트라이얼 덱,Cardfight!! Vanguard Trial Deck,대원미디어,18,7500,58,150,183451,vanguard tcg;trial deck;korean cardfight,0,domeggook-com;tcgshop-co-kr;cardfactory-co-kr
trading-cards,6,원피스 카드 게임 부스터 팩,One Piece Card Game Booster Pack,대원미디어,15,6000,60,60,183451,one piece tcg;booster pack;korean one piece,0,ownerclan-com;cardmarket-co-kr;dometopia-com
trading-cards,7,TCG 카드 프로텍터,TCG Card Protector Sleeves,TCG샵,10,4000,60,70,183451,card sleeves;tcg accessories;card protector,0,domeggook-com;ownerclan-com;tcgshop-co-kr
trading-cards,8,카드 바인더 앨범,Card Binder Album,카드캐슬,20,8000,60,250,183451,card album;tcg storage;binder for cards,0,ownerclan-com;cardfactory-co-kr;domema-com
trading-cards,9,보드게임 카드 확장팩,Board Game Card Expansion Pack,코리아보드게임즈,22,9000,59,150,183451,board game cards;expansion set;korean board games,0,domeggook-com;dometopia-com;sellmoa-com
trading-cards,10,TCG 플레이 매트,TCG Playmat,카드킹덤,30,13000,57,200,183451,playmat;tcg accessory;card gaming mat,0,domeggook-com;tcgshop-co-kr;cardmarket-co-kr
trading-cards,11,TCG 카드 케이스,TCG Card Deck Box,롤링다이스,15,6000,60,100,183451,deck box;card storage;tcg case,0,ownerclan-com;cardfactory-co-kr;domema-com
trading-cards,12,아이돌 포토카드,K-POP Idol Photocard,대원미디어,10,4000,60,20,183451,kpop pc;idol collectible;korean photocard,0,domeggook-com;ownerclan-com;dometopia-com
trading-cards,13,스포츠 트레이딩 카드 팩,Sports Trading Card Pack,학산문화사,8,3200,60,40,183451,sports cards;collectible pack;korean sports,0,domeggook-com;sellmoa-com;onchannel-co-kr
trading-cards,14,애니메이션 트레이딩 카드,Anime Trading Card,아카데미과학,7,2800,60,30,183451,anime cards;collectible anime;korean animation,0,ownerclan-com;domema-com;dometopia-com
trading-cards,15,TCG 부스터 박스,TCG Booster Box,별빛바다,80,35000,56,350,183451,tcg box;booster display;card game,0,domeggook-com;tcgshop-co-kr;cardmarket-co-kr
trading-cards,16,TCG 스타터 덱,TCG Starter Deck,인터하비,20,8000,60,180,183451,starter deck;tcg beginner;card game set,0,ownerclan-com;cardfactory-co-kr;yugiohshop-co-kr
trading-cards,17,TCG 싱글 카드 (레어),TCG Single Card (Rare),듀얼존,15,6000,60,10,183451,rare card;tcg single;collectible card,0,domeggook-com;tcgshop-co-kr;cardmarket-co-kr
trading-cards,18,TCG 카드 보호탑 로더,TCG Top Loader Card Protector,레드다이스,5,2000,60,20,183451,top loader;card protection;tcg supplies,0,ownerclan-com;dometopia-com;sellmoa-com
trading-cards,19,TCG 카드 디스플레이 스탠드,TCG Card Display Stand,하비게임몰,12,5000,58,80,183451,card stand;tcg display;collectible holder,0,domeggook-com;ownerclan-com;domema-com
trading-cards,20,TCG 카드 보관함,TCG Card Storage Box,보드피아,25,10000,60,300,183451,card box;tcg storage;collectible container,0,domeggook-com;cardfactory-co-kr;cardmarket-co-kr
trading-cards,21,TCG 카드 게임 매뉴얼,TCG Card Game Manual,대원미디어,10,4000,60,100,183451,tcg rules;game guide;card game manual,0,ownerclan-com;dometopia-com;sellmoa-com
trading-cards,22,TCG 카드 토큰 세트,TCG Card Token Set,코리아보드게임즈,8,3200,60,50,183451,card tokens;tcg accessories;game markers,0,domeggook-com;tcgshop-co-kr;domema-com
trading-cards,23,TCG 카드 카운터 주사위,TCG Card Counter Dice,미미월드,6,2400,60,30,183451,card dice;tcg counters;game accessories,0,ownerclan-com;cardfactory-co-kr;dometopia-com
trading-cards,24,TCG 카드 홀로그램 프로텍터,TCG Card Holographic Sleeves,카드캐슬,12,4800,60,60,183451,holographic sleeves;card protection;tcg supplies,0,domeggook-com;tcgshop-co-kr;cardmarket-co-kr
trading-cards,25,TCG 카드 플레이 필드,TCG Card Play Field,카드킹덤,28,11500,59,220,183451,play field;tcg mat;card game zone,0,ownerclan-com;domema-com;yugiohshop-co-kr
trading-cards,26,TCG 카드 프로모션 팩,TCG Card Promotion Pack,롤링다이스,18,7500,58,40,183451,promo pack;tcg exclusive;collectible cards,0,domeggook-com;dometopia-com;sellmoa-com
trading-cards,27,TCG 카드 콜렉션 세트,TCG Card Collection Set,별빛바다,40,18000,55,300,183451,card set;tcg collector;full collection,0,ownerclan-com;tcgshop-co-kr;cardfactory-co-kr
trading-cards,28,TCG 카드 게임 확장 세트,TCG Card Game Expansion Set,인터하비,35,15000,57,250,183451,expansion set;tcg add-on;game upgrade,0,domeggook-com;cardmarket-co-kr;yugiohshop-co-kr
trading-cards,29,TCG 카드 보관 케이스,TCG Card Storage Case,듀얼존,20,8000,60,200,183451,card case;tcg storage;portable box,0,ownerclan-com;domema-com;dometopia-com
trading-cards,30,TCG 카드 게임 플레이 북,TCG Card Game Playbook,레드다이스,15,6000,60,120,183451,playbook;tcg strategy;game guide,0,domeggook-com;tcgshop-co-kr;sellmoa-com
auto-parts,1,현대모비스 순정 에어 필터,Hyundai Mobis Genuine Air Filter,현대모비스,25,10000,60,200,33612,hyundai filter;mobis parts;car air filter,0,domeggook-com;mobisparts-co-kr;autoand-co-kr
auto-parts,2,한국타이어 벤투스 V2 컨셉2,Hankook Ventus V2 Concept2 Tire,한국타이어,120,50000,58,1000,33746,hankook tire;ventus v2;car performance tire,0,ownerclan-com;carpos-co-kr;mobis-co-kr
auto-parts,3,만도 순정 브레이크 패드,Mando Genuine Brake Pad,만도,45,20000,55,800,33567,mando brake;car brake pad;korean auto parts,0,domeggook-com;autoand-co-kr
auto-parts,4,금호타이어 솔루스 TA31,Kumho Solus TA31 Tire,금호타이어,110,45000,59,950,33746,kumho tire;solus ta31;all season tire,0,ownerclan-com;carpos-co-kr;mobisparts-co-kr
auto-parts,5,불스원샷 연료첨가제,Bullsone Shot Fuel Additive,불스원,18,7500,58,300,33698,bullsone additive;fuel cleaner;car maintenance,0,domeggook-com;ownerclan-com;dometopia-com
auto-parts,6,넥센타이어 엔프리즈 AH5,Nexen N'Priz AH5 Tire,넥센타이어,100,40000,60,900,33746,nexen tire;n'priz ah5;passenger car tire,0,domeggook-com;carpos-co-kr;autoand-co-kr
auto-parts,7,보쉬 에어로트윈 와이퍼 블레이드,Bosch Aerotwin Wiper Blade,보쉬,30,13000,57,250,33694,bosch wiper;aerotwin blade;car windshield,0,ownerclan-com;mobisparts-co-kr
auto-parts,8,카포스 자동차 세정제,Carpos Car Cleaner,카포스,15,6000,60,500,33698,carpos cleaner;auto detailing;car wash,0,domeggook-com;carpos-co-kr;dometopia-com
auto-parts,9,오토앤 차량용 방향제,Auto& Car Air Freshener,오토앤,12,5000,58,100,33698,autoand air freshener;car scent;vehicle interior,0,ownerclan-com;autoand-co-kr;domema-com
auto-parts,10,지파츠 엔진 오일 필터,Gparts Engine Oil Filter,지파츠,20,8000,60,150,33612,gparts filter;engine oil;car maintenance,0,domeggook-com;mobisparts-co-kr
auto-parts,11,파츠몰 LED 헤드라이트 전구,Partsmall LED Headlight Bulb,파츠몰,40,18000,55,120,33710,partsmall led;headlight bulb;car lighting,0,ownerclan-com;dometopia-com;sellmoa-com
auto-parts,12,카젠 자동차 배터리,Carzen Car Battery,카젠,90,38000,58,800,33575,carzen battery;auto power;car electrical,0,domeggook-com;carpos-co-kr;mobis-co-kr
auto-parts,13,오토오아시스 엔진 오일,AutoOasis Engine Oil,오토오아시스,35,15000,57,400,33612,autooasis oil;engine lubricant;car fluid,0,ownerclan-com;autoand-co-kr;domema-com
auto-parts,14,스피드메이트 브레이크 오일,Speedmate Brake Fluid,스피드메이트,20,8000,60,300,33612,speedmate fluid;brake oil;car maintenance,0,domeggook-com;mobisparts-co-kr
auto-parts,15,더카 차량용 공기청정기,TheCar Car Air Purifier,더카,50,22000,56,350,33698,thecar purifier;car air cleaner;vehicle interior,0,ownerclan-com;dometopia-com;sellmoa-com
auto-parts,16,자동차 와이퍼 블레이드,Car Wiper Blade,현대모비스,20,8000,60,200,33694,car wiper;windshield blade;auto parts,0,domeggook-com;mobisparts-co-kr;autoand-co-kr
auto-parts,17,자동차 엔진 오일,Car Engine Oil,만도,30,12000,60,400,33612,engine oil;car lubricant;auto fluid,0,ownerclan-com;mobis-co-kr
auto-parts,18,자동차 에어 필터,Car Air Filter,불스원,18,7000,61,180,33612,air filter;cabin filter;car air intake,0,domeggook-com;ownerclan-com;dometopia-com
auto-parts,19,자동차 브레이크 패드,Car Brake Pad,보쉬,40,17000,57,700,33567,brake pad;disc brake;auto braking,0,domeggook-com;autoand-co-kr
auto-parts,20,자동차 타이어,Car Tire,한국타이어,100,40000,60,900,33746,car tire;vehicle wheel;auto rubber,0,ownerclan-com;carpos-co-kr;mobis-co-kr
auto-parts,21,자동차 퓨즈 세트,Car Fuse Set,현대모비스,10,4000,60,50,33589,car fuse;auto electrical;fuse kit,0,domeggook-com;mobisparts-co-kr;dometopia-com
auto-parts,22,자동차 스파크 플러그,Car Spark Plug,만도,15,6000,60,80,33735,spark plug;engine ignition;auto parts,0,ownerclan-com;sellmoa-com
auto-parts,23,자동차 에어컨 필터,Car AC Filter,불스원,22,9000,59,220,33612,ac filter;cabin air filter;car climate,0,domeggook-com;carpos-co-kr;autoand-co-kr
auto-parts,24,자동차 배터리 충전기,Car Battery Charger,보쉬,50,20000,60,500,33575,battery charger;car power;auto accessory,0,ownerclan-com;mobis-co-kr;dometopia-com
auto-parts,25,자동차 워셔액,Car Windshield Washer Fluid,카포스,8,3200,60,500,33698,washer fluid;windshield cleaner;car care,0,domeggook-com;carpos-co-kr;domema-com
auto-parts,26,자동차 실내등 LED,Car Interior LED Light,오토앤,15,6000,60,50,33710,interior led;car lighting;auto accessory,0,ownerclan-com;autoand-co-kr;sellmoa-com
auto-parts,27,자동차 타이어 공기압 게이지,Car Tire Pressure Gauge,지파츠,12,5000,58,100,33746,tire gauge;pressure monitor;car maintenance,0,domeggook-com;dometopia-com
auto-parts,28,자동차 워터 펌프,Car Water Pump,파츠몰,70,30000,57,600,33753,water pump;engine cooling;auto parts,0,ownerclan-com;mobisparts-co-kr;mobis-co-kr
auto-parts,29,자동차 라디에이터 호스,Car Radiator Hose,카젠,25,10000,60,250,33753,radiator hose;cooling system;auto parts,0,domeggook-com;carpos-co-kr;autoand-co-kr
auto-parts,30,자동차 브레이크 디스크 로터,Car Brake Disc Rotor,오토오아시스,60,25000,58,900,33567,brake rotor;disc brake;auto braking,0,ownerclan-com;domema-com
k-fashion,1,앤더슨벨 로고 티셔츠,Andersson Bell Logo T-shirt,앤더슨벨,70,30000,57,250,15724,andersson bell;korean fashion;designer tee,0,sinsangmarket-kr;linkshops-com;ndm-kr
k-fashion,2,아더에러 폭스 로고 맨투맨,ADER error Fox Logo Sweatshirt,아더에러,150,65000,57,400,15724,ader error;korean streetwear;fox sweatshirt,0,sinsangmarket-kr;linkshops-com;ndm-kr
k-fashion,3,젠틀몬스터 선글라스,Gentle Monster Sunglasses,젠틀몬스터,250,100000,60,150,175782,gentle monster;korean eyewear;designer sunglasses,0,sinsangmarket-kr;linkshops-com;gotomall-kr
k-fashion,4,커버낫 C 로고 후드티,Covernat C Logo Hoodie,커버낫,80,35000,56,500,15724,covernat hoodie;korean casual wear;logo sweatshirt,0,sinsangmarket-kr;linkshops-com;ndm-kr
k-fashion,5,디스이즈네버댓 로고 캡 모자,thisisneverthat Logo Cap,디스이즈네버댓,45,20000,55,100,15724,thisisneverthat;korean cap;streetwear hat,0,sinsangmarket-kr;linkshops-com;ndm-kr
k-fashion,6,무신사 스탠다드 슬랙스,Musinsa Standard Slacks,무신사,60,25000,58,350,15724,musinsa slacks;korean pants;mens fashion,0,sinsangmarket-kr;linkshops-com;gotomall-kr
k-fashion,7,W컨셉 디자이너 원피스,W Concept Designer Dress,W컨셉,120,50000,58,300,15724,w concept dress;korean designer;womens fashion,0,sinsangmarket-kr;linkshops-com;ndm-kr
k-fashion,8,29CM 셀렉트 니트 가디건,29CM Select Knit Cardigan,29CM,90,38000,58,380,15724,29cm cardigan;korean knitwear;womens sweater,0,sinsangmarket-kr;linkshops-com;gotomall-kr
k-fashion,9,스타일난다 립스틱,Stylenanda Lipstick,스타일난다,25,10000,60,50,15709,stylenanda makeup;korean lipstick;3ce,0,domeggook-com;ownerclan-com;dometopia-com
k-fashion,10,임블리 블리블리 쿠션 팩트,Imvely Vely Vely Cushion Pact,임블리,35,15000,57,120,15709,imvely makeup;korean cushion;vely vely,0,domeggook-com;ownerclan-com;sellmoa-com
k-fashion,11,KREAM 한정판 스니커즈,KREAM Limited Edition Sneakers,KREAM,300,130000,57,800,15709,kream sneakers;korean resale;limited edition shoes,0,sinsangmarket-kr;linkshops-com;ndm-kr
k-fashion,12,솔드아웃 스트릿웨어 후드티,Soldout Streetwear Hoodie,솔드아웃,85,36000,58,450,15724,soldout hoodie;korean streetwear;resale fashion,0,sinsangmarket-kr;linkshops-com;gotomall-kr
k-fashion,13,브랜디 여성 블라우스,Brandy Women's Blouse,브랜디,50,20000,60,180,15724,brandy blouse;korean women's wear;fashion top,0,sinsangmarket-kr;linkshops-com;domema-com
k-fashion,14,에이블리 데일리 스커트,Avely Daily Skirt,에이블리,40,17000,57,200,15724,avely skirt;korean daily wear;womens bottom,0,sinsangmarket-kr;linkshops-com;gotomall-kr
k-fashion,15,지그재그 여성 청바지,Zigzag Women's Jeans,지그재그,70,30000,57,400,15724,zigzag jeans;korean denim;womens pants,0,sinsangmarket-kr;linkshops-com;ndm-kr
k-fashion,16,K-패션 여성 티셔츠,K-Fashion Women's T-shirt,무신사,30,12000,60,150,15724,korean tee;womens top;kfashion basic,0,sinsangmarket-kr;linkshops-com;gotomall-kr
k-fashion,17,K-패션 남성 후드티,K-Fashion Men's Hoodie,커버낫,65,28000,57,400,15724,korean hoodie;mens streetwear;kfashion top,0,sinsangmarket-kr;linkshops-com;ndm-kr
k-fashion,18,K-패션 데님 재킷,K-Fashion Denim Jacket,디스이즈네버댓,90,38000,58,600,15724,korean denim;denim jacket;kfashion outerwear,0,sinsangmarket-kr;linkshops-com;gotomall-kr
k-fashion,19,K-패션 미니 원피스,K-Fashion Mini Dress,스타일난다,55,23000,58,250,15724,korean dress;mini dress;kfashion women,0,sinsangmarket-kr;linkshops-com;domema-com
k-fashion,20,K-패션 오버사이즈 셔츠,K-Fashion Oversized Shirt,앤더슨벨,75,32000,57,300,15724,korean shirt;oversized top;kfashion unisex,0,sinsangmarket-kr;linkshops-com;ndm-kr
k-fashion,21,K-패션 스웨트팬츠,K-Fashion Sweatpants,아더에러,80,35000,56,400,15724,korean sweatpants;joggers;kfashion bottom,0,sinsangmarket-kr;linkshops-com;gotomall-kr
k-fashion,22,K-패션 볼캡,K-Fashion Ball Cap,젠틀몬스터,40,17000,57,90,15724,korean cap;ballcap;kfashion accessory,0,sinsangmarket-kr;linkshops-com;domema-com
k-fashion,23,K-패션 크롭탑,K-Fashion Crop Top,임블리,35,15000,57,120,15724,korean crop top;womens fashion;kfashion summer,0,sinsangmarket-kr;linkshops-com;sellmoa-com
k-fashion,24,K-패션 플리츠 스커트,K-Fashion Pleated Skirt,브랜디,45,19000,58,200,15724,korean skirt;pleated skirt;kfashion women,0,sinsangmarket-kr;linkshops-com;gotomall-kr
k-fashion,25,K-패션 와이드 팬츠,K-Fashion Wide Leg Pants,에이블리,60,25000,58,350,15724,korean pants;wide leg;kfashion bottom,0,sinsangmarket-kr;linkshops-com;ndm-kr
k-fashion,26,K-패션 롱 코트,K-Fashion Long Coat,지그재그,120,50000,58,700,15724,korean coat;long outerwear;kfashion winter,0,sinsangmarket-kr;linkshops-com;domema-com
k-fashion,27,K-패션 스니커즈,K-Fashion Sneakers,KREAM,100,40000,60,700,15709,korean sneakers;fashion shoes;kfashion footwear,0,sinsangmarket-kr;linkshops-com;ndm-kr
k-fashion,28,K-패션 백팩,K-Fashion Backpack,솔드아웃,70,30000,57,500,15724,korean backpack;fashion bag;kfashion accessory,0,sinsangmarket-kr;linkshops-com;gotomall-kr
k-fashion,29,K-패션 스카프,K-Fashion Scarf,W컨셉,40,17000,57,100,15724,korean scarf;fashion accessory;kfashion neckwear,0,sinsangmarket-kr;linkshops-com;domema-com
k-fashion,30,K-패션 양말 세트,K-Fashion Socks Set,무신사,15,6000,60,80,15724,korean socks;fashion socks;kfashion accessory,0,sinsangmarket-kr;linkshops-com;gotomall-kr
k-beauty-skincare,1,조선미녀 맑은쌀 선크림,Beauty of Joseon Relief Sun Rice,조선미녀,18.5,7800,42,220,11233,korean sunscreen;kbeauty;rice extract,0,domeggook-com;ownerclan-com;koreacosmetic-com
k-beauty-skincare,2,이니스프리 그린티 씨드 세럼,Innisfree Green Tea Seed Serum,이니스프리,28,12000,57,180,11233,innisfree serum;green tea skincare;korean essence,0,domeggook-com;beautyandbiz-com;kbeautydomae-com
k-beauty-skincare,3,닥터자르트 시카페어 크림,Dr. Jart+ Cicapair Cream,닥터자르트,40,18000,55,150,11233,dr jart cica;cicapair cream;korean moisturizer,0,ownerclan-com;cosmeticbank-co-kr;onchannel-co-kr
k-beauty-skincare,4,코스알엑스 퓨어핏 시카 토너,COSRX Pure Fit Cica Toner,코스알엑스,22,9000,59,250,11233,cosrx cica;korean toner;sensitive skin,0,domeggook-com;koreacosmetic-com;dometopia-com
k-beauty-skincare,5,메디힐 티트리 케어 솔루션 마스크,Mediheal Tea Tree Care Solution Mask,메디힐,15,6000,60,100,11233,mediheal mask;tea tree sheet mask;korean skincare,0,ownerclan-com;beautyandbiz-com;sellmoa-com
k-beauty-skincare,6,설화수 윤조 에센스,Sulwhasoo First Care Activating Serum,설화수,80,35000,56,200,11233,sulwhasoo serum;korean luxury skincare;first care,0,domeggook-com;koreacosmetic-com;cosmeticbank-co-kr
k-beauty-skincare,7,헤라 블랙 쿠션,Hera Black Cushion,헤라,45,20000,55,120,11233,hera cushion;korean foundation;black cushion,0,ownerclan-com;beautyandbiz-com;onchannel-co-kr
k-beauty-skincare,8,라네즈 워터 슬리핑 마스크,Laneige Water Sleeping Mask,라네즈,25,10000,60,180,11233,laneige mask;sleeping pack;korean hydration,0,domeggook-com;kbeautydomae-com;dometopia-com
k-beauty-skincare,9,아비브 어성초 스팟 패드 카밍 터치,Abib Heartleaf Spot Pad Calming Touch,아비브,20,8000,60,150,11233,abib heartleaf;spot pad;korean calming,0,ownerclan-com;koreacosmetic-com;sellmoa-com
k-beauty-skincare,10,넘버즈인 3번 찹찹 보들 결 세럼,Numbuzin No.3 Skin Softening Serum,넘버즈인,28,12000,57,100,11233,numbuzin serum;korean texture;skin softening,0,domeggook-com;beautyandbiz-com;cosmeticbank-co-kr
k-beauty-skincare,11,마녀공장 퓨어 클렌징 오일,Manyo Factory Pure Cleansing Oil,마녀공장,25,10000,60,250,11233,manyo cleansing oil;korean double cleanse;pure oil,0,ownerclan-com;kbeautydomae-com;onchannel-co-kr
k-beauty-skincare,12,라운드랩 1025 독도 토너,Round Lab 1025 Dokdo Toner,라운드랩,20,8000,60,280,11233,round lab dokdo;korean toner;hydration toner,0,domeggook-com;koreacosmetic-com;dometopia-com
k-beauty-skincare,13,아누아 어성초 77 수딩 토너,Anua Heartleaf 77% Soothing Toner,아누아,25,10000,60,280,11233,anua heartleaf;soothing toner;korean calming,0,ownerclan-com;beautyandbiz-com;sellmoa-com
k-beauty-skincare,14,스킨1004 마다가스카르 센텔라 앰플,SKIN1004 Madagascar Centella Ampoule,스킨1004,22,9000,59,120,11233,skin1004 centella;madagascar ampoule;korean soothing,0,domeggook-com;kbeautydomae-com;cosmeticbank-co-kr
k-beauty-skincare,15,토리든 다이브인 저분자 히알루론산 세럼,Torriden DIVE-IN Low Molecular Hyaluronic Acid Serum,토리든,28,12000,57,100,11233,torriden serum;hyaluronic acid;korean hydration,0,ownerclan-com;koreacosmetic-com;onchannel-co-kr
k-beauty-skincare,16,K-뷰티 수분 크림,K-Beauty Hydrating Cream,이니스프리,20,8000,60,150,11233,korean moisturizer;hydrating cream;kbeauty skincare,0,domeggook-com;beautyandbiz-com;dometopia-com
k-beauty-skincare,17,K-뷰티 클렌징 폼,K-Beauty Cleansing Foam,라네즈,15,6000,60,120,11233,korean cleanser;cleansing foam;kbeauty face wash,0,ownerclan-com;kbeautydomae-com;sellmoa-com
k-beauty-skincare,18,K-뷰티 시트 마스크 팩,K-Beauty Sheet Mask Pack,메디힐,10,4000,60,80,11233,korean mask;sheet mask;kbeauty face mask,0,domeggook-com;koreacosmetic-com;cosmeticbank-co-kr
k-beauty-skincare,19,K-뷰티 선 스틱,K-Beauty Sun Stick,조선미녀,18,7500,58,80,11233,korean sunstick;sun protection;kbeauty spf,0,ownerclan-com;beautyandbiz-com;onchannel-co-kr
k-beauty-skincare,20,K-뷰티 아이 크림,K-Beauty Eye Cream,설화수,35,15000,57,50,11233,korean eye cream;anti-aging;kbeauty eye care,0,domeggook-com;kbeautydomae-com;dometopia-com
k-beauty-skincare,21,K-뷰티 앰플,K-Beauty Ampoule,스킨1004,22,9000,59,100,11233,korean ampoule;skin booster;kbeauty serum,0,ownerclan-com;koreacosmetic-com;sellmoa-com
k-beauty-skincare,22,K-뷰티 토너 패드,K-Beauty Toner Pad,아비브,20,8000,60,180,11233,korean toner pad;exfoliating pads;kbeauty treatment,0,domeggook-com;beautyandbiz-com;cosmeticbank-co-kr
k-beauty-skincare,23,K-뷰티 클렌징 밤,K-Beauty Cleansing Balm,마녀공장,25,10000,60,150,11233,korean cleansing balm;makeup remover;kbeauty oil cleanser,0,ownerclan-com;kbeautydomae-com;onchannel-co-kr
k-beauty-skincare,24,K-뷰티 립 마스크,K-Beauty Lip Sleeping Mask,라네즈,18,7500,58,50,11233,korean lip mask;lip care;kbeauty lip balm,0,domeggook-com;koreacosmetic-com;dometopia-com
k-beauty-skincare,25,K-뷰티 세럼,K-Beauty Serum,넘버즈인,28,12000,57,100,11233,korean serum;face serum;kbeauty essence,0,ownerclan-com;beautyandbiz-com;sellmoa-com
k-beauty-skincare,26,K-뷰티 클렌징 오일,K-Beauty Cleansing Oil,마녀공장,20,8000,60,200,11233,korean cleansing oil;oil cleanser;kbeauty makeup remover,0,domeggook-com;kbeautydomae-com;cosmeticbank-co-kr
k-beauty-skincare,27,K-뷰티 선크림,K-Beauty Sunscreen,조선미녀,18,7500,58,100,11233,korean sunscreen;spf cream;kbeauty sun protection,0,ownerclan-com;koreacosmetic-com;onchannel-co-kr
k-beauty-skincare,28,K-뷰티 페이스 토너,K-Beauty Face Toner,라운드랩,18,7500,58,250,11233,korean toner;face toner;kbeauty hydration,0,domeggook-com;beautyandbiz-com;dometopia-com
k-beauty-skincare,29,K-뷰티 폼 클렌저,K-Beauty Foam Cleanser,이니스프리,12,5000,58,120,11233,korean foam cleanser;face wash;kbeauty cleansing,0,ownerclan-com;kbeautydomae-com;sellmoa-com
k-beauty-skincare,30,K-뷰티 에센스,K-Beauty Essence,닥터자르트,30,13000,57,100,11233,korean essence;face treatment;kbeauty serum,0,domeggook-com;koreacosmetic-com;cosmeticbank-co-kr
drones,1,DJI 미니 3 프로 드론,DJI Mini 3 Pro Drone,DJI,799.99,450000,43,450,182071,dji drone;mini drone;camera drone,0,store-dji-com-kr;helsel-co-kr;dronestore-co-kr
drones,2,바이로봇 드론파이터,Byrobot Drone Fighter,바이로봇,129.99,55000,57,250,182071,byrobot drone;toy drone;korean drone,0,domeggook-com;ownerclan-com;dometopia-com
drones,3,유콘시스템 정찰 드론,Uconsystem Surveillance Drone,유콘시스템,2500,1200000,52,1500,182071,surveillance drone;industrial drone;korean uav,0,dometopia-com;onchannel-co-kr;sellmoa-com
drones,4,파블로항공 드론 배송 시스템,Pablo Air Drone Delivery System,파블로항공,5000,2500000,50,3000,182071,drone delivery;logistics drone;korean drone tech,0,dometopia-com;onchannel-co-kr;sellmoa-com
drones,5,네온테크 산업용 드론,Neontech Industrial Drone,네온테크,3000,1500000,50,2000,182071,industrial drone;heavy lift drone;korean drone,3,dometopia-com;onchannel-co-kr;sellmoa-com
drones,6,두산모빌리티이노베이션 수소 드론,Doosan Mobility Innovation Hydrogen Drone,두산모빌리티이노베이션,10000,5000000,50,5000,182071,hydrogen drone;long endurance drone;doosan drone,0,dometopia-com;onchannel-co-kr;sellmoa-com
drones,7,한빛드론 교육용 드론,Hanbit Drone Educational Drone,한빛드론,89.99,38000,58,180,182071,educational drone;beginner drone;korean drone,0,domeggook-com;ownerclan-com;dronestore-co-kr
drones,8,헬셀 농업용 드론,Helsel Agricultural Drone,헬셀,4000,2000000,50,4000,182071,agricultural drone;farming drone;helsel drone,0,helsel-co-kr;dometopia-com;onchannel-co-kr
drones,9,드론월드 레이싱 드론,Drone World Racing Drone,드론월드,299.99,120000,60,300,182071,racing drone;fpv drone;drone world,0,droneworld-co-kr;domeggook-com;ownerclan-com
drones,10,아스트로엑스 접이식 드론,AstroX Foldable Drone,아스트로엑스,199.99,80000,60,280,182071,foldable drone;portable drone;astrox,0,domeggook-com;ownerclan-com;sellmoa-com
drones,11,엑스드론 전문가용 드론,X-Drone Professional Drone,엑스드론,1500,700000,53,1000,182071,professional drone;high-end drone;x-drone,0,dometopia-com;onchannel-co-kr;sellmoa-com
drones,12,피앤유드론 촬영용 드론,PNU Drone Filming Drone,피앤유드론,800,350000,56,800,182071,filming drone;aerial photography;pnu drone,0,dometopia-com;onchannel-co-kr;sellmoa-com
drones,13,디클 미니 드론,Dicle Mini Drone,디클,49.99,20000,60,100,182071,mini drone;toy drone;dicle drone,0,domeggook-com;ownerclan-com;sellmoa-com
drones,14,로보링크 코딩 드론,Robolink Coding Drone,로보링크,149.99,60000,60,200,182071,coding drone;stem toy;robolink,0,domeggook-com;ownerclan-com;dometopia-com
drones,15,유비파이 자율비행 드론,Ubifly Autonomous Drone,유비파이,1800,850000,53,1200,182071,autonomous drone;ai drone;ubifly,0,dometopia-com;onchannel-co-kr;sellmoa-com
drones,16,DJI 매빅 에어 2 배터리,DJI Mavic Air 2 Battery,DJI,119,50000,58,150,182072,dji battery;mavic air 2;drone accessory,0,store-dji-com-kr;helsel-co-kr;dronestore-co-kr
drones,17,드론 프로펠러 가드,Drone Propeller Guard,헬셀,19.99,8000,60,50,182072,propeller guard;drone safety;drone parts,0,domeggook-com;ownerclan-com;helsel-co-kr
drones,18,드론 착륙 패드,Drone Landing Pad,드론월드,29.99,12000,60,200,182072,landing pad;drone accessory;drone mat,0,domeggook-com;ownerclan-com;droneworld-co-kr
drones,19,드론 백팩 케이스,Drone Backpack Case,한빛드론,79.99,32000,60,800,182072,drone case;drone backpack;storage bag,0,domeggook-com;ownerclan-com;dronestore-co-kr
drones,20,드론 카메라 필터 세트,Drone Camera Filter Set,DJI,49.99,20000,60,80,182072,camera filter;drone lens;nd filter,0,store-dji-com-kr;helsel-co-kr;domeggook-com
drones,21,드론 충전 허브,Drone Charging Hub,DJI,59.99,25000,58,120,182072,charging hub;drone charger;multi charger,0,store-dji-com-kr;helsel-co-kr;domeggook-com
drones,22,드론 조종기 스틱,Drone Remote Controller Sticks,DJI,9.99,4000,60,30,182072,remote stick;controller parts;drone accessory,0,store-dji-com-kr;domeggook-com;ownerclan-com
drones,23,드론 랜딩 기어,Drone Landing Gear,헬셀,14.99,6000,60,70,182072,landing gear;drone legs;drone parts,0,domeggook-com;ownerclan-com;helsel-co-kr
drones,24,드론 배터리 안전 가방,Drone Battery Safety Bag,드론월드,12.99,5000,61,60,182072,battery bag;lipo safe;fireproof bag,0,domeggook-com;ownerclan-com;droneworld-co-kr
drones,25,드론 수리 키트,Drone Repair Kit,한빛드론,24.99,10000,60,150,182072,repair kit;drone tools;maintenance kit,0,domeggook-com;ownerclan-com;dronestore-co-kr
drones,26,드론 GPS 모듈,Drone GPS Module,유콘시스템,89.99,38000,58,40,182072,gps module;drone navigation;flight controller,1,dometopia-com;onchannel-co-kr;sellmoa-com
drones,27,드론 모터,Drone Motor,엑스드론,39.99,16000,60,90,182072,drone motor;brushless motor;replacement parts,-1,domeggook-com;ownerclan-com;dometopia-com
drones,28,드론 카메라 짐벌,Drone Camera Gimbal,DJI,299.99,120000,60,250,182072,camera gimbal;stabilizer;drone camera,0,store-dji-com-kr;helsel-co-kr;dronestore-co-kr
drones,29,드론 FPV 고글,Drone FPV Goggles,DJI,499.99,200000,60,350,182072,fpv goggles;drone view;virtual reality,0,store-dji-com-kr;helsel-co-kr;dronestore-co-kr
drones,30,드론 송신기,Drone Transmitter,헬셀,149.99,60000,60,300,182072,drone transmitter;remote controller;radio control,0,helsel-co-kr;domeggook-com;ownerclan-com
lego-blocks,1,레고 시티 경찰서,LEGO City Police Station,레고,99.99,45000,55,1200,172006,lego city;police station;building blocks,0,lego-com-ko-kr;toysrus-lottemart-com;itoy-co-kr
lego-blocks,2,옥스포드 블록 타운 시리즈,Oxford Block Town Series,옥스포드,49.99,22000,56,800,172006,oxford blocks;korean blocks;town series,0,domeggook-com;ownerclan-com;toymarket-co-kr
lego-blocks,3,코비블록 밀리터리 탱크,Cobi Blocks Military Tank,코비블록,69.99,30000,57,900,172006,cobi blocks;military tank;building toys,0,domeggook-com;dometopia-com;sellmoa-com
lego-blocks,4,메가블록 포켓몬 피카츄,Mega Bloks Pokemon Pikachu,메가블록,29.99,13000,57,300,172006,mega bloks;pokemon;pikachu,0,domeggook-com;ownerclan-com;itoy-co-kr
lego-blocks,5,플레이모빌 소방차,Playmobil Fire Truck,플레이모빌,59.99,27000,55,700,172006,playmobil;fire truck;figure playset,0,toysrus-lottemart-com;itoy-co-kr;toymarket-co-kr
lego-blocks,6,영실업 시크릿 쥬쥬 레인보우 파티,Youngtoys Secret Jouju Rainbow Party,영실업,79.99,35000,56,1000,172006,secret jouju;korean toy;girls playset,0,domeggook-com;ownerclan-com;toysrus-lottemart-com
lego-blocks,7,미미월드 미미 인형의 집,Mimi World Mimi Dollhouse,미미월드,89.99,40000,56,1500,172006,mimi dollhouse;korean doll;girls toy,0,domeggook-com;ownerclan-com;toysrus-lottemart-com
lego-blocks,8,아이링고 블록 세트,Iringo Blocks Set,아이링고,39.99,18000,55,600,172006,iringo blocks;creative blocks;korean toy,0,domeggook-com;ownerclan-com;dometopia-com
lego-blocks,9,몰펀 주니어 세트,Morphun Junior Set,몰펀,44.99,20000,56,500,172006,morphun;junior blocks;educational toy,9,domeggook-com;ownerclan-com;sellmoa-com
lego-blocks,10,맥포머스 브레인 마스터 세트,Magformers Brain Master Set,맥포머스,129.99,58000,55,1100,172006,magformers;magnetic blocks;brain master,0,toysrus-lottemart-com;itoy-co-kr;toymarket-co-kr
lego-blocks,11,클릭스 베이직 세트,Clics Basic Set,클릭스,34.99,15000,57,400,172006,clics blocks;construction toy;basic set,0,domeggook-com;ownerclan-com;dometopia-com
lego-blocks,12,지오멕 자석 블록,Geomag Magnetic Blocks,지오멕,54.99,24000,56,650,172006,geomag;magnetic construction;stem toy,0,domeggook-com;ownerclan-com;sellmoa-com
lego-blocks,13,토이트론 실바니안 패밀리,Toytron Sylvanian Families,토이트론,69.99,30000,57,850,172006,sylvanian families;animal figures;toytron,0,toysrus-lottemart-com;itoy-co-kr;toymarket-co-kr
lego-blocks,14,오르다 자석 가베,Orda Magnetic Gabe,오르다,119.99,50000,58,1000,172006,orda gabe;magnetic blocks;educational toy,0,domeggook-com;ownerclan-com;dometopia-com
lego-blocks,15,블로코 소프트 블록,Blocko Soft Blocks,블로코,24.99,10000,60,350,172006,soft blocks;baby toy;blocko,0,domeggook-com;ownerclan-com;sellmoa-com
lego-blocks,16,레고 프렌즈 하트레이크 시티 병원,LEGO Friends Heartlake City Hospital,레고,89.99,40000,56,1100,172006,lego friends;heartlake city;hospital playset,0,lego-com-ko-kr;toysrus-lottemart-com;itoy-co-kr
lego-blocks,17,옥스포드 블록 한국 전통 가옥,Oxford Blocks Korean Traditional House,옥스포드,79.99,35000,56,950,172006,korean traditional;hanok blocks;oxford blocks,-16,domeggook-com;ownerclan-com;toymarket-co-kr
lego-blocks,18,레고 닌자고 드래곤,LEGO Ninjago Dragon,레고,69.99,30000,57,800,172006,lego ninjago;dragon toy;ninja blocks,0,lego-com-ko-kr;toysrus-lottemart-com;itoy-co-kr
lego-blocks,19,옥스포드 블록 군함,Oxford Blocks Warship,옥스포드,119.99,50000,58,1300,172006,oxford blocks;warship model;military blocks,0,domeggook-com;ownerclan-com;dometopia-com
lego-blocks,20,레고 테크닉 스포츠카,LEGO Technic Sports Car,레고,149.99,65000,57,1500,172006,lego technic;sports car;advanced building,0,lego-com-ko-kr;toysrus-lottemart-com;itoy-co-kr
lego-blocks,21,옥스포드 블록 소방서,Oxford Blocks Fire Station,옥스포드,64.99,28000,57,900,172006,oxford blocks;fire station;city building,-5,domeggook-com;ownerclan-com;toymarket-co-kr
lego-blocks,22,레고 스타워즈 밀레니엄 팔콘,LEGO Star Wars Millennium Falcon,레고,169.99,75000,56,1800,172006,lego star wars;millennium falcon;collectible lego,0,lego-com-ko-kr;toysrus-lottemart-com;itoy-co-kr
lego-blocks,23,옥스포드 블록 경찰차,Oxford Blocks Police Car,옥스포드,29.99,12000,60,400,172006,oxford blocks;police car;vehicle blocks,0,domeggook-com;ownerclan-com;sellmoa-com
lego-blocks,24,레고 마인크래프트 던전,LEGO Minecraft The Dungeon,레고,39.99,17000,58,500,172006,lego minecraft;dungeon set;gaming blocks,0,lego-com-ko-kr;toysrus-lottemart-com;itoy-co-kr
lego-blocks,25,옥스포드 블록 기차역,Oxford Blocks Train Station,옥스포드,89.99,38000,58,1000,172006,oxford blocks;train station;city playset,0,domeggook-com;ownerclan-com;toymarket-co-kr
lego-blocks,26,레고 듀플로 동물원,LEGO Duplo Zoo,레고,49.99,20000,60,700,172006,lego duplo;zoo animals;toddler blocks,0,lego-com-ko-kr;toysrus-lottemart-com;itoy-co-kr
lego-blocks,27,옥스포드 블록 우주선,Oxford Blocks Spaceship,옥스포드,59.99,25000,58,750,172006,oxford blocks;spaceship toy;space building,0,domeggook-com;ownerclan-com;dometopia-com
lego-blocks,28,레고 클래식 브릭 박스,LEGO Classic Brick Box,레고,29.99,12000,60,600,172006,lego classic;brick box;creative building,0,lego-com-ko-kr;toysrus-lottemart-com;itoy-co-kr
lego-blocks,29,옥스포드 블록 공룡 시리즈,Oxford Blocks Dinosaur Series,옥스포드,34.99,14000,60,500,172006,oxford blocks;dinosaur toy;prehistoric blocks,0,domeggook-com;ownerclan-com;sellmoa-com
lego-blocks,30,레고 슈퍼히어로즈 아이언맨,LEGO Super Heroes Iron Man,레고,24.99,10000,60,300,172006,lego superheroes;iron man;marvel blocks,0,lego-com-ko-kr;toysrus-lottemart-com;itoy-co-kr
mens-fashion,1,무신사 스탠다드 오버핏 티셔츠,Musinsa Standard Oversized T-shirt,무신사 스탠다드,29.99,12000,60,250,15724,korean fashion;oversized tee;musinsa,0,sinsangmarket-kr;linkshops-com;domeggook-com
mens-fashion,2,커버낫 C로고 맨투맨,Covernat C-Logo Sweatshirt,커버낫,69.99,30000,57,500,15724,covernat;korean sweatshirt;streetwear,0,sinsangmarket-kr;linkshops-com;ownerclan-com
mens-fashion,3,디스이즈네버댓 로고 후드티,Thisisneverthat Logo Hoodie,디스이즈네버댓,89.99,40000,56,600,15724,thisisneverthat;korean hoodie;street fashion,0,sinsangmarket-kr;linkshops-com;dometopia-com
mens-fashion,4,LMC 시스템 로고 티셔츠,LMC System Logo T-shirt,LMC,49.99,20000,60,280,15724,lmc;korean streetwear;graphic tee,0,sinsangmarket-kr;linkshops-com;sellmoa-com
mens-fashion,5,앤더슨벨 유니섹스 스웨터,Andersson Bell Unisex Sweater,앤더슨벨,129.99,55000,58,700,15724,andersson bell;korean designer;unisex sweater,0,sinsangmarket-kr;linkshops-com;onchannel-co-kr
mens-fashion,6,아더에러 시그니처 로고 캡,ADER error Signature Logo Cap,아더에러,119.99,50000,58,150,175785,ader error;korean cap;designer hat,0,sinsangmarket-kr;linkshops-com;gotomall-kr
mens-fashion,7,우영미 로고 티셔츠,Wooyoungmi Logo T-shirt,우영미,199.99,85000,57,300,15724,wooyoungmi;korean luxury;designer tee,0,sinsangmarket-kr;linkshops-com;ndm-kr
mens-fashion,8,준지 오버사이즈 코트,Juun.J Oversized Coat,준지,800,350000,56,1500,57988,juun.j;korean designer;oversized coat,0,sinsangmarket-kr;linkshops-com;onchannel-co-kr
mens-fashion,9,송지오 옴므 수트 재킷,Songzio Homme Suit Jacket,송지오,600,250000,58,1000,57988,songzio;korean suit;designer jacket,0,sinsangmarket-kr;linkshops-com;ndm-kr
mens-fashion,10,시스템옴므 와이드 팬츠,System Homme Wide Pants,시스템옴므,250,110000,56,600,57989,system homme;korean pants;wide leg trousers,0,sinsangmarket-kr;linkshops-com;gotomall-kr
mens-fashion,11,타임옴므 캐시미어 니트,TIME Homme Cashmere Knit,타임옴므,350,150000,57,400,15724,time homme;cashmere knit;korean sweater,0,sinsangmarket-kr;linkshops-com;ndm-kr
mens-fashion,12,솔리드옴므 블레이저,Solid Homme Blazer,솔리드옴므,500,220000,56,800,57988,solid homme;korean blazer;mens jacket,0,sinsangmarket-kr;linkshops-com;onchannel-co-kr
mens-fashion,13,비슬로우 옥스포드 셔츠,Beslow Oxford Shirt,비슬로우,79.99,35000,56,300,57990,beslow;oxford shirt;korean menswear,0,sinsangmarket-kr;linkshops-com;domeggook-com
mens-fashion,14,쿠어 미니멀 가디건,Coor Minimal Cardigan,쿠어,99.99,45000,55,450,15724,coor;korean cardigan;minimal fashion,0,sinsangmarket-kr;linkshops-com;ownerclan-com
mens-fashion,15,드로우핏 세미 와이드 슬랙스,Drawfit Semi Wide Slacks,드로우핏,69.99,30000,57,400,57989,drawfit;korean slacks;wide pants,0,sinsangmarket-kr;linkshops-com;gotomall-kr
mens-fashion,16,무신사 스탠다드 셋업 수트,Musinsa Standard Setup Suit,무신사 스탠다드,150,60000,60,1000,57988,musinsa suit;korean casual suit;mens setup,0,sinsangmarket-kr;linkshops-com;domeggook-com
mens-fashion,17,커버낫 덕 다운 숏 패딩,Covernat Duck Down Short Padded Jacket,커버낫,180,75000,58,800,57988,covernat padding;korean puffer;winter jacket,0,sinsangmarket-kr;linkshops-com;ownerclan-com
mens-fashion,18,디스이즈네버댓 고어텍스 재킷,Thisisneverthat Gore-Tex Jacket,디스이즈네버댓,300,130000,57,700,57988,thisisneverthat jacket;gore-tex;outdoor wear,0,sinsangmarket-kr;linkshops-com;dometopia-com
mens-fashion,19,LMC 데님 팬츠,LMC Denim Pants,LMC,99.99,40000,60,600,57989,lmc denim;korean jeans;straight fit,0,sinsangmarket-kr;linkshops-com;sellmoa-com
mens-fashion,20,앤더슨벨 체크 셔츠,Andersson Bell Check Shirt,앤더슨벨,109.99,45000,59,350,57990,andersson bell shirt;korean check shirt;flannel,0,sinsangmarket-kr;linkshops-com;onchannel-co-kr
mens-fashion,21,아더에러 양말,ADER error Socks,아더에러,39.99,16000,60,50,175785,ader error socks;korean socks;designer socks,0,sinsangmarket-kr;linkshops-com;gotomall-kr
mens-fashion,22,우영미 스니커즈,Wooyoungmi Sneakers,우영미,400,180000,55,1000,93427,wooyoungmi sneakers;korean designer shoes;luxury sneakers,0,sinsangmarket-kr;linkshops-com;ndm-kr
mens-fashion,23,준지 백팩,Juun.J Backpack,준지,350,150000,57,800,16923,juun.j backpack;korean designer bag;fashion backpack,0,sinsangmarket-kr;linkshops-com;onchannel-co-kr
mens-fashion,24,송지오 옴므 지갑,Songzio Homme Wallet,송지오,180,75000,58,100,175785,songzio wallet;korean luxury wallet;mens wallet,0,sinsangmarket-kr;linkshops-com;ndm-kr
mens-fashion,25,시스템옴므 벨트,System Homme Belt,시스템옴므,120,50000,58,200,175785,system homme belt;korean belt;leather belt,0,sinsangmarket-kr;linkshops-com;gotomall-kr
mens-fashion,26,타임옴므 머플러,TIME Homme Muffler,타임옴므,150,60000,60,250,175785,time homme muffler;korean scarf;winter accessory,0,sinsangmarket-kr;linkshops-com;ndm-kr
mens-fashion,27,솔리드옴므 넥타이,Solid Homme Necktie,솔리드옴므,90,38000,58,80,175785,solid homme tie;korean necktie;silk tie,0,sinsangmarket-kr;linkshops-com;onchannel-co-kr
mens-fashion,28,비슬로우 모자,Beslow Hat,비슬로우,49.99,20000,60,120,175785,beslow hat;korean cap;mens headwear,0,sinsangmarket-kr;linkshops-com;domeggook-com
mens-fashion,29,쿠어 에코백,Coor Eco Bag,쿠어,34.99,14000,60,180,16923,coor eco bag;korean tote bag;canvas bag,0,sinsangmarket-kr;linkshops-com;ownerclan-com
mens-fashion,30,드로우핏 선글라스,Drawfit Sunglasses,드로우핏,79.99,32000,60,100,175785,drawfit sunglasses;korean eyewear;fashion shades,0,sinsangmarket-kr;linkshops-com;gotomall-kr
character-goods,1,카카오프렌즈 라이언 인형,Kakao Friends Ryan Plush Doll,카카오프렌즈,34.99,15000,57,250,1468,kakao ryan;korean plush;character doll,0,store-kakaofriends-com;10x10-co-kr;domeggook-com
character-goods,2,라인프렌즈 브라운 쿠션,LINE Friends Brown Cushion,라인프렌즈,29.99,13000,57,300,1468,line brown;korean cushion;character pillow,0,store-linefriends-com;10x10-co-kr;ownerclan-com
character-goods,3,BT21 타타 피규어,BT21 Tata Figure,BT21,19.99,8000,60,100,1468,bt21 tata;kpop merch;character figure,0,store-linefriends-com;10x10-co-kr;dometopia-com
character-goods,4,뽀로로 아기 상어 인형,Pororo Baby Shark Plush,뽀로로,24.99,10000,60,200,1468,pororo;baby shark;korean kids toy,0,domeggook-com;ownerclan-com;sellmoa-com
character-goods,5,핑크퐁 아기 상어 멜로디 인형,Pinkfong Baby Shark Melody Doll,핑크퐁,39.99,17000,58,350,1468,pinkfong;baby shark;melody toy,0,domeggook-com;ownerclan-com;onchannel-co-kr
character-goods,6,타요 버스 미니카 세트,Tayo Bus Minicar Set,타요,49.99,20000,60,400,1468,tayo bus;korean animation;minicar toy,0,domeggook-com;ownerclan-com;dometopia-com
character-goods,7,로보카폴리 구조대 장난감,Robocar Poli Rescue Team Toy,로보카폴리,59.99,25000,58,500,1468,robocar poli;rescue team;korean robot toy,0,domeggook-com;ownerclan-com;sellmoa-com
character-goods,8,산리오 헬로키티 파우치,Sanrio Hello Kitty Pouch,산리오,14.99,6000,60,80,1468,sanrio hello kitty;korean pouch;cute stationery,0,10x10-co-kr;artboxmall-com;domeggook-com
character-goods,9,몰랑이 스티커 세트,Molang Sticker Set,몰랑이,9.99,4000,60,30,1468,molang;korean sticker;cute character,0,10x10-co-kr;artboxmall-com;domeggook-com
character-goods,10,오버액션토끼 에어팟 케이스,Over Action Rabbit Airpods Case,오버액션토끼,17.99,7000,61,60,1468,over action rabbit;korean airpods case;cute accessory,0,10x10-co-kr;artboxmall-com;ownerclan-com
character-goods,11,최고심 폰케이스,Choigosim Phone Case,최고심,19.99,8000,60,50,1468,choigosim;korean phone case;cute design,0,10x10-co-kr;artboxmall-com;dometopia-com
character-goods,12,잔망루피 키링,Zanmang Loopy Keyring,잔망루피,12.99,5000,61,40,1468,zanmang loopy;korean keyring;cute charm,0,10x10-co-kr;artboxmall-com;sellmoa-com
character-goods,13,펭수 봉제 인형,Pengsoo Plush Doll,펭수,29.99,12000,60,280,1468,pengsoo;korean plush;giant penguin,0,domeggook-com;ownerclan-com;onchannel-co-kr
character-goods,14,무직타이거 젤펜,Muziktiger Gel Pen,무직타이거,7.99,3000,62,20,1468,muziktiger;korean pen;tiger stationery,0,10x10-co-kr;artboxmall-com;domeggook-com
character-goods,15,조구만 스튜디오 엽서 세트,Joguman Studio Postcard Set,조구만,11.99,4500,62,50,1468,joguman studio;korean postcard;cute illustration,0,10x10-co-kr;artboxmall-com;ownerclan-com
character-goods,16,카카오프렌즈 어피치 머그컵,Kakao Friends Apeach Mug Cup,카카오프렌즈,19.99,8000,60,300,1468,kakao apeach;korean mug;character cup,0,store-kakaofriends-com;10x10-co-kr;domeggook-com
character-goods,17,라인프렌즈 샐리 스마트톡,LINE Friends Sally Smart Tok,라인프렌즈,14.99,6000,60,40,1468,line sally;korean smart tok;phone grip,0,store-linefriends-com;10x10-co-kr;ownerclan-com
character-goods,18,BT21 쿠키 담요,BT21 Cooky Blanket,BT21,39.99,16000,60,400,1468,bt21 cooky;kpop blanket;character throw,0,store-linefriends-com;10x10-co-kr;dometopia-com
character-goods,19,뽀로로 스티커북,Pororo Sticker Book,뽀로로,9.99,4000,60,100,1468,pororo sticker;korean kids book;activity book,3,domeggook-com;ownerclan-com;sellmoa-com
character-goods,20,핑크퐁 아기 상어 칫솔 세트,Pinkfong Baby Shark Toothbrush Set,핑크퐁,12.99,5000,61,80,1468,pinkfong toothbrush;korean kids hygiene;baby shark,0,domeggook-com;ownerclan-com;onchannel-co-kr
character-goods,21,타요 버스 색칠 공부,Tayo Bus Coloring Book,타요,8.99,3500,61,150,1468,tayo coloring book;korean kids activity;bus character,0,domeggook-com;ownerclan-com;dometopia-com
character-goods,22,로보카폴리 스쿨백,Robocar Poli School Bag,로보카폴리,39.99,16000,60,450,1468,robocar poli backpack;korean school bag;kids backpack,0,domeggook-com;ownerclan-com;sellmoa-com
character-goods,23,산리오 마이멜로디 노트,Sanrio My Melody Notebook,산리오,10.99,4500,59,120,1468,sanrio my melody;korean notebook;cute stationery,0,10x10-co-kr;artboxmall-com;domeggook-com
character-goods,24,몰랑이 볼펜,Molang Ballpoint Pen,몰랑이,6.99,2500,64,20,1468,molang pen;korean pen;cute writing,0,10x10-co-kr;artboxmall-com;domeggook-com
character-goods,25,오버액션토끼 스티커,Over Action Rabbit Stickers,오버액션토끼,5.99,2000,67,10,1468,over action rabbit;korean stickers;cute decals,0,10x10-co-kr;artboxmall-com;ownerclan-com
character-goods,26,최고심 마우스패드,Choigosim Mouse Pad,최고심,15.99,6500,59,100,1468,choigosim mousepad;korean desk accessory;cute mousepad,0,10x10-co-kr;artboxmall-com;dometopia-com
character-goods,27,잔망루피 에코백,Zanmang Loopy Eco Bag,잔망루피,22.99,9000,61,150,1468,zanmang loopy bag;korean eco bag;character tote,0,10x10-co-kr;artboxmall-com;sellmoa-com
character-goods,28,펭수 폰 그립톡,Pengsoo Phone Griptok,펭수,14.99,6000,60,30,1468,pengsoo griptok;korean phone accessory;character phone grip,0,domeggook-com;ownerclan-com;onchannel-co-kr
character-goods,29,무직타이거 노트북 파우치,Muziktiger Laptop Pouch,무직타이거,29.99,12000,60,200,1468,muziktiger pouch;korean laptop case;tiger design,0,10x10-co-kr;artboxmall-com;domeggook-com
character-goods,30,조구만 스튜디오 스티커,Joguman Studio Stickers,조구만,7.99,3000,62,15,1468,joguman studio;korean stickers;dinosaur stickers,0,10x10-co-kr;artboxmall-com;ownerclan-com
k-stationery,1,모닝글로리 컬러 젤펜 세트,Morning Glory Color Gel Pen Set,모닝글로리,14.99,6000,60,100,1760,morning glory pen;korean gel pen;color pen set,0,morningglory-co-kr;1000za-kr;domeggook-com
k-stationery,2,아트박스 다이어리 꾸미기 스티커,Artbox Diary Deco Stickers,아트박스,9.99,4000,60,30,1760,artbox stickers;korean deco;diary stickers,0,artboxmall-com;10x10-co-kr;ownerclan-com
k-stationery,3,카카오프렌즈 라이언 노트,Kakao Friends Ryan Notebook,카카오프렌즈,12.99,5000,61,150,1760,kakao ryan notebook;korean stationery;character notebook,0,10x10-co-kr;dometopia-com
k-stationery,4,라인프렌즈 브라운 펜 케이스,LINE Friends Brown Pen Case,라인프렌즈,17.99,7000,61,80,1760,line brown pen case;korean pencil case;character pouch,0,10x10-co-kr;sellmoa-com
k-stationery,5,텐바이텐 플래너 다이어리,10x10 Planner Diary,텐바이텐,24.99,10000,60,200,1760,10x10 diary;korean planner;yearly planner,0,10x10-co-kr;artboxmall-com;onchannel-co-kr
k-stationery,6,핫트랙스 디자인 볼펜,Hottracks Design Ballpoint Pen,핫트랙스,8.99,3500,61,25,1760,hottracks pen;korean ballpoint;design pen,0,domeggook-com;ownerclan-com;1000za-kr
k-stationery,7,오브젝트 감성 스티커,Object Aesthetic Stickers,오브젝트,7.99,3000,62,15,1760,object stickers;korean aesthetic;deco stickers,0,10x10-co-kr;artboxmall-com;dometopia-com
k-stationery,8,포인트오브뷰 컬러 인덱스,Point of View Color Index Tabs,포인트오브뷰,6.99,2500,64,10,1760,point of view;korean index tabs;colorful tabs,0,10x10-co-kr;artboxmall-com;sellmoa-com
k-stationery,9,데일리라이크 마스킹 테이프,Dailylike Masking Tape,데일리라이크,5.99,2000,67,20,1760,dailylike tape;korean masking tape;deco tape,0,10x10-co-kr;artboxmall-com;domeggook-com
k-stationery,10,인디고 북마크 세트,Indigo Bookmark Set,인디고,7.99,3000,62,30,1760,indigo bookmark;korean bookmark;reading accessory,0,10x10-co-kr;artboxmall-com;ownerclan-com
k-stationery,11,라이브워크 데스크 매트,Livework Desk Mat,라이브워크,19.99,8000,60,250,1760,livework desk mat;korean desk pad;stationery mat,0,10x10-co-kr;artboxmall-com;dometopia-com
k-stationery,12,비온디 스케줄러,Beond Scheduler,비온디,16.99,7000,59,180,1760,beond scheduler;korean planner;monthly planner,0,10x10-co-kr;artboxmall-com;sellmoa-com
k-stationery,13,루카랩 다이어리,Lucalab Diary,루카랩,22.99,9000,61,220,1760,lucalab diary;korean diary;cute planner,0,10x10-co-kr;artboxmall-com;onchannel-co-kr
k-stationery,14,어프어프 폰케이스,Earpearp Phone Case,어프어프,19.99,8000,60,50,1760,earpearp phone case;korean phone accessory;cute design,0,10x10-co-kr;artboxmall-com;domeggook-com
k-stationery,15,세컨드맨션 떡메모지,Second Mansion Memo Pad,세컨드맨션,8.99,3500,61,60,1760,second mansion;korean memo pad;sticky notes,0,10x10-co-kr;artboxmall-com;ownerclan-com
k-stationery,16,모닝글로리 연필깎이,Morning Glory Pencil Sharpener,모닝글로리,5.99,2000,67,40,1760,morning glory;korean sharpener;pencil sharpener,0,morningglory-co-kr;1000za-kr;domeggook-com
k-stationery,17,아트박스 지우개 세트,Artbox Eraser Set,아트박스,7.99,3000,62,50,1760,artbox eraser;korean eraser;cute eraser,0,artboxmall-com;10x10-co-kr;ownerclan-com
k-stationery,18,카카오프렌즈 어피치 파일 홀더,Kakao Friends Apeach File Holder,카카오프렌즈,10.99,4500,59,70,1760,kakao apeach;korean file holder;character file,0,10x10-co-kr;dometopia-com
k-stationery,19,라인프렌즈 코니 스티커,LINE Friends Cony Stickers,라인프렌즈,6.99,2500,64,10,1760,line cony;korean stickers;character decals,0,10x10-co-kr;sellmoa-com
k-stationery,20,텐바이텐 데스크 오거나이저,10x10 Desk Organizer,텐바이텐,29.99,12000,60,300,1760,10x10 organizer;korean desk storage;stationery holder,0,10x10-co-kr;artboxmall-com;onchannel-co-kr
k-stationery,21,핫트랙스 컬러링 북,Hottracks Coloring Book,핫트랙스,11.99,4500,62,180,1760,hottracks coloring;korean coloring book;adult coloring,0,domeggook-com;ownerclan-com;1000za-kr
k-stationery,22,오브젝트 펜 트레이,Object Pen Tray,오브젝트,14.99,6000,60,100,1760,object pen tray;korean desk accessory;minimalist tray,0,10x10-co-kr;artboxmall-com;dometopia-com
k-stationery,23,포인트오브뷰 클립보드,Point of View Clipboard,포인트오브뷰,18.99,7500,60,200,1760,point of view;korean clipboard;stylish clipboard,0,10x10-co-kr;artboxmall-com;sellmoa-com
k-stationery,24,데일리라이크 파우치,Dailylike Pouch,데일리라이크,15.99,6500,59,80,1760,dailylike pouch;korean pouch;stationery bag,0,10x10-co-kr;artboxmall-com;domeggook-com
k-stationery,25,인디고 미니 캘린더,Indigo Mini Calendar,인디고,9.99,4000,60,50,1760,indigo calendar;korean calendar;desk calendar,0,10x10-co-kr;artboxmall-com;ownerclan-com
k-stationery,26,라이브워크 스티커북,Livework Sticker Book,라이브워크,11.99,4500,62,100,1760,livework sticker;korean sticker book;deco album,0,10x10-co-kr;artboxmall-com;dometopia-com
k-stationery,27,비온디 펜 홀더,Beond Pen Holder,비온디,13.99,5500,61,70,1760,beond pen holder;korean pen stand;desk organizer,0,10x10-co-kr;artboxmall-com;sellmoa-com
k-stationery,28,루카랩 떡메모지,Lucalab Memo Pad,루카랩,8.99,3500,61,60,1760,lucalab memo;korean memo pad;sticky notes,0,10x10-co-kr;artboxmall-com;onchannel-co-kr
k-stationery,29,어프어프 에코백,Earpearp Eco Bag,어프어프,24.99,10000,60,180,1760,earpearp eco bag;korean tote bag;canvas bag,0,10x10-co-kr;artboxmall-com;domeggook-com
k-stationery,30,세컨드맨션 마스킹 테이프,Second Mansion Masking Tape,세컨드맨션,6.99,2500,64,20,1760,second mansion;korean masking tape;deco tape,0,10x10-co-kr;artboxmall-com;ownerclan-com
k-beauty-haircare,1,아모스프로페셔널 녹차실감 샴푸,Amos Professional Green Tea Scalp Shampoo,아모스프로페셔널,25,12000,52,450,18347,korean shampoo;scalp care;green tea,6,domeggook-com;ownerclan-com;b2b-memebox-com
k-beauty-haircare,2,미쟝센 퍼펙트 세럼 오리지널,Mise en Scene Perfect Serum Original,미쟝센,15,6500,57,150,18347,hair serum;korean hair care;argan oil,2,domeggook-com;cosmeticdomemall-com;koreacospack-com
k-beauty-haircare,3,려 자양윤모 탈모증상완화 샴푸,Ryo Hair Loss Care Shampoo,려,22,10000,54,400,18347,hair loss shampoo;korean herbal;scalp treatment,0,ownerclan-com;dometopia-com;domeme-com
k-beauty-haircare,4,닥터포헤어 폴리젠 샴푸,Dr.FORHAIR Folligen Shampoo,닥터포헤어,30,14000,53,500,18347,anti-hair loss;korean derma;scalp care,-2,sellmoa-com;supercat-co-kr;kbeautydomae-com
k-beauty-haircare,5,케라시스 살롱케어 앰플 트리트먼트,Kerasys Salon Care Ampoule Treatment,케라시스,18,8000,55,250,18347,hair treatment;korean conditioner;damaged hair,0,domeggook-com;ownerclan-com;domeme-com
k-beauty-haircare,6,제니하우스 리버스 스칼프 샴푸,Jennyhouse Rebirth Scalp Shampoo,제니하우스,35,16000,54,480,18347,scalp shampoo;korean salon;hair growth,0,dometopia-com;b2b-memebox-com;koreacospack-com
k-beauty-haircare,7,아로마티카 로즈마리 스칼프 스케일링 샴푸,Aromatica Rosemary Scalp Scaling Shampoo,아로마티카,28,13000,53,420,18347,rosemary shampoo;organic hair;scalp scaling,0,sellmoa-com;cosmeticdomemall-com;supercat-co-kr
k-beauty-haircare,8,라보에이치 프로바이오틱스 헤어 탈모증상완화 샴푸,LABO-H Probiotics Hair Loss Relief Shampoo,라보에이치,27,12500,53,430,18347,probiotics shampoo;hair loss;korean scalp,0,domeggook-com;ownerclan-com;kbeautydomae-com
k-beauty-haircare,9,그라펜 해수 포마드,Grafen Sea Water Pomade,그라펜,20,9000,55,180,18347,men's hair;pomade;korean styling,0,dometopia-com;domeme-com;b2b-memebox-com
k-beauty-haircare,10,헤드스파7 트리트먼트,Head Spa 7 Treatment,헤드스파7,23,10500,54,280,18347,hair mask;7 second treatment;korean hair,0,sellmoa-com;supercat-co-kr;cosmeticdomemall-com
k-beauty-haircare,11,모레모 헤어 트리트먼트 미라클 2X,Moremo Hair Treatment Miracle 2X,모레모,26,12000,53,250,18347,damaged hair;korean treatment;hair mask,0,domeggook-com;ownerclan-com;koreacospack-com
k-beauty-haircare,12,CP-1 단백질 실크 앰플,CP-1 Protein Silk Ampoule,CP-1,17,7500,56,100,18347,hair ampoule;protein treatment;korean hair,0,dometopia-com;domeme-com;b2b-memebox-com
k-beauty-haircare,13,다슈 데일리 단백질 샴푸,Dashu Daily Protein Shampoo,다슈,21,9500,55,400,18347,protein shampoo;men's hair;korean hair care,0,sellmoa-com;supercat-co-kr;kbeautydomae-com
k-beauty-haircare,14,어노브 딥 데미지 트리트먼트 EX,UNOVE Deep Damage Treatment EX,어노브,24,11000,54,200,18347,deep treatment;damaged hair;korean hair,0,domeggook-com;ownerclan-com;cosmeticdomemall-com
k-beauty-haircare,15,달리프 베러 루트 샴푸,Dalif Better Root Shampoo,달리프,29,13500,53,450,18347,root care;scalp shampoo;korean hair,0,dometopia-com;domeme-com;koreacospack-com
k-beauty-haircare,16,아모스프로페셔널 헤어 오일,Amos Professional Hair Oil,아모스프로페셔널,20,9000,55,120,18347,hair oil;korean professional;shine serum,0,domeggook-com;ownerclan-com;b2b-memebox-com
k-beauty-haircare,17,미쟝센 헤어 컬러 염색약,Mise en Scene Hair Color Dye,미쟝센,12,5000,58,180,18347,hair dye;korean hair color;bubble dye,0,domeggook-com;cosmeticdomemall-com;koreacospack-com
k-beauty-haircare,18,려 극손상케어 트리트먼트,Ryo Damaged Hair Treatment,려,19,8500,55,280,18347,hair mask;korean herbal;damaged hair,0,ownerclan-com;dometopia-com;domeme-com
k-beauty-haircare,19,닥터포헤어 씨솔트 스케일러,Dr.FORHAIR Sea Salt Scaler,닥터포헤어,26,12000,53,250,18347,scalp scaler;sea salt scrub;korean hair,-2,sellmoa-com;supercat-co-kr;kbeautydomae-com
k-beauty-haircare,20,케라시스 어드밴스드 앰플,Kerasys Advanced Ampoule,케라시스,16,7000,56,100,18347,hair ampoule;korean treatment;shine serum,0,domeggook-com;ownerclan-com;domeme-com
k-beauty-haircare,21,아로마티카 헤어 컨디셔너,Aromatica Hair Conditioner,아로마티카,22,10000,54,350,18347,organic conditioner;korean hair;natural hair,0,sellmoa-com;cosmeticdomemall-com;supercat-co-kr
k-beauty-haircare,22,라보에이치 두피 앰플,LABO-H Scalp Ampoule,라보에이치,32,15000,53,150,18347,scalp ampoule;hair growth;korean scalp,0,domeggook-com;ownerclan-com;kbeautydomae-com
k-beauty-haircare,23,그라펜 헤어 스프레이,Grafen Hair Spray,그라펜,18,8000,55,200,18347,hair spray;men's styling;korean hair,0,dometopia-com;domeme-com;b2b-memebox-com
k-beauty-haircare,24,헤드스파7 헤어팩,Head Spa 7 Hair Pack,헤드스파7,25,11500,54,300,18347,hair pack;korean treatment;deep conditioning,0,sellmoa-com;supercat-co-kr;cosmeticdomemall-com
k-beauty-haircare,25,모레모 워터 트리트먼트,Moremo Water Treatment,모레모,28,13000,53,250,18347,water treatment;korean hair;fast absorbing,0,domeggook-com;ownerclan-com;koreacospack-com
k-beauty-haircare,26,CP-1 헤어 식초,CP-1 Hair Vinegar,CP-1,14,6000,57,200,18347,hair vinegar;scalp rinse;korean hair,0,dometopia-com;domeme-com;b2b-memebox-com
k-beauty-haircare,27,다슈 헤어 왁스,Dashu Hair Wax,다슈,15,6500,57,100,18347,hair wax;men's styling;korean hair,0,sellmoa-com;supercat-co-kr;kbeautydomae-com
k-beauty-haircare,28,어노브 헤어 에센스,UNOVE Hair Essence,어노브,20,9000,55,100,18347,hair essence;korean hair;shine serum,0,domeggook-com;ownerclan-com;cosmeticdomemall-com
k-beauty-haircare,29,달리프 헤어 토닉,Dalif Hair Tonic,달리프,27,12500,53,180,18347,hair tonic;scalp care;korean hair,0,dometopia-com;domeme-com;koreacospack-com
k-beauty-haircare,30,제니하우스 헤어 트리트먼트,Jennyhouse Hair Treatment,제니하우스,30,14000,53,250,18347,salon treatment;korean hair;damaged hair,0,dometopia-com;b2b-memebox-com;koreacospack-com
figures-collectibles,1,블리츠웨이 스파이더맨 1/6 스케일 피규어,Blitzway Spider-Man 1/6 Scale Figure,블리츠웨이,350,150000,57,2500,246,blitzway figure;spiderman collectible;1/6 scale,0,domeggook-com;1000za-kr;itoyz-co-kr
figures-collectibles,2,JND 스튜디오 조커 1/3 스케일 스태츄,JND Studios Joker 1/3 Scale Statue,JND 스튜디오,1200,500000,58,10000,246,jnd joker;1/3 scale statue;collectible art,0,ownerclan-com;toynmom-com;artbox-co-kr-b2b
figures-collectibles,3,스티키몬스터랩 피규어 SML,Sticky Monster Lab Figure SML,스티키몬스터랩,80,35000,56,300,246,sml figure;korean designer toy;art toy,0,dometopia-com;domeme-com;supercat-co-kr
figures-collectibles,4,쿨레인 스튜디오 콜라보 피규어,Coolrain Studio Collaboration Figure,쿨레인 스튜디오,150,65000,57,600,246,coolrain figure;korean art toy;limited edition,0,sellmoa-com;1000za-kr;itoyz-co-kr
figures-collectibles,5,5PRO 스튜디오 태권브이 피규어,5PRO Studio Taekwon V Figure,5PRO 스튜디오,200,90000,55,1000,246,taekwon v;korean robot;5pro studio,0,domeggook-com;toynmom-com;artbox-co-kr-b2b
figures-collectibles,6,반다이남코 코리아 건담 프라모델,Bandai Namco Korea Gundam Plamodel,반다이남코 코리아,60,25000,58,400,246,gundam model kit;bandai korea;gunpla,0,ownerclan-com;domeme-com;supercat-co-kr
figures-collectibles,7,킹콩 스튜디오 원피스 피규어,Kingkong Studio One Piece Figure,킹콩 스튜디오,250,110000,56,1500,246,one piece figure;kingkong studio;anime collectible,0,dometopia-com;1000za-kr;itoyz-co-kr
figures-collectibles,8,토이저러스 코리아 한정판 레고,Toys R Us Korea Limited Edition Lego,토이저러스 코리아,100,45000,55,800,246,lego korea;limited edition;collectible toy,0,sellmoa-com;toynmom-com;artbox-co-kr-b2b
figures-collectibles,9,킨키로봇 베어브릭,Kinky Robot Bearbrick,킨키로봇,90,40000,55,200,246,bearbrick;kinky robot;designer toy,0,domeggook-com;domeme-com;supercat-co-kr
figures-collectibles,10,팝마트 코리아 몰리 피규어,Pop Mart Korea Molly Figure,팝마트 코리아,25,10000,60,100,246,molly figure;pop mart;blind box,0,ownerclan-com;1000za-kr;itoyz-co-kr
figures-collectibles,11,오프로 스튜디오 로봇 피규어,5PRO Studio Robot Figure,오프로 스튜디오,180,80000,56,900,246,robot figure;korean collectible;5pro studio,0,dometopia-com;toynmom-com;artbox-co-kr-b2b
figures-collectibles,12,핸즈인팩토리 러너 피규어,Hands In Factory Runner Figure,핸즈인팩토리,70,30000,57,250,246,runner figure;hands in factory;designer toy,0,sellmoa-com;domeme-com;supercat-co-kr
figures-collectibles,13,시카고 딥 아트 토이,Chicago Deep Art Toy,시카고 딥,120,50000,58,400,246,chicago deep;korean art toy;limited edition,0,domeggook-com;1000za-kr;itoyz-co-kr
figures-collectibles,14,토인즈 미니 피규어,Toinz Mini Figure,토인즈,30,12000,60,80,246,toinz figure;korean designer toy;blind box,0,ownerclan-com;toynmom-com;artbox-co-kr-b2b
figures-collectibles,15,델리토이즈 캐릭터 피규어,Delitoys Character Figure,델리토이즈,40,18000,55,150,246,delitoys;korean character;collectible toy,0,dometopia-com;domeme-com;supercat-co-kr
figures-collectibles,16,블리츠웨이 애니메이션 피규어,Blitzway Anime Figure,블리츠웨이,280,120000,57,2000,246,anime figure;blitzway;collectible statue,0,domeggook-com;1000za-kr;itoyz-co-kr
figures-collectibles,17,JND 스튜디오 영화 캐릭터 스태츄,JND Studios Movie Character Statue,JND 스튜디오,1500,650000,57,12000,246,movie statue;jnd studios;premium collectible,0,ownerclan-com;toynmom-com;artbox-co-kr-b2b
figures-collectibles,18,스티키몬스터랩 콜라보레이션 피규어,Sticky Monster Lab Collaboration Figure,스티키몬스터랩,95,40000,58,350,246,sml collab;korean art toy;limited edition,0,dometopia-com;domeme-com;supercat-co-kr
figures-collectibles,19,쿨레인 스튜디오 아트 토이,Coolrain Studio Art Toy,쿨레인 스튜디오,130,55000,58,500,246,coolrain art toy;designer collectible;korean art,0,sellmoa-com;1000za-kr;itoyz-co-kr
figures-collectibles,20,5PRO 스튜디오 메카닉 피규어,5PRO Studio Mechanic Figure,5PRO 스튜디오,220,95000,57,1200,246,mechanic figure;5pro studio;robot collectible,0,domeggook-com;toynmom-com;artbox-co-kr-b2b
figures-collectibles,21,반다이남코 코리아 피규어라이즈,Bandai Namco Korea Figure-rise,반다이남코 코리아,45,18000,60,300,246,figure-rise;bandai model;anime model,0,ownerclan-com;domeme-com;supercat-co-kr
figures-collectibles,22,킹콩 스튜디오 마블 피규어,Kingkong Studio Marvel Figure,킹콩 스튜디오,300,130000,57,1800,246,marvel figure;kingkong studio;superhero collectible,0,dometopia-com;1000za-kr;itoyz-co-kr
figures-collectibles,23,토이저러스 코리아 캐릭터 인형,Toys R Us Korea Character Doll,토이저러스 코리아,35,15000,57,200,246,korean doll;character plush;collectible toy,0,sellmoa-com;toynmom-com;artbox-co-kr-b2b
figures-collectibles,24,킨키로봇 디자이너 토이,Kinky Robot Designer Toy,킨키로봇,110,48000,56,300,246,designer toy;kinky robot;art collectible,0,domeggook-com;domeme-com;supercat-co-kr
figures-collectibles,25,팝마트 코리아 블라인드 박스 피규어,Pop Mart Korea Blind Box Figure,팝마트 코리아,20,8000,60,70,246,blind box;pop mart;mini figure,0,ownerclan-com;1000za-kr;itoyz-co-kr
figures-collectibles,26,오프로 스튜디오 한정판 피규어,5PRO Studio Limited Edition Figure,오프로 스튜디오,250,110000,56,1300,246,limited edition;5pro studio;collectible figure,0,dometopia-com;toynmom-com;artbox-co-kr-b2b
figures-collectibles,27,핸즈인팩토리 아트 피규어,Hands In Factory Art Figure,핸즈인팩토리,85,36000,57,300,246,art figure;hands in factory;korean designer,0,sellmoa-com;domeme-com;supercat-co-kr
figures-collectibles,28,시카고 딥 한정판 스태츄,Chicago Deep Limited Edition Statue,시카고 딥,180,78000,57,700,246,chicago deep;limited statue;korean art,0,domeggook-com;1000za-kr;itoyz-co-kr
figures-collectibles,29,토인즈 캐릭터 굿즈,Toinz Character Goods,토인즈,28,11000,61,100,246,toinz goods;korean character;collectible merch,0,ownerclan-com;toynmom-com;artbox-co-kr-b2b
figures-collectibles,30,델리토이즈 미니 블록,Delitoys Mini Blocks,델리토이즈,32,14000,56,180,246,delitoys blocks;mini bricks;korean toy,0,dometopia-com;domeme-com;supercat-co-kr
k-food,1,농심 신라면,Nongshim Shin Ramyun,농심,18,7500,58,600,18433,korean ramen;shin ramyun;spicy noodles,0,domeggook-com;sijawang-com;foodn-co-kr
k-food,2,오리온 초코파이,Orion Choco Pie,오리온,15,6000,60,500,18433,choco pie;korean snack;marshmallow cake,0,ownerclan-com;biz-kurly-com;cjfreshway-com
k-food,3,롯데웰푸드 빼빼로,Lotte Wellfood Pepero,롯데웰푸드,12,4800,60,300,18433,pepero;korean cookie stick;chocolate snack,0,dometopia-com;domeme-com;supercat-co-kr
k-food,4,해태제과 홈런볼,Haitai Confectionery Homerun Ball,해태제과,10,4000,60,200,18433,homerun ball;korean puff snack;chocolate cream,6,sellmoa-com;sijawang-com;foodn-co-kr
k-food,5,삼양식품 불닭볶음면,Samyang Foods Buldak Ramen,삼양식품,20,8500,57,650,18433,buldak ramen;spicy korean noodles;samyang,0,domeggook-com;biz-kurly-com;cjfreshway-com
k-food,6,크라운제과 마이쮸,Crown Confectionery Mychew,크라운제과,8,3000,62,150,18433,mychew;korean chewy candy;fruit candy,6,ownerclan-com;domeme-com;supercat-co-kr
k-food,7,오뚜기 진라면,Ottogi Jin Ramen,오뚜기,17,7000,59,550,18433,jin ramen;korean instant noodles;ottogi,0,dometopia-com;sijawang-com;foodn-co-kr
k-food,8,빙그레 바나나맛우유,Binggrae Banana Milk,빙그레,25,10000,60,1500,18433,banana milk;korean drink;binggrae,1,sellmoa-com;biz-kurly-com;cjfreshway-com
k-food,9,청우식품 찰떡쿠키,Chungwoo Food Chaltteok Cookie,청우식품,14,5500,61,350,18433,chaltteok cookie;korean rice cake;mochi cookie,0,domeggook-com;domeme-com;supercat-co-kr
k-food,10,동서식품 맥심 커피믹스,Dongsuh Foods Maxim Coffee Mix,동서식품,30,12000,60,1000,18433,maxim coffee;korean coffee mix;instant coffee,0,ownerclan-com;sijawang-com;foodn-co-kr
k-food,11,팔도 비빔면,Paldo Bibim Men,팔도,16,6500,59,500,18433,bibim men;korean cold noodles;paldo,0,dometopia-com;biz-kurly-com;cjfreshway-com
k-food,12,HBAF 아몬드,HBAF Almond,HBAF,13,5000,61,250,18433,hbaf almond;korean flavored nuts;honey butter,0,sellmoa-com;domeme-com;supercat-co-kr
k-food,13,삼립 호빵,Samlip Hoppang,삼립,22,9000,59,800,18433,hoppang;korean steamed bun;red bean bun,0,domeggook-com;sijawang-com;foodn-co-kr
k-food,14,코스모스제과 왕소라형 과자,Cosmos Confectionery King Snail Snack,코스모스제과,11,4500,59,300,18433,korean snack;snail shaped;cosmos,0,ownerclan-com;biz-kurly-com;cjfreshway-com
k-food,15,삼진식품 어묵,Samjin Food Eomuk,삼진식품,28,11500,59,1000,18433,korean fish cake;eomuk;samjin,0,dometopia-com;domeme-com;supercat-co-kr
k-food,16,농심 새우깡,Nongshim Saewookkang,농심,9,3500,61,150,18433,shrimp cracker;korean snack;nongshim,0,domeggook-com;sijawang-com;foodn-co-kr
k-food,17,오리온 포카칩,Orion PocaChip,오리온,10,4000,60,180,18433,potato chips;korean snack;orion,1,ownerclan-com;biz-kurly-com;cjfreshway-com
k-food,18,롯데웰푸드 자일리톨 껌,Lotte Wellfood Xylitol Gum,롯데웰푸드,7,2800,60,80,18433,xylitol gum;korean gum;lotte,3,dometopia-com;domeme-com;supercat-co-kr
k-food,19,해태제과 맛동산,Haitai Confectionery Matdongsan,해태제과,12,5000,58,250,18433,matdongsan;korean sweet snack;peanut crunch,6,sellmoa-com;sijawang-com;foodn-co-kr
k-food,20,삼양식품 짜짜로니,Samyang Foods Jjajaroni,삼양식품,19,8000,58,600,18433,jjajaroni;korean jjajangmyeon;instant noodles,0,domeggook-com;biz-kurly-com;cjfreshway-com
k-food,21,크라운제과 죠리퐁,Crown Confectionery Jyoripong,크라운제과,9,3800,58,150,18433,jyoripong;korean cereal snack;puffed wheat,6,ownerclan-com;domeme-com;supercat-co-kr
k-food,22,오뚜기 3분 카레,Ottogi 3 Minute Curry,오뚜기,15,6000,60,400,18433,korean curry;ottogi;instant meal,-2,dometopia-com;sijawang-com;foodn-co-kr
k-food,23,빙그레 메로나,Binggrae Melona,빙그레,20,8000,60,1000,18433,melona ice cream;korean dessert;melon bar,0,sellmoa-com;biz-kurly-com;cjfreshway-com
k-food,24,청우식품 쫀득초코칩,Chungwoo Food Jjonddeok Chocochip,청우식품,13,5200,60,280,18433,korean cookie;chocolate chip;chewy cookie,0,domeggook-com;domeme-com;supercat-co-kr
k-food,25,동서식품 오레오,Dongsuh Foods Oreo,동서식품,10,4000,60,200,18433,oreo cookies;korean snack;chocolate sandwich,0,ownerclan-com;sijawang-com;foodn-co-kr
k-food,26,팔도 뽀로로 음료,Paldo Pororo Drink,팔도,18,7500,58,1200,18433,pororo drink;korean kids drink;fruit juice,0,dometopia-com;biz-kurly-com;cjfreshway-com
k-food,27,HBAF 와사비 아몬드,HBAF Wasabi Almond,HBAF,14,5500,61,250,18433,wasabi almond;korean snack;hbaf,0,sellmoa-com;domeme-com;supercat-co-kr
k-food,28,삼립 미니 약과,Samlip Mini Yakgwa,삼립,15,6000,60,300,18433,yakgwa;korean traditional snack;honey cookie,0,domeggook-com;sijawang-com;foodn-co-kr
k-food,29,코스모스제과 고구마형 과자,Cosmos Confectionery Sweet Potato Snack,코스모스제과,10,4000,60,200,18433,sweet potato snack;korean snack;cosmos,0,ownerclan-com;biz-kurly-com;cjfreshway-com
k-food,30,삼진식품 부산 어묵탕,Samjin Food Busan Eomuk Tang,삼진식품,35,14000,60,1500,18433,eomuk tang;korean fish cake soup;busan food,0,dometopia-com;domeme-com;supercat-co-kr
computer-parts,1,삼성전자 970 EVO Plus NVMe SSD 1TB,Samsung 970 EVO Plus NVMe SSD 1TB,삼성전자,120,50000,58,50,170072,nvme ssd;samsung ssd;1tb storage,0,domeggook-com;compuzone-co-kr;icoda-co-kr
computer-parts,2,SK하이닉스 Gold P31 NVMe SSD 1TB,SK Hynix Gold P31 NVMe SSD 1TB,SK하이닉스,110,45000,59,50,170072,sk hynix ssd;nvme gen3;fast storage,15,ownerclan-com;joyzen-co-kr;pc4all-co-kr
computer-parts,3,LG전자 울트라기어 게이밍 모니터,LG UltraGear Gaming Monitor,LG전자,350,150000,57,4000,80053,gaming monitor;lg ultragear;144hz display,0,dometopia-com;supercat-co-kr;compuzone-co-kr
computer-parts,4,마이크로닉스 Classic II 750W 80PLUS Bronze,Micronics Classic II 750W 80PLUS Bronze PSU,마이크로닉스,80,35000,56,1500,3729,power supply;80plus bronze;750w psu,0,sellmoa-com;icoda-co-kr;joyzen-co-kr
computer-parts,5,ABKO HACKER K640 기계식 키보드,ABKO HACKER K640 Mechanical Keyboard,ABKO,60,25000,58,1000,18511,mechanical keyboard;abko hacker;gaming keyboard,0,domeggook-com;pc4all-co-kr;supercat-co-kr
computer-parts,6,3RSYS L700 RGB 케이스,3RSYS L700 RGB PC Case,3RSYS,90,40000,56,5000,42018,pc case;rgb case;3rsys,1,ownerclan-com;compuzone-co-kr;icoda-co-kr
computer-parts,7,잘만 CNPS10X OPTIMA II CPU 쿨러,Zalman CNPS10X OPTIMA II CPU Cooler,잘만,50,20000,60,800,131486,cpu cooler;zalman cooler;air cooling,-1,dometopia-com;joyzen-co-kr;pc4all-co-kr
computer-parts,8,이엠텍 지포스 RTX 3060 그래픽카드,EMTEK GeForce RTX 3060 Graphics Card,이엠텍,400,180000,55,1200,27386,rtx 3060;graphics card;emtek gpu,0,sellmoa-com;supercat-co-kr;compuzone-co-kr
computer-parts,9,darkFlash DLM21 RGB 강화유리 케이스,darkFlash DLM21 RGB Tempered Glass Case,darkFlash,70,30000,57,4500,42018,micro atx case;rgb pc case;darkflash,0,domeggook-com;icoda-co-kr;joyzen-co-kr
computer-parts,10,아이구주 HATCH 6 플렉스 메쉬 케이스,iGuju HATCH 6 Flex Mesh Case,아이구주,65,28000,57,4800,42018,mesh case;pc tower;iguju,0,ownerclan-com;pc4all-co-kr;supercat-co-kr
computer-parts,11,맥스엘리트 MAXWELL GAMING PRO 700W,Maxelite MAXWELL GAMING PRO 700W PSU,맥스엘리트,75,32000,57,1400,3729,gaming psu;700w power supply;maxelite,0,dometopia-com;compuzone-co-kr;icoda-co-kr
computer-parts,12,에너맥스 LIQMAX III RGB 240 수랭 쿨러,Enermax LIQMAX III RGB 240 AIO Cooler,에너맥스,100,45000,55,1000,131486,aio cooler;rgb liquid cooler;enermax,0,sellmoa-com;joyzen-co-kr;pc4all-co-kr
computer-parts,13,COX CK420 교체축 게이밍 키보드,COX CK420 Hot-Swappable Gaming Keyboard,COX,55,23000,58,900,18511,hot swappable keyboard;cox gaming;mechanical keyboard,0,domeggook-com;supercat-co-kr;compuzone-co-kr
computer-parts,14,리줌 G-FACTOR Z9000 게이밍 마우스,Rizum G-FACTOR Z9000 Gaming Mouse,리줌,40,16000,60,200,18511,gaming mouse;rizum g-factor;rgb mouse,0,ownerclan-com;icoda-co-kr;joyzen-co-kr
computer-parts,15,에이원 24인치 LED 모니터,AONE 24-inch LED Monitor,에이원,150,65000,57,3000,80053,24 inch monitor;led display;aone monitor,0,dometopia-com;pc4all-co-kr;supercat-co-kr
computer-parts,16,삼성전자 DDR4 RAM 16GB,Samsung DDR4 RAM 16GB,삼성전자,70,30000,57,30,170072,ddr4 ram;samsung memory;16gb desktop,0,domeggook-com;compuzone-co-kr;icoda-co-kr
computer-parts,17,SK하이닉스 DDR5 RAM 32GB,SK Hynix DDR5 RAM 32GB,SK하이닉스,150,65000,57,40,170072,ddr5 ram;sk hynix memory;32gb pc,0,ownerclan-com;joyzen-co-kr;pc4all-co-kr
computer-parts,18,LG전자 외장하드 1TB,LG External Hard Drive 1TB,LG전자,85,38000,55,200,170072,external hdd;lg storage;portable hard drive,0,dometopia-com;supercat-co-kr;compuzone-co-kr
computer-parts,19,마이크로닉스 게이밍 헤드셋,Micronics Gaming Headset,마이크로닉스,45,18000,60,400,18511,gaming headset;micronics audio;pc headset,0,sellmoa-com;icoda-co-kr;joyzen-co-kr
computer-parts,20,ABKO 게이밍 마우스,ABKO Gaming Mouse,ABKO,35,14000,60,150,18511,gaming mouse;abko peripheral;rgb mouse,0,domeggook-com;pc4all-co-kr;supercat-co-kr
computer-parts,21,3RSYS CPU 쿨러,3RSYS CPU Cooler,3RSYS,60,25000,58,700,131486,cpu air cooler;3rsys cooling;pc fan,0,ownerclan-com;compuzone-co-kr;icoda-co-kr
computer-parts,22,잘만 PC 케이스,Zalman PC Case,잘만,80,35000,56,4000,42018,zalman case;mid tower;pc chassis,0,dometopia-com;joyzen-co-kr;pc4all-co-kr
computer-parts,23,이엠텍 게이밍 모니터,EMTEK Gaming Monitor,이엠텍,280,120000,57,3500,80053,emtek monitor;gaming display;high refresh rate,0,sellmoa-com;supercat-co-kr;compuzone-co-kr
computer-parts,24,darkFlash 파워 서플라이,darkFlash Power Supply,darkFlash,65,28000,57,1300,3729,darkflash psu;pc power;budget psu,0,domeggook-com;icoda-co-kr;joyzen-co-kr
computer-parts,25,아이구주 게이밍 의자,iGuju Gaming Chair,아이구주,180,75000,58,15000,170072,gaming chair;iguju chair;ergonomic chair,0,ownerclan-com;pc4all-co-kr;supercat-co-kr
computer-parts,26,맥스엘리트 SSD,Maxelite SSD,맥스엘리트,90,38000,58,60,170072,maxelite ssd;sata ssd;fast boot drive,0,dometopia-com;compuzone-co-kr;icoda-co-kr
computer-parts,27,에너맥스 PC 팬,Enermax PC Fan,에너맥스,25,10000,60,150,131486,pc fan;enermax fan;case fan,0,sellmoa-com;joyzen-co-kr;pc4all-co-kr
computer-parts,28,COX 게이밍 마우스패드,COX Gaming Mousepad,COX,20,8000,60,300,18511,gaming mousepad;cox peripheral;large mousepad,0,domeggook-com;supercat-co-kr;compuzone-co-kr
computer-parts,29,리줌 게이밍 헤드셋,Rizum Gaming Headset,리줌,50,20000,60,450,18511,rizum headset;pc gaming audio;surround sound,0,ownerclan-com;icoda-co-kr;joyzen-co-kr
computer-parts,30,에이원 웹캠,AONE Webcam,에이원,30,12000,60,100,170072,webcam;aone camera;hd webcam,0,dometopia-com;pc4all-co-kr;supercat-co-kr
inner-beauty,1,정관장 홍삼정 에브리타임,Cheong Kwan Jang Red Ginseng Everytime,정관장,90,40000,56,300,11776,red ginseng;korean health;ginseng extract,0,domeggook-com;healthdomemall-com;ckdhc-com-b2b
inner-beauty,2,종근당건강 락토핏 생유산균 골드,Chong Kun Dang Health Lacto-Fit Probiotics Gold,종근당건강,40,17000,58,200,11776,probiotics;lactofit;korean lactobacillus,0,ownerclan-com;nutrione-co-kr-b2b;fitnessstore-co-kr
inner-beauty,3,뉴트리원 루테인 지아잔틴 164,Nutrione Lutein Zeaxanthin 164,뉴트리원,35,15000,57,100,11776,lutein;zeaxanthin;eye health,0,dometopia-com;healthdomemall-com;ckdhc-com-b2b
inner-beauty,4,비비랩 저분자 콜라겐,BB LAB Low Molecular Collagen,비비랩,28,12000,57,150,11776,collagen powder;low molecular;inner beauty,0,sellmoa-com;nutrione-co-kr-b2b;supercat-co-kr
inner-beauty,5,바이탈뷰티 메타그린 슬림,Vitalbeautie Metagreen Slim,바이탈뷰티,60,25000,58,250,11776,diet supplement;metagreen;weight management,0,domeggook-com;fitnessstore-co-kr;healthdomemall-com
inner-beauty,6,에버콜라겐 인앤업 플러스,Evercollagen In & Up Plus,에버콜라겐,50,22000,56,180,11776,evercollagen;skin collagen;anti-aging,6,ownerclan-com;ckdhc-com-b2b;nutrione-co-kr-b2b
inner-beauty,7,grn+ 초록이 분홍이,grn+ Green & Pink Diet,grn+,45,19000,58,200,11776,grn diet;weight loss;korean supplement,-1,dometopia-com;supercat-co-kr;fitnessstore-co-kr
inner-beauty,8,고려은단 비타민C 1000,Korea Eundan Vitamin C 1000,고려은단,20,8000,60,120,11776,vitamin c;korean vitamin;immune support,-1,sellmoa-com;healthdomemall-com;ckdhc-com-b2b
inner-beauty,9,덴프스 트루바이오틱스,Denps Truebiotics,덴프스,38,16000,58,180,11776,denps probiotics;gut health;korean supplement,0,domeggook-com;nutrione-co-kr-b2b;supercat-co-kr
inner-beauty,10,일동제약 마이니 지엠비 멀티비타민,Ildong Pharmaceutical MyNi GMB Multivitamin,일동제약 마이니,30,13000,57,150,11776,multivitamin;ildong myni;daily vitamins,0,ownerclan-com;fitnessstore-co-kr;healthdomemall-com
inner-beauty,11,유한양행 뉴오리진 코어리셋,Yuhan New Origin Core Reset,유한양행 뉴오리진,55,23000,58,220,11776,core reset;yuhan new origin;health supplement,0,dometopia-com;ckdhc-com-b2b;nutrione-co-kr-b2b
inner-beauty,12,세노비스 트리플러스,Cenovis Triplus,세노비스,48,20000,58,200,11776,cenovis;triplus;multivitamin omega,0,sellmoa-com;supercat-co-kr;fitnessstore-co-kr
inner-beauty,13,대웅제약 우루사,Daewoong Pharmaceutical Ursa,대웅제약,25,10000,60,80,11776,ursa;liver health;daewoong,-2,domeggook-com;healthdomemall-com;ckdhc-com-b2b
inner-beauty,14,GC녹십자 비맥스 메타,GC Green Cross Bemax Meta,GC녹십자,52,22000,58,150,11776,bemax meta;multivitamin b;green cross,0,ownerclan-com;nutrione-co-kr-b2b;fitnessstore-co-kr
inner-beauty,15,한독 레디큐 츄,Handok Ready Q Chew,한독,18,7500,58,100,11776,ready q;hangover cure;korean supplement,0,dometopia-com;supercat-co-kr;healthdomemall-com
inner-beauty,16,정관장 홍삼톤 골드,Cheong Kwan Jang Hongsamwon Gold,정관장,75,32000,57,400,11776,ginseng drink;korean red ginseng;energy booster,0,domeggook-com;healthdomemall-com;ckdhc-com-b2b
inner-beauty,17,종근당건강 아쿠아셀 히알루론산,Chong Kun Dang Health Aquacell Hyaluronic Acid,종근당건강,32,14000,56,100,11776,hyaluronic acid;skin hydration;inner beauty,0,ownerclan-com;nutrione-co-kr-b2b;fitnessstore-co-kr
inner-beauty,18,뉴트리원 비타민D,Nutrione Vitamin D,뉴트리원,20,8000,60,80,11776,vitamin d;bone health;nutrione,0,dometopia-com;healthdomemall-com;ckdhc-com-b2b
inner-beauty,19,비비랩 콜라겐 젤리,BB LAB Collagen Jelly,비비랩,22,9000,59,200,11776,collagen jelly;korean beauty;skin elasticity,0,sellmoa-com;nutrione-co-kr-b2b;supercat-co-kr
inner-beauty,20,바이탈뷰티 슈퍼콜라겐,Vitalbeautie Super Collagen,바이탈뷰티,70,30000,57,300,11776,super collagen;anti-aging;liquid collagen,0,domeggook-com;fitnessstore-co-kr;healthdomemall-com
inner-beauty,21,에버콜라겐 타임,Evercollagen Time,에버콜라겐,40,17000,58,150,11776,evercollagen time;skin health;collagen stick,0,ownerclan-com;ckdhc-com-b2b;nutrione-co-kr-b2b
inner-beauty,22,grn+ 가르시니아,grn+ Garcinia,grn+,38,16000,58,180,11776,garcinia;weight loss;fat burner,0,dometopia-com;supercat-co-kr;fitnessstore-co-kr
inner-beauty,23,고려은단 멀티비타민,Korea Eundan Multivitamin,고려은단,28,12000,57,150,11776,multivitamin;korean supplement;daily health,0,sellmoa-com;healthdomemall-com;ckdhc-com-b2b
inner-beauty,24,덴프스 오메가3,Denps Omega 3,덴프스,30,13000,57,100,11776,omega 3;fish oil;heart health,0,domeggook-com;nutrione-co-kr-b2b;supercat-co-kr
inner-beauty,25,일동제약 마이니 밀크씨슬,Ildong Pharmaceutical MyNi Milk Thistle,일동제약 마이니,35,15000,57,100,11776,milk thistle;liver detox;ildong myni,0,ownerclan-com;fitnessstore-co-kr;healthdomemall-com
inner-beauty,26,유한양행 뉴오리진 비타민B,Yuhan New Origin Vitamin B,유한양행 뉴오리진,42,18000,57,120,11776,vitamin b complex;energy supplement;yuhan new origin,0,dometopia-com;ckdhc-com-b2b;nutrione-co-kr-b2b
inner-beauty,27,세노비스 칼슘 마그네슘 비타민D,Cenovis Calcium Magnesium Vitamin D,세노비스,38,16000,58,200,11776,calcium magnesium;vitamin d;bone health,0,sellmoa-com;supercat-co-kr;fitnessstore-co-kr
inner-beauty,28,대웅제약 비타민C,Daewoong Pharmaceutical Vitamin C,대웅제약,20,8000,60,100,11776,daewoong vitamin c;immune support;korean vitamin,0,domeggook-com;healthdomemall-com;ckdhc-com-b2b
inner-beauty,29,GC녹십자 프로바이오틱스,GC Green Cross Probiotics,GC녹십자,30,13000,57,150,11776,green cross probiotics;gut health;lactobacillus,0,ownerclan-com;nutrione-co-kr-b2b;fitnessstore-co-kr
inner-beauty,30,한독 숙취해소제,Handok Hangover Relief,한독,25,10000,60,80,11776,hangover relief;korean supplement;handok,0,dometopia-com;supercat-co-kr;healthdomemall-com
smartphone-acc,1,슈피겐 아이폰 케이스,Spigen iPhone Case,슈피겐,24.99,12000,52,80,11225,spigen;iphone case;korean phone case,0,domeggook-com;ownerclan-com;phonecase-domae-com
smartphone-acc,2,링케 갤럭시 강화유리,Ringke Galaxy Tempered Glass,링케,15.99,7500,53,50,11225,ringke;galaxy screen protector;korean accessory,0,domeggook-com;dometopia-com;accessorydomae-com
smartphone-acc,3,삼성전자 갤럭시 버즈 케이스,Samsung Galaxy Buds Case,삼성전자,19.99,9000,55,60,11225,samsung buds case;galaxy accessory;official,0,domeggook-com;ownerclan-com;modumall-co-kr
smartphone-acc,4,신지모루 맥세이프 카드지갑,Sinjimoru Magsafe Wallet,신지모루,29.99,14000,53,70,11225,sinjimoru;magsafe wallet;korean design,-1,domeggook-com;sellmoa-com;supercat-co-kr
smartphone-acc,5,카카오프렌즈 스마트톡,Kakao Friends Smart Tok,카카오프렌즈,12.99,5500,57,40,11225,kakao friends;smart tok;kpop goods,0,domeggook-com;ownerclan-com;funpick-co-kr
smartphone-acc,6,아라리 아이폰 맥세이프 케이스,Araree iPhone Magsafe Case,아라리,27.99,13000,54,90,11225,araree;iphone magsafe;clear case,2,domeggook-com;dometopia-com;phonecase-domae-com
smartphone-acc,7,VRS 디자인 갤럭시 케이스,VRS Design Galaxy Case,VRS 디자인,22.99,10500,54,85,11225,vrs design;galaxy case;rugged case,0,domeggook-com;ownerclan-com;accessorydomae-com
smartphone-acc,8,디자인스킨 아이폰 카드수납 케이스,Designskin iPhone Card Case,디자인스킨,25.99,12000,53,95,11225,designskin;iphone wallet case;korean brand,0,domeggook-com;sellmoa-com;modumall-co-kr
smartphone-acc,9,빅쏘 아이폰 카메라 보호 필름,Bixxo iPhone Camera Protector,빅쏘,9.99,4000,60,30,11225,bixxo;iphone camera;lens protector,0,domeggook-com;dometopia-com;supercat-co-kr
smartphone-acc,10,머큐리 갤럭시 젤리 케이스,Mercury Galaxy Jelly Case,머큐리,11.99,5000,58,60,11225,mercury case;galaxy jelly;soft case,0,domeggook-com;ownerclan-com;phonecase-domae-com
smartphone-acc,11,라인프렌즈 스마트폰 그립톡,Line Friends Smartphone Grip Tok,라인프렌즈,13.99,6000,57,45,11225,line friends;grip tok;kpop accessory,0,domeggook-com;ownerclan-com;funpick-co-kr
smartphone-acc,12,슈퍼디비전 아이폰 충전 케이블,Superdivision iPhone Charging Cable,슈퍼디비전,16.99,7500,56,100,11225,superdivision;iphone cable;fast charging,0,domeggook-com;domeme-com;accessorydomae-com
smartphone-acc,13,구스페리 갤럭시 플립 케이스,Goospery Galaxy Flip Case,구스페리,18.99,8500,55,110,11225,goospery;galaxy flip;wallet case,0,domeggook-com;sellmoa-com;phonecase-domae-com
smartphone-acc,14,만앤우드 스마트폰 거치대,Man & Wood Smartphone Stand,만앤우드,14.99,6500,57,150,11225,man & wood;phone stand;wooden stand,0,domeggook-com;dometopia-com;modumall-co-kr
smartphone-acc,15,슬림핏 아이폰 투명 케이스,Slimfit iPhone Clear Case,슬림핏,10.99,4500,59,70,11225,slimfit;iphone clear;thin case,0,domeggook-com;ownerclan-com;supercat-co-kr
smartphone-acc,16,슈피겐 아이폰 맥세이프 충전기,Spigen iPhone Magsafe Charger,슈피겐,34.99,16000,54,180,11225,spigen charger;magsafe;wireless charger,0,domeggook-com;domeme-com;accessorydomae-com
smartphone-acc,17,링케 갤럭시 워치 스트랩,Ringke Galaxy Watch Strap,링케,19.99,9000,55,70,11225,ringke watch;galaxy watch;watch band,-15,domeggook-com;ownerclan-com;modumall-co-kr
smartphone-acc,18,삼성전자 정품 충전 어댑터,Samsung Official Charging Adapter,삼성전자,21.99,10000,54,120,11225,samsung adapter;fast charger;official charger,0,domeggook-com;sellmoa-com;supercat-co-kr
smartphone-acc,19,신지모루 차량용 무선 충전 거치대,Sinjimoru Car Wireless Charger Mount,신지모루,39.99,18000,55,250,11225,sinjimoru car;wireless charger;car mount,0,domeggook-com;dometopia-com;phonecase-domae-com
smartphone-acc,20,카카오프렌즈 에어팟 케이스,Kakao Friends Airpods Case,카카오프렌즈,16.99,7500,56,50,11225,kakao airpods;airpods cover;kpop character,0,domeggook-com;ownerclan-com;funpick-co-kr
smartphone-acc,21,아라리 갤럭시 폴드 케이스,Araree Galaxy Fold Case,아라리,39.99,18000,55,150,11225,araree fold;galaxy fold;premium case,0,domeggook-com;domeme-com;accessorydomae-com
smartphone-acc,22,VRS 디자인 아이폰 카드 슬롯 케이스,VRS Design iPhone Card Slot Case,VRS 디자인,26.99,12500,54,100,11225,vrs design iphone;card slot;protective case,0,domeggook-com;sellmoa-com;phonecase-domae-com
smartphone-acc,23,디자인스킨 갤럭시 워치 충전 스탠드,Designskin Galaxy Watch Charging Stand,디자인스킨,24.99,11000,56,180,11225,designskin watch;charging stand;galaxy watch,0,domeggook-com;dometopia-com;modumall-co-kr
smartphone-acc,24,빅쏘 아이패드 보호 필름,Bixxo iPad Screen Protector,빅쏘,17.99,8000,55,150,11225,bixxo ipad;ipad protector;anti-glare,0,domeggook-com;ownerclan-com;supercat-co-kr
smartphone-acc,25,머큐리 아이폰 범퍼 케이스,Mercury iPhone Bumper Case,머큐리,14.99,6500,57,80,11225,mercury iphone;bumper case;shockproof,0,domeggook-com;domeme-com;accessorydomae-com
smartphone-acc,26,라인프렌즈 스마트폰 스트랩,Line Friends Smartphone Strap,라인프렌즈,9.99,4000,60,30,11225,line friends strap;phone lanyard;cute accessory,0,domeggook-com;sellmoa-com;funpick-co-kr
smartphone-acc,27,슈퍼디비전 차량용 고속 충전기,Superdivision Car Fast Charger,슈퍼디비전,22.99,10000,56,130,11225,superdivision car charger;usb c charger;quick charge,0,domeggook-com;dometopia-com;modumall-co-kr
smartphone-acc,28,구스페리 갤럭시 S24 울트라 케이스,Goospery Galaxy S24 Ultra Case,구스페리,17.99,8000,55,90,11225,goospery s24;galaxy s24 ultra;protective case,0,domeggook-com;ownerclan-com;phonecase-domae-com
smartphone-acc,29,만앤우드 갤럭시 버즈 케이스,Man & Wood Galaxy Buds Case,만앤우드,19.99,9000,55,60,11225,man & wood buds;galaxy buds cover;wooden design,0,domeggook-com;domeme-com;accessorydomae-com
smartphone-acc,30,슬림핏 아이폰 15 프로 맥스 케이스,Slimfit iPhone 15 Pro Max Case,슬림핏,12.99,5500,57,75,11225,slimfit iphone 15;pro max case;minimalist case,0,domeggook-com;sellmoa-com;supercat-co-kr
auto-accessories,1,현대모비스 순정 와이퍼 블레이드,Hyundai Mobis OEM Wiper Blade,현대모비스,35.99,16000,55,400,6030,hyundai wiper;mobis oem;korean car parts,0,domeggook-com;ownerclan-com;autoand-co-kr
auto-accessories,2,불스원샷 연료첨가제,Bullsone Shot Fuel Additive,불스원,29.99,13000,57,350,6030,bullsone;fuel additive;engine cleaner,0,domeggook-com;dometopia-com;bullsone-com-b2b
auto-accessories,3,아이나비 블랙박스,Thinkware Dash Cam,아이나비,149.99,65000,57,500,6030,thinkware;dash cam;korean blackbox,0,domeggook-com;sellmoa-com;supercat-co-kr
auto-accessories,4,만도 에어컨 필터,Mando Air Conditioner Filter,만도,24.99,11000,56,250,6030,mando filter;cabin filter;korean car parts,5,domeggook-com;ownerclan-com;autoand-co-kr
auto-accessories,5,파인디지털 내비게이션,Fine Digital Navigation System,파인디지털,199.99,85000,57,450,6030,fine digital;car navigation;korean gps,0,domeggook-com;dometopia-com;domeme-com
auto-accessories,6,더클래스 차량용 방향제,The Class Car Air Freshener,더클래스,18.99,8000,58,100,6030,the class;car freshener;korean car scent,-1,domeggook-com;sellmoa-com;caritemdomae-com
auto-accessories,7,메이튼 차량용 핸드폰 거치대,Mayton Car Phone Holder,메이튼,22.99,10000,56,200,6030,mayton;car phone mount;wireless charger,0,domeggook-com;ownerclan-com;supercat-co-kr
auto-accessories,8,차모아 차량용 목쿠션,Chamoa Car Neck Pillow,차모아,28.99,12500,57,300,6030,chamoa;car neck pillow;korean car interior,0,domeggook-com;dometopia-com;caritemdomae-com
auto-accessories,9,카템 차량용 트렁크 정리함,Cartem Car Trunk Organizer,카템,39.99,17000,57,450,6030,cartem;trunk organizer;car storage,0,domeggook-com;sellmoa-com;caritemdomae-com
auto-accessories,10,오토앤 차량용 코일매트,Auto& Car Coil Mat,오토앤,69.99,30000,57,500,6030,auto&;car mat;coil mat,0,domeggook-com;ownerclan-com;autoand-co-kr
auto-accessories,11,카렉스 차량용 세차 타월,Carex Car Wash Towel,카렉스,15.99,7000,56,150,6030,carex;car wash;microfiber towel,0,domeggook-com;dometopia-com;carex-co-kr
auto-accessories,12,기아 순정 스마트키 케이스,Kia OEM Smart Key Case,기아,25.99,11000,58,80,6030,kia key case;oem key cover;korean car accessory,0,domeggook-com;sellmoa-com;autoand-co-kr
auto-accessories,13,아이나비 QXD7000 블랙박스,Thinkware QXD7000 Dash Cam,아이나비,249.99,110000,56,500,6030,thinkware qxd7000;premium dash cam;2ch blackbox,0,domeggook-com;ownerclan-com;supercat-co-kr
auto-accessories,14,리버캠 차량용 후방 카메라,Revercam Car Rear View Camera,리버캠,49.99,22000,56,280,6030,revercam;rear view camera;parking assist,0,domeggook-com;dometopia-com;domeme-com
auto-accessories,15,카네비컴 차량용 공기청정기,Car Navi Com Car Air Purifier,카네비컴,79.99,35000,56,400,6030,car navi com;air purifier;car air cleaner,0,domeggook-com;sellmoa-com;caritemdomae-com
auto-accessories,16,현대모비스 순정 오일 필터,Hyundai Mobis OEM Oil Filter,현대모비스,19.99,8500,57,180,6030,hyundai oil filter;mobis parts;engine filter,0,domeggook-com;ownerclan-com;autoand-co-kr
auto-accessories,17,불스원 김서림 방지제,Bullsone Anti-Fog Spray,불스원,14.99,6000,60,120,6030,bullsone anti-fog;car defogger;window cleaner,0,domeggook-com;dometopia-com;bullsone-com-b2b
auto-accessories,18,아이나비 에어 3D 내비게이션,Thinkware Air 3D Navigation,아이나비,179.99,78000,57,480,6030,thinkware air;3d navigation;korean gps,0,domeggook-com;sellmoa-com;supercat-co-kr
auto-accessories,19,만도 브레이크 패드,Mando Brake Pad,만도,59.99,26000,57,500,6030,mando brake;brake pad;korean car parts,5,domeggook-com;ownerclan-com;autoand-co-kr
auto-accessories,20,파인디지털 하이패스 단말기,Fine Digital Hi-Pass Terminal,파인디지털,89.99,39000,57,250,6030,fine digital hi-pass;etc device;korean toll pass,0,domeggook-com;dometopia-com;domeme-com
auto-accessories,21,더클래스 차량용 가죽 클리너,The Class Car Leather Cleaner,더클래스,24.99,10500,58,300,6030,the class leather;car interior cleaner;leather care,0,domeggook-com;sellmoa-com;caritemdomae-com
auto-accessories,22,메이튼 차량용 무선 충전기,Mayton Car Wireless Charger,메이튼,32.99,14000,58,220,6030,mayton charger;car wireless;fast charging,0,domeggook-com;ownerclan-com;supercat-co-kr
auto-accessories,23,차모아 차량용 틈새 수납함,Chamoa Car Gap Organizer,차모아,19.99,8500,57,180,6030,chamoa organizer;car gap filler;storage box,0,domeggook-com;dometopia-com;caritemdomae-com
auto-accessories,24,카템 차량용 햇빛 가리개,Cartem Car Sun Shade,카템,16.99,7000,59,150,6030,cartem sun shade;car window shade;uv protection,0,domeggook-com;sellmoa-com;caritemdomae-com
auto-accessories,25,오토앤 차량용 컵홀더 확장기,Auto& Car Cup Holder Expander,오토앤,21.99,9500,57,200,6030,auto& cup holder;car organizer;drink holder,0,domeggook-com;ownerclan-com;autoand-co-kr
auto-accessories,26,카렉스 차량용 워시 미트,Carex Car Wash Mitt,카렉스,12.99,5000,61,80,6030,carex wash mitt;car cleaning;detailing glove,0,domeggook-com;dometopia-com;carex-co-kr
auto-accessories,27,기아 순정 엔진 오일,Kia OEM Engine Oil,기아,45.99,20000,56,500,6030,kia engine oil;oem oil;synthetic oil,0,domeggook-com;sellmoa-com;autoand-co-kr
auto-accessories,28,리버캠 차량용 주차 번호판,Revercam Car Parking Number Plate,리버캠,10.99,4500,59,50,6030,revercam parking;car number plate;temporary number,0,domeggook-com;ownerclan-com;domeme-com
auto-accessories,29,카네비컴 차량용 HUD,Car Navi Com Car HUD Display,카네비컴,119.99,52000,57,350,6030,car navi com hud;head up display;speedometer,0,domeggook-com;dometopia-com;caritemdomae-com
auto-accessories,30,현대모비스 순정 에어 필터,Hyundai Mobis OEM Air Filter,현대모비스,21.99,9500,57,200,6030,hyundai air filter;mobis parts;engine air filter,0,domeggook-com;sellmoa-com;autoand-co-kr
k-beauty-makeup,1,클리오 킬커버 파운웨어 쿠션,Clio Kill Cover Founwear Cushion,클리오,28.99,12500,57,120,11863,clio cushion;korean foundation;kill cover,0,domeggook-com;b2b-memebox-com;koreacospack-com
k-beauty-makeup,2,에뛰드 플레이 컬러 아이즈 팔레트,Etude Play Color Eyes Palette,에뛰드,24.99,10500,58,100,11863,etude eyeshadow;korean palette;play color eyes,0,domeggook-com;ownerclan-com;cosmeticdomemall-com
k-beauty-makeup,3,롬앤 쥬시 래스팅 틴트,Rom&nd Juicy Lasting Tint,롬앤,14.99,6000,60,50,11863,romand tint;korean lip tint;juicy lasting,-1,domeggook-com;dometopia-com;kbeautydomae-com
k-beauty-makeup,4,페리페라 잉크 더 에어리 벨벳,Peripera Ink Airy Velvet Tint,페리페라,12.99,5000,61,40,11863,peripera tint;airy velvet;korean lip makeup,-1,domeggook-com;sellmoa-com;b2b-memebox-com
k-beauty-makeup,5,3CE 벨벳 립 틴트,3CE Velvet Lip Tint,3CE,19.99,8500,57,60,11863,3ce tint;velvet lip;korean makeup,-1,domeggook-com;ownerclan-com;koreacospack-com
k-beauty-makeup,6,헤라 블랙 쿠션,Hera Black Cushion,헤라,45.99,20000,56,150,11863,hera cushion;black cushion;korean luxury makeup,0,domeggook-com;dometopia-com;cosmeticdomemall-com
k-beauty-makeup,7,데이지크 섀도우 팔레트,Dasique Shadow Palette,데이지크,32.99,14000,58,110,11863,dasique palette;korean eyeshadow;daily makeup,0,domeggook-com;sellmoa-com;kbeautydomae-com
k-beauty-makeup,8,에스쁘아 프로 테일러 비 벨벳 쿠션,Espoir Pro Tailor Be Velvet Cushion,에스쁘아,34.99,15000,57,130,11863,espoir cushion;velvet cushion;korean base makeup,4,domeggook-com;ownerclan-com;b2b-memebox-com
k-beauty-makeup,9,어뮤즈 듀 틴트,Amuse Dew Tint,어뮤즈,17.99,7500,58,55,11863,amuse tint;dew tint;korean glossy lip,-1,domeggook-com;dometopia-com;koreacospack-com
k-beauty-makeup,10,힌스 무드 인핸서 리퀴드 글로우,Hince Mood Enhancer Liquid Glow,힌스,21.99,9000,59,65,11863,hince glow;liquid highlighter;korean clean beauty,0,domeggook-com;sellmoa-com;cosmeticdomemall-com
k-beauty-makeup,11,이니스프리 노세범 미네랄 파우더,Innisfree No-Sebum Mineral Powder,이니스프리,8.99,3500,61,30,11863,innisfree powder;no sebum;korean oil control,0,domeggook-com;ownerclan-com;kbeautydomae-com
k-beauty-makeup,12,라카 스무스 매트 립스틱,Laka Smooth Matte Lipstick,라카,19.99,8500,57,50,11863,laka lipstick;matte lipstick;gender neutral beauty,1,domeggook-com;dometopia-com;b2b-memebox-com
k-beauty-makeup,13,투쿨포스쿨 아트클래스 바이 로댕 쉐이딩,Too Cool For School Artclass By Rodin Shading,투쿨포스쿨,22.99,9500,59,90,11863,too cool for school;rodin shading;korean contour,1,domeggook-com;sellmoa-com;koreacospack-com
k-beauty-makeup,14,홀리카홀리카 굳세라 수퍼 세라마이드 크림,Holika Holika Good Cera Super Ceramide Cream,홀리카홀리카,20.99,8800,58,180,11863,holika holika;ceramide cream;korean moisturizer,0,domeggook-com;ownerclan-com;cosmeticdomemall-com
k-beauty-makeup,15,네이처리퍼블릭 알로에 수딩젤,Nature Republic Aloe Vera Soothing Gel,네이처리퍼블릭,10.99,4000,63,350,11863,nature republic;aloe vera gel;korean skincare,0,domeggook-com;dometopia-com;kbeautydomae-com
k-beauty-makeup,16,클리오 샤프 쏘 심플 워터프루프 펜 라이너,Clio Sharp So Simple Waterproof Pen Liner,클리오,16.99,7000,59,30,11863,clio eyeliner;waterproof liner;korean eye makeup,0,domeggook-com;b2b-memebox-com;koreacospack-com
k-beauty-makeup,17,에뛰드 픽싱 틴트,Etude Fixing Tint,에뛰드,13.99,5500,61,45,11863,etude tint;fixing tint;korean long lasting lip,0,domeggook-com;ownerclan-com;cosmeticdomemall-com
k-beauty-makeup,18,롬앤 베러 댄 아이즈,Rom&nd Better Than Eyes Palette,롬앤,21.99,9000,59,80,11863,romand eyeshadow;better than eyes;korean neutral palette,0,domeggook-com;dometopia-com;kbeautydomae-com
k-beauty-makeup,19,페리페라 올테이크 무드 팔레트,Peripera All Take Mood Palette,페리페라,20.99,8500,59,95,11863,peripera palette;all take mood;korean multi palette,0,domeggook-com;sellmoa-com;b2b-memebox-com
k-beauty-makeup,20,3CE 멀티 아이 컬러 팔레트,3CE Multi Eye Color Palette,3CE,38.99,17000,56,130,11863,3ce palette;multi eye color;korean trendy makeup,0,domeggook-com;ownerclan-com;koreacospack-com
k-beauty-makeup,21,헤라 센슈얼 파우더 매트 립스틱,Hera Sensual Powder Matte Lipstick,헤라,32.99,14000,58,70,11863,hera lipstick;powder matte;korean high end lip,0,domeggook-com;dometopia-com;cosmeticdomemall-com
k-beauty-makeup,22,데이지크 블렌딩 무드 치크,Dasique Blending Mood Cheek,데이지크,26.99,11500,57,85,11863,dasique blush;blending mood;korean cheek palette,0,domeggook-com;sellmoa-com;kbeautydomae-com
k-beauty-makeup,23,에스쁘아 꾸뛰르 립 플루이드 벨벳,Espoir Couture Lip Fluid Velvet,에스쁘아,20.99,8800,58,60,11863,espoir lip;couture velvet;korean lip fluid,0,domeggook-com;ownerclan-com;b2b-memebox-com
k-beauty-makeup,24,어뮤즈 비건 피치 크림,Amuse Vegan Peach Cream,어뮤즈,29.99,13000,57,150,11863,amuse vegan;peach cream;korean tone up cream,0,domeggook-com;dometopia-com;koreacospack-com
k-beauty-makeup,25,힌스 세컨드 스킨 파운데이션,Hince Second Skin Foundation,힌스,36.99,16000,57,140,11863,hince foundation;second skin;korean natural base,0,domeggook-com;sellmoa-com;cosmeticdomemall-com
k-beauty-makeup,26,이니스프리 트윙클 글리터,Innisfree Twinkle Glitter,이니스프리,11.99,4800,60,35,11863,innisfree glitter;twinkle eye;korean eye glitter,0,domeggook-com;ownerclan-com;kbeautydomae-com
k-beauty-makeup,27,라카 프루티 글램 틴트,Laka Fruity Glam Tint,라카,18.99,8000,58,50,11863,laka tint;fruity glam;korean glossy tint,0,domeggook-com;dometopia-com;b2b-memebox-com
k-beauty-makeup,28,투쿨포스쿨 태그 듀얼 젤 아이라이너,Too Cool For School Tag Dual Gel Eyeliner,투쿨포스쿨,15.99,6500,59,40,11863,too cool for school eyeliner;dual gel liner;korean eye pencil,0,domeggook-com;sellmoa-com;koreacospack-com
k-beauty-makeup,29,홀리카홀리카 마이 페이브 섀도우 팔레트,Holika Holika My Fave Shadow Palette,홀리카홀리카,23.99,10000,58,110,11863,holika holika palette;my fave shadow;korean affordable eyeshadow,0,domeggook-com;ownerclan-com;cosmeticdomemall-com
k-beauty-makeup,30,네이처리퍼블릭 바이플라워 블러셔,Nature Republic By Flower Blusher,네이처리퍼블릭,11.99,4800,60,70,11863,nature republic blush;by flower;korean natural blush,0,domeggook-com;dometopia-com;kbeautydomae-com
webtoon-goods,1,카카오프렌즈 라이언 인형,Kakao Friends Ryan Plush Doll,카카오프렌즈,34.99,15000,57,300,220,kakao ryan;kpop plush;korean character,7,domeggook-com;ownerclan-com;store-kakaofriends-com-b2b
webtoon-goods,2,웹툰프렌즈 나 혼자만 레벨업 아크릴 스탠드,Webtoon Friends Solo Leveling Acrylic Stand,웹툰프렌즈,22.99,9500,59,120,220,solo leveling;webtoon goods;acrylic stand,0,domeggook-com;dometopia-com;1000za-kr
webtoon-goods,3,D&C웹툰스토어 화산귀환 키링,D&C Webtoon Store Return of Mount Hua Sect Keyring,D&C웹툰스토어,15.99,6500,59,50,220,return of mount hua;webtoon keyring;korean webtoon,0,domeggook-com;sellmoa-com;goods-shop-co-kr
webtoon-goods,4,모펀스토어 전지적 독자 시점 뱃지,Mofun Store Omniscient Reader's Viewpoint Badge,모펀스토어,12.99,5000,61,30,220,omniscient reader;webtoon badge;korean novel goods,0,domeggook-com;ownerclan-com;artbox-co-kr-b2b
webtoon-goods,5,애니플러스샵 나 혼자만 레벨업 포스터,Aniplus Shop Solo Leveling Poster,애니플러스샵,19.99,8000,60,100,220,solo leveling poster;anime poster;webtoon art,0,domeggook-com;dometopia-com;1000za-kr
webtoon-goods,6,웹툰샵 어글리후드 스티커 세트,Webtoon Shop Uglyhood Sticker Set,웹툰샵,9.99,3800,62,40,220,uglyhood;webtoon sticker;korean comic goods,0,domeggook-com;sellmoa-com;goods-shop-co-kr
webtoon-goods,7,투니크 신의 탑 폰케이스,Toonique Tower of God Phone Case,투니크,24.99,10500,58,80,220,tower of god;webtoon phone case;korean animation,0,domeggook-com;ownerclan-com;store-linefriends-com-b2b
webtoon-goods,8,애니메이트 이태원 클라쓰 OST 앨범,Animate Itaewon Class OST Album,애니메이트,39.99,17000,57,250,220,itaewon class;webtoon ost;korean drama ost,0,domeggook-com;dometopia-com;domeme-com
webtoon-goods,9,코믹존 여신강림 만화책 세트,Comic Zone True Beauty Comic Book Set,코믹존,59.99,25000,58,500,220,true beauty;webtoon comic;korean manga,0,domeggook-com;sellmoa-com;1000za-kr
webtoon-goods,10,판타짓 나 혼자만 레벨업 피규어,Fantagit Solo Leveling Figure,판타짓,89.99,38000,58,400,220,solo leveling figure;anime figure;webtoon collectible,0,domeggook-com;ownerclan-com;goods-shop-co-kr
webtoon-goods,11,재이미샵 화산귀환 텀블러,Jaemi Shop Return of Mount Hua Sect Tumbler,재이미샵,29.99,12500,58,200,220,return of mount hua tumbler;webtoon tumbler;korean merchandise,0,domeggook-com;dometopia-com;artbox-co-kr-b2b
webtoon-goods,12,마플샵 전지적 독자 시점 티셔츠,Marpple Shop Omniscient Reader's Viewpoint T-shirt,마플샵,32.99,14000,58,250,220,omniscient reader t-shirt;webtoon apparel;korean webnovel,0,domeggook-com;sellmoa-com;domeme-com
webtoon-goods,13,위드드라마 카카오프렌즈 춘식이 파우치,Withdrama Kakao Friends Chunsik Pouch,위드드라마,21.99,9000,59,100,220,chunsik pouch;kakao friends;kpop character goods,0,domeggook-com;ownerclan-com;store-kakaofriends-com-b2b
webtoon-goods,14,굿즈모아 신의 탑 엽서 세트,Goods Moa Tower of God Postcard Set,굿즈모아,10.99,4500,59,60,220,tower of god postcard;webtoon art print;korean webtoon,0,domeggook-com;dometopia-com;1000za-kr
webtoon-goods,15,코믹팝 여신강림 다이어리,Comic Pop True Beauty Diary,코믹팝,25.99,11000,58,180,220,true beauty diary;webtoon journal;korean stationery,0,domeggook-com;sellmoa-com;goods-shop-co-kr
webtoon-goods,16,카카오프렌즈 어피치 머그컵,Kakao Friends Apeach Mug Cup,카카오프렌즈,19.99,8500,57,250,220,kakao apeach;character mug;korean gift,0,domeggook-com;ownerclan-com;store-kakaofriends-com-b2b
webtoon-goods,17,웹툰프렌즈 나 혼자만 레벨업 담요,Webtoon Friends Solo Leveling Blanket,웹툰프렌즈,49.99,21000,58,500,220,solo leveling blanket;webtoon merch;anime blanket,0,domeggook-com;dometopia-com;1000za-kr
webtoon-goods,18,D&C웹툰스토어 화산귀환 마우스패드,D&C Webtoon Store Return of Mount Hua Sect Mousepad,D&C웹툰스토어,17.99,7500,58,150,220,return of mount hua mousepad;webtoon desk mat;korean webtoon,0,domeggook-com;sellmoa-com;goods-shop-co-kr
webtoon-goods,19,모펀스토어 전지적 독자 시점 클리어 파일,Mofun Store Omniscient Reader's Viewpoint Clear File,모펀스토어,9.99,4000,60,40,220,omniscient reader file;webtoon stationery;korean novel goods,0,domeggook-com;ownerclan-com;artbox-co-kr-b2b
webtoon-goods,20,애니플러스샵 나 혼자만 레벨업 뱃지 세트,Aniplus Shop Solo Leveling Badge Set,애니플러스샵,16.99,7000,59,60,220,solo leveling badge;anime pin;webtoon collectible,0,domeggook-com;dometopia-com;1000za-kr
webtoon-goods,21,웹툰샵 어글리후드 에코백,Webtoon Shop Uglyhood Eco Bag,웹툰샵,24.99,10500,58,180,220,uglyhood eco bag;webtoon tote bag;korean comic merch,0,domeggook-com;sellmoa-com;goods-shop-co-kr
webtoon-goods,22,투니크 신의 탑 아크릴 키링,Toonique Tower of God Acrylic Keyring,투니크,14.99,6000,60,40,220,tower of god keyring;webtoon accessory;korean animation,0,domeggook-com;ownerclan-com;store-linefriends-com-b2b
webtoon-goods,23,애니메이트 이태원 클라쓰 엽서,Animate Itaewon Class Postcard,애니메이트,8.99,3500,61,30,220,itaewon class postcard;webtoon art;korean drama goods,0,domeggook-com;dometopia-com;domeme-com
webtoon-goods,24,코믹존 여신강림 일러스트북,Comic Zone True Beauty Illustration Book,코믹존,39.99,17000,57,350,220,true beauty artbook;webtoon illustration;korean comic art,0,domeggook-com;sellmoa-com;1000za-kr
webtoon-goods,25,판타짓 나 혼자만 레벨업 스페셜 에디션 만화책,Fantagit Solo Leveling Special Edition Comic Book,판타짓,69.99,30000,57,500,220,solo leveling comic;special edition;webtoon manga,0,domeggook-com;ownerclan-com;goods-shop-co-kr
webtoon-goods,26,재이미샵 화산귀환 포토카드 세트,Jaemi Shop Return of Mount Hua Sect Photocards,재이미샵,12.99,5000,61,50,220,return of mount hua photocards;webtoon collectible;korean webtoon,0,domeggook-com;dometopia-com;artbox-co-kr-b2b
webtoon-goods,27,마플샵 전지적 독자 시점 후드티,Marpple Shop Omniscient Reader's Viewpoint Hoodie,마플샵,49.99,21000,58,450,220,omniscient reader hoodie;webtoon clothing;korean webnovel,0,domeggook-com;sellmoa-com;domeme-com
webtoon-goods,28,위드드라마 카카오프렌즈 춘식이 그립톡,Withdrama Kakao Friends Chunsik Grip Tok,위드드라마,15.99,6500,59,40,220,chunsik grip tok;kakao friends;kpop phone accessory,0,domeggook-com;ownerclan-com;store-kakaofriends-com-b2b
webtoon-goods,29,굿즈모아 신의 탑 핀 뱃지,Goods Moa Tower of God Pin Badge,굿즈모아,11.99,4800,60,30,220,tower of god pin;webtoon badge;korean animation,0,domeggook-com;dometopia-com;1000za-kr
webtoon-goods,30,코믹팝 여신강림 스티커,Comic Pop True Beauty Sticker,코믹팝,7.99,3000,62,20,220,true beauty sticker;webtoon decal;korean stationery,0,domeggook-com;sellmoa-com;goods-shop-co-kr
golf-gear,1,볼빅 비비드 골프공,Volvik Vivid Golf Balls,볼빅,39.99,17000,57,450,1513,volvik golf balls;vivid colors;korean golf,0,domeggook-com;ownerclan-com;golfzonmarket-com-b2b
golf-gear,2,카카오프렌즈 골프 라이언 드라이버 커버,Kakao Friends Golf Ryan Driver Cover,카카오프렌즈 골프,49.99,21000,58,300,1513,kakao golf;ryan headcover;korean golf accessories,0,domeggook-com;dometopia-com;golfshopdomae-com
golf-gear,3,와이드앵글 여성 골프웨어,Wideangle Women's Golf Apparel,와이드앵글,79.99,34000,57,400,1513,wideangle golf;korean golf wear;women's golf fashion,0,domeggook-com;sellmoa-com;golffriend-co-kr
golf-gear,4,페어라이어 여성 골프 스커트,Fair Liar Women's Golf Skirt,페어라이어,89.99,38000,58,350,1513,fair liar golf;korean golf skirt;luxury golf wear,0,domeggook-com;ownerclan-com;akgolf-co-kr
golf-gear,5,어뉴골프 남성 골프 장갑,Anew Golf Men's Golf Glove,어뉴골프,34.99,14000,60,80,1513,anew golf;korean golf glove;men's golf accessories,0,domeggook-com;dometopia-com;golfzonmarket-com-b2b
golf-gear,6,세인트나인 골프 모자,Saintnine Golf Cap,세인트나인,39.99,16000,60,150,1513,saintnine golf;korean golf hat;stylish golfwear,0,domeggook-com;sellmoa-com;golffriend-co-kr
golf-gear,7,엑스페론 골프 티,Xperon Golf Tees,엑스페론,15.99,6500,59,50,1513,xperon golf;golf tees;korean golf accessories,0,domeggook-com;ownerclan-com;golfshopdomae-com
golf-gear,8,사우스케이프 골프 파우치,Southcape Golf Pouch,사우스케이프,59.99,25000,58,200,1513,southcape golf;golf accessory bag;korean luxury golf,0,domeggook-com;dometopia-com;akgolf-co-kr
golf-gear,9,까스텔바작 여성 골프 티셔츠,Castelbajac Women's Golf T-shirt,까스텔바작,69.99,29000,58,280,1513,castelbajac golf;korean golf fashion;women's golf top,0,domeggook-com;sellmoa-com;golfzonmarket-com-b2b
golf-gear,10,UTAA 남성 골프 팬츠,UTAA Men's Golf Pants,UTAA,99.99,42000,58,450,1513,utaa golf;korean golf pants;men's golf wear,0,domeggook-com;ownerclan-com;golffriend-co-kr
golf-gear,11,왁 여성 골프 니트,WAAC Women's Golf Knitwear,왁,119.99,50000,58,380,1513,waac golf;korean designer golf;women's golf sweater,0,domeggook-com;dometopia-com;akgolf-co-kr
golf-gear,12,빈폴골프 남성 골프 폴로 셔츠,Beanpole Golf Men's Polo Shirt,빈폴골프,89.99,38000,58,300,1513,beanpole golf;korean golf polo;men's golf fashion,0,domeggook-com;sellmoa-com;golfzonmarket-com-b2b
golf-gear,13,닥스골프 여성 골프 장갑,Daks Golf Women's Golf Glove,닥스골프,32.99,13000,60,70,1513,daks golf;korean golf glove;women's golf accessories,0,domeggook-com;ownerclan-com;golffriend-co-kr
golf-gear,14,헤지스골프 남성 골프 벨트,Hazzys Golf Men's Golf Belt,헤지스골프,49.99,20000,60,200,1513,hazzys golf;korean golf belt;men's golf accessories,0,domeggook-com;dometopia-com;golfshopdomae-com
golf-gear,15,먼데이플로우 골프 양말,Monday Flow Golf Socks,먼데이플로우,14.99,6000,60,60,1513,monday flow golf;korean golf socks;athletic socks,0,domeggook-com;sellmoa-com;akgolf-co-kr
golf-gear,16,볼빅 레인지파인더,Volvik Rangefinder,볼빅,129.99,55000,58,300,1513,volvik rangefinder;golf laser;korean golf tech,0,domeggook-com;ownerclan-com;golfzonmarket-com-b2b
golf-gear,17,카카오프렌즈 골프 어피치 볼마커,Kakao Friends Golf Apeach Ball Marker,카카오프렌즈 골프,18.99,7500,60,40,1513,kakao apeach;golf ball marker;korean golf accessory,0,domeggook-com;dometopia-com;golfshopdomae-com
golf-gear,18,와이드앵글 남성 골프 자켓,Wideangle Men's Golf Jacket,와이드앵글,119.99,50000,58,480,1513,wideangle jacket;korean golf jacket;men's outerwear,0,domeggook-com;sellmoa-com;golffriend-co-kr
golf-gear,19,페어라이어 여성 골프 조끼,Fair Liar Women's Golf Vest,페어라이어,99.99,42000,58,350,1513,fair liar vest;korean golf vest;women's golf fashion,0,domeggook-com;ownerclan-com;akgolf-co-kr
golf-gear,20,어뉴골프 여성 골프화,Annew Golf Women's Golf Shoes,어뉴골프,149.99,63000,58,500,1513,anew golf shoes;korean golf shoes;women's golf footwear,0,domeggook-com;dometopia-com;golfzonmarket-com-b2b
golf-gear,21,세인트나인 골프 우산,Saintnine Golf Umbrella,세인트나인,45.99,19000,59,400,1513,saintnine umbrella;golf umbrella;korean golf accessories,0,domeggook-com;sellmoa-com;golffriend-co-kr
golf-gear,22,엑스페론 골프 장갑,Xperon Golf Glove,엑스페론,29.99,12000,60,70,1513,xperon glove;golf glove;korean golf accessories,0,domeggook-com;ownerclan-com;golfshopdomae-com
golf-gear,23,사우스케이프 골프 캐디백,Southcape Golf Caddy Bag,사우스케이프,499.99,210000,58,500,1513,southcape caddy bag;golf stand bag;korean luxury golf,0,domeggook-com;dometopia-com;akgolf-co-kr
golf-gear,24,까스텔바작 남성 골프 반팔 셔츠,Castelbajac Men's Golf Short Sleeve Shirt,까스텔바작,74.99,31000,58,280,1513,castelbajac men's golf;korean golf shirt;summer golf wear,0,domeggook-com;sellmoa-com;golfzonmarket-com-b2b
golf-gear,25,UTAA 여성 골프 스웨터,UTAA Women's Golf Sweater,UTAA,129.99,54000,58,400,1513,utaa golf sweater;korean golf fashion;women's knitwear,0,domeggook-com;ownerclan-com;golffriend-co-kr
golf-gear,26,왁 남성 골프 모자,WAAC Men's Golf Cap,왁,42.99,17000,60,150,1513,waac golf cap;korean designer golf;men's golf hat,0,domeggook-com;dometopia-com;akgolf-co-kr
golf-gear,27,빈폴골프 여성 골프 스커트,Beanpole Golf Women's Golf Skirt,빈폴골프,94.99,40000,58,350,1513,beanpole golf skirt;korean golf fashion;women's golf apparel,0,domeggook-com;sellmoa-com;golfzonmarket-com-b2b
golf-gear,28,닥스골프 남성 골프 폴로 셔츠,Daks Golf Men's Polo Shirt,닥스골프,84.99,35000,59,300,1513,daks golf polo;korean golf wear;men's classic golf,0,domeggook-com;ownerclan-com;golffriend-co-kr
golf-gear,29,헤지스골프 여성 골프 모자,Hazzys Golf Women's Golf Cap,헤지스골프,39.99,16000,60,150,1513,hazzys golf cap;korean golf hat;women's golf accessories,0,domeggook-com;dometopia-com;golfshopdomae-com
golf-gear,30,먼데이플로우 골프 타월,Monday Flow Golf Towel,먼데이플로우,19.99,8000,60,100,1513,monday flow towel;golf cleaning towel;korean golf accessories,0,domeggook-com;sellmoa-com;akgolf-co-kr
camping-gear,1,코베아 구이바다 M,Kovea Guibada M,코베아,120,55000,54,3500,177431,korean camping;kovea grill;portable stove,0,domeggook-com;campingtree-co-kr;campingon-co-kr
camping-gear,2,헬리녹스 체어원,Helinox Chair One,헬리녹스,110,48000,56,1000,177431,helinox chair;ultralight camping;korean outdoor,0,ownerclan-com;campingtree-co-kr;campingon-co-kr
camping-gear,3,크레모아 3페이스 미니,CLAYMORE 3Face Mini,크레모아,75,32000,57,400,177431,claymore lantern;camping light;korean gear,0,domeggook-com;supercat-co-kr;campingmaru-com
camping-gear,4,미니멀웍스 파프리카 텐트,Minimal Works Paprika Tent,미니멀웍스,350,150000,57,2500,177431,minimal works;camping tent;korean camping,0,ownerclan-com;campingtree-co-kr;campingon-co-kr
camping-gear,5,코오롱스포츠 테라노바 텐트,Kolon Sport Terranova Tent,코오롱스포츠,400,180000,55,3000,177431,kolon sport;outdoor tent;korean brand,0,domeggook-com;campingtree-co-kr;campingmaru-com
camping-gear,6,K2 플라이워크 등산화,K2 Flywalk Hiking Shoes,K2,150,65000,57,1200,177431,k2 hiking;korean outdoor shoes;trekking,0,ownerclan-com;supercat-co-kr;campingon-co-kr
camping-gear,7,블랙야크 아이스엣지 자켓,Blackyak Ice Edge Jacket,블랙야크,200,90000,55,800,177431,blackyak jacket;korean outdoor;winter gear,0,domeggook-com;campingtree-co-kr;campingmaru-com
camping-gear,8,노스피크 퍼시픽 오토 텐트,Northpeak Pacific Auto Tent,노스피크,380,170000,55,4000,177431,northpeak tent;auto camping;korean tent,0,ownerclan-com;campingtree-co-kr;campingon-co-kr
camping-gear,9,카즈미 아웃도어 테이블,KZM Outdoor Table,카즈미,90,40000,56,2500,177431,kzm table;camping furniture;korean camping,0,domeggook-com;supercat-co-kr;campingmaru-com
camping-gear,10,제드코리아 알파인 텐트,ZED Korea Alpine Tent,제드코리아,280,120000,57,2000,177431,zed korea;alpine tent;korean outdoor,0,ownerclan-com;campingtree-co-kr;campingon-co-kr
camping-gear,11,하이브로우 밀크박스,HIBROW Milk Box,하이브로우,50,22000,56,1500,177431,hibrow box;camping storage;korean lifestyle,0,domeggook-com;supercat-co-kr;campingmaru-com
camping-gear,12,스노우라인 큐브 패밀리 테이블,Snowline Cube Family Table,스노우라인,100,45000,55,3000,177431,snowline table;camping gear;korean outdoor,0,ownerclan-com;campingtree-co-kr;campingon-co-kr
camping-gear,13,네파 스파이더 롱패딩,NEPA Spider Long Padding,네파,180,80000,55,1500,177431,nepa padding;korean winter;outdoor jacket,0,domeggook-com;supercat-co-kr;campingmaru-com
camping-gear,14,아이더 스테롤 구스다운,EIDER Sterol Goose Down,아이더,220,95000,57,1000,177431,eider goose down;korean outdoor;winter jacket,0,ownerclan-com;campingtree-co-kr;campingon-co-kr
camping-gear,15,800도씨 무쇠 그리들,800C Cast Iron Griddle,800도씨,80,35000,56,3000,177431,cast iron griddle;camping cooking;korean outdoor,0,domeggook-com;supercat-co-kr;campingmaru-com
camping-gear,16,코베아 캠핑 버너,Kovea Camping Burner,코베아,45,19000,57,300,177431,kovea burner;portable stove;camping cooking,0,domeggook-com;ownerclan-com;campingtree-co-kr
camping-gear,17,헬리녹스 테이블원,Helinox Table One,헬리녹스,120,50000,58,800,177431,helinox table;ultralight table;korean camping,0,ownerclan-com;campingon-co-kr;supercat-co-kr
camping-gear,18,크레모아 헤드 랜턴,CLAYMORE Headlamp,크레모아,60,25000,58,150,177431,claymore headlamp;camping light;outdoor headlamp,0,domeggook-com;campingmaru-com;sellmoa-com
camping-gear,19,미니멀웍스 인디언 행어,Minimal Works Indian Hanger,미니멀웍스,70,30000,57,1000,177431,minimal works;camping hanger;korean gear,0,ownerclan-com;campingtree-co-kr;dometopia-com
camping-gear,20,코오롱스포츠 등산 배낭,Kolon Sport Hiking Backpack,코오롱스포츠,130,55000,58,1200,177431,kolon sport;hiking backpack;korean outdoor,0,domeggook-com;campingon-co-kr;onchannel-co-kr
camping-gear,21,K2 캠핑 침낭,K2 Camping Sleeping Bag,K2,95,40000,58,1500,177431,k2 sleeping bag;camping gear;korean outdoor,0,ownerclan-com;campingtree-co-kr;domema-com
camping-gear,22,블랙야크 캠핑 의자,Blackyak Camping Chair,블랙야크,65,28000,57,1800,177431,blackyak chair;camping furniture;korean camping,0,domeggook-com;supercat-co-kr;campingmaru-com
camping-gear,23,노스피크 캠핑 매트,Northpeak Camping Mat,노스피크,70,30000,57,1000,177431,northpeak mat;camping sleeping;korean outdoor,0,ownerclan-com;campingon-co-kr;sellmoa-com
camping-gear,24,카즈미 캠핑 랜턴,KZM Camping Lantern,카즈미,55,23000,58,450,177431,kzm lantern;camping light;korean camping,-15,domeggook-com;campingtree-co-kr;dometopia-com
camping-gear,25,제드코리아 캠핑 쿨러,ZED Korea Camping Cooler,제드코리아,110,48000,56,3000,177431,zed korea cooler;camping cooler;korean gear,0,ownerclan-com;supercat-co-kr;domema-com
camping-gear,26,하이브로우 캠핑컵 세트,HIBROW Camping Cup Set,하이브로우,40,17000,57,300,177431,hibrow cups;camping tableware;korean lifestyle,0,domeggook-com;campingmaru-com;onchannel-co-kr
camping-gear,27,스노우라인 캠핑 코펠,Snowline Camping Cookware,스노우라인,85,36000,58,1200,177431,snowline cookware;camping pot;korean outdoor,0,ownerclan-com;campingtree-co-kr;sellmoa-com
camping-gear,28,네파 캠핑 타프,NEPA Camping Tarp,네파,150,65000,57,2000,177431,nepa tarp;camping shelter;korean outdoor,0,domeggook-com;campingon-co-kr;dometopia-com
camping-gear,29,아이더 캠핑 해먹,EIDER Camping Hammock,아이더,60,25000,58,800,177431,eider hammock;camping relaxation;korean outdoor,0,ownerclan-com;supercat-co-kr;domema-com
camping-gear,30,800도씨 캠핑 화로대,800C Camping Fire Pit,800도씨,100,42000,58,4000,177431,camping fire pit;korean outdoor;wood burning,0,domeggook-com;campingmaru-com;onchannel-co-kr
kitchen-ware,1,락앤락 비스프리 밀폐용기 세트,LocknLock Bisfree Food Container Set,락앤락,55,23000,58,1500,20625,locknlock container;korean kitchen;food storage,0,domeggook-com;ownerclan-com;kitchenmall-co-kr
kitchen-ware,2,해피콜 다이아몬드 프라이팬,Happycall Diamond Frying Pan,해피콜,40,17000,57,1000,20625,happycall pan;korean cookware;diamond coating,0,domeggook-com;supercat-co-kr;jubangdomae-com
kitchen-ware,3,글라스락 스마트 밀폐용기,Glasslock Smart Food Container,글라스락,30,12000,60,800,20625,glasslock container;korean glass;food prep,0,ownerclan-com;dometopia-com;kitchenmall-co-kr
kitchen-ware,4,PN풍년 압력솥,PN Poongnyun Pressure Cooker,PN풍년,80,35000,56,2500,20625,pn poongnyun;pressure cooker;korean kitchen,0,domeggook-com;sellmoa-com;jubangdomae-com
kitchen-ware,5,네오플램 피카 냄비,Neoflam Fika Pot,네오플램,60,25000,58,1200,20625,neoflam fika;korean pot;ceramic cookware,0,ownerclan-com;supercat-co-kr;kitchenmall-co-kr
kitchen-ware,6,오덴세 아틀리에 접시,Odense Atelier Plate,오덴세,25,10000,60,600,20625,odense plate;korean tableware;ceramic dish,0,domeggook-com;dometopia-com;grutdomae-com
kitchen-ware,7,한국도자기 홈세트,Hankook Chinaware Home Set,한국도자기,120,50000,58,4000,20625,hankook chinaware;korean dinnerware;porcelain set,2,ownerclan-com;onchannel-co-kr;jubangdomae-com
kitchen-ware,8,광주요 미각 시리즈,Kwangjuyo Migak Series,광주요,70,30000,57,1500,20625,kwangjuyo pottery;korean ceramics;handmade dish,0,domeggook-com;sellmoa-com;grutdomae-com
kitchen-ware,9,이도도자기 밥공기 세트,Yido Ceramics Rice Bowl Set,이도도자기,45,19000,58,1000,20625,yido ceramics;korean bowl;handmade pottery,0,ownerclan-com;supercat-co-kr;kitchenmall-co-kr
kitchen-ware,10,키친아트 스텐 냄비,Kitchen Art Stainless Steel Pot,키친아트,35,15000,57,1000,20625,kitchen art;stainless pot;korean kitchen,0,domeggook-com;dometopia-com;jubangdomae-com
kitchen-ware,11,실리만 실리콘 조리도구 세트,Sililman Silicone Kitchen Utensil Set,실리만,50,21000,58,700,20625,sililman silicone;korean utensils;cooking tools,1,ownerclan-com;sellmoa-com;grutdomae-com
kitchen-ware,12,김성훈도자기 머그컵,Kim Sunghoon Ceramics Mug,김성훈도자기,20,8000,60,400,20625,kim sunghoon;korean mug;handmade ceramics,0,domeggook-com;supercat-co-kr;kitchenmall-co-kr
kitchen-ware,13,도루코 마이셰프 칼 세트,Dorco My Chef Knife Set,도루코 마이셰프,65,28000,57,1000,20625,dorco knife;korean knife set;chef knife,0,ownerclan-com;dometopia-com;jubangdomae-com
kitchen-ware,14,퀸센스 에어프라이어,Queensense Air Fryer,퀸센스,100,42000,58,3000,20625,queensense fryer;korean air fryer;kitchen appliance,0,domeggook-com;onchannel-co-kr;grutdomae-com
kitchen-ware,15,행남자기 커피잔 세트,Haengnam Chinaware Coffee Cup Set,행남자기,75,32000,57,1800,20625,haengnam chinaware;korean coffee set;porcelain cups,0,ownerclan-com;sellmoa-com;kitchenmall-co-kr
kitchen-ware,16,락앤락 텀블러,LocknLock Tumbler,락앤락,25,10000,60,300,20625,locknlock tumbler;korean bottle;insulated cup,0,domeggook-com;ownerclan-com;supercat-co-kr
kitchen-ware,17,해피콜 양면팬,Happycall Double Sided Pan,해피콜,50,21000,58,1500,20625,happycall pan;double pan;korean cookware,0,domeggook-com;dometopia-com;jubangdomae-com
kitchen-ware,18,글라스락 이유식 용기,Glasslock Baby Food Container,글라스락,20,8000,60,500,20625,glasslock baby;baby food storage;korean glass,0,ownerclan-com;sellmoa-com;kitchenmall-co-kr
kitchen-ware,19,PN풍년 인덕션 냄비,PN Poongnyun Induction Pot,PN풍년,45,19000,58,1200,20625,pn poongnyun;induction pot;korean kitchen,0,domeggook-com;supercat-co-kr;grutdomae-com
kitchen-ware,20,네오플램 도마,Neoflam Cutting Board,네오플램,20,8000,60,600,20625,neoflam board;cutting board;korean kitchen,0,ownerclan-com;dometopia-com;jubangdomae-com
kitchen-ware,21,오덴세 머그컵,Odense Mug Cup,오덴세,18,7000,61,350,20625,odense mug;korean mug;ceramic cup,0,domeggook-com;onchannel-co-kr;kitchenmall-co-kr
kitchen-ware,22,한국도자기 접시,Hankook Chinaware Plate,한국도자기,22,9000,59,500,20625,hankook chinaware;korean plate;porcelain dish,0,ownerclan-com;sellmoa-com;grutdomae-com
kitchen-ware,23,광주요 그릇,Kwangjuyo Bowl,광주요,30,12000,60,700,20625,kwangjuyo bowl;korean ceramics;handmade bowl,0,domeggook-com;supercat-co-kr;jubangdomae-com
kitchen-ware,24,이도도자기 커피잔,Yido Ceramics Coffee Cup,이도도자기,28,11000,61,400,20625,yido ceramics;korean coffee cup;handmade pottery,0,ownerclan-com;dometopia-com;kitchenmall-co-kr
kitchen-ware,25,키친아트 믹싱볼 세트,Kitchen Art Mixing Bowl Set,키친아트,30,12000,60,800,20625,kitchen art;mixing bowl;korean kitchen,0,domeggook-com;onchannel-co-kr;grutdomae-com
kitchen-ware,26,실리만 실리콘 찜기,Sililman Silicone Steamer,실리만,25,10000,60,400,20625,sililman silicone;food steamer;korean kitchen,1,ownerclan-com;sellmoa-com;jubangdomae-com
kitchen-ware,27,김성훈도자기 접시,Kim Sunghoon Ceramics Plate,김성훈도자기,25,10000,60,500,20625,kim sunghoon;korean plate;handmade ceramics,0,domeggook-com;supercat-co-kr;kitchenmall-co-kr
kitchen-ware,28,도루코 마이셰프 가위,Dorco My Chef Scissors,도루코 마이셰프,15,6000,60,150,20625,dorco scissors;kitchen scissors;korean kitchen,-2,ownerclan-com;dometopia-com;grutdomae-com
kitchen-ware,29,퀸센스 믹서기,Queensense Blender,퀸센스,70,30000,57,1500,20625,queensense blender;korean blender;kitchen appliance,0,domeggook-com;onchannel-co-kr;jubangdomae-com
kitchen-ware,30,행남자기 밥공기,Haengnam Chinaware Rice Bowl,행남자기,12,5000,58,300,20625,haengnam chinaware;korean rice bowl;porcelain bowl,0,ownerclan-com;sellmoa-com;kitchenmall-co-kr
kdrama-goods,1,스튜디오드래곤 드라마 OST 앨범,Studio Dragon Drama OST Album,스튜디오드래곤,40,17000,57,300,176984,k-drama ost;studio dragon;korean soundtrack,0,domeggook-com;ownerclan-com
kdrama-goods,2,CJ ENM (tvN) 드라마 대본집,CJ ENM (tvN) Drama Script Book,CJ ENM (tvN),35,15000,57,400,176984,tvn drama;k-drama script;korean book,0,domeggook-com;onchannel-co-kr
kdrama-goods,3,위드뮤 K-드라마 포토카드 세트,Withmu K-Drama Photocard Set,위드뮤,20,8000,60,50,176984,k-drama photocard;kpop merch;korean idol,0,ownerclan-com;sellmoa-com
kdrama-goods,4,마플샵 K-드라마 폰케이스,Marpple Shop K-Drama Phone Case,마플샵,25,10000,60,100,176984,k-drama phone case;korean merch;custom phonecase,0,domeggook-com;supercat-co-kr;10x10-co-kr
kdrama-goods,5,메이드바이 K-드라마 굿즈 키링,Made By K-Drama Goods Keyring,메이드바이,15,6000,60,30,176984,k-drama keyring;korean souvenir;character merch,0,ownerclan-com;dometopia-com;store-kakaofriends-com
kdrama-goods,6,SBS (엠씨에스에스) 드라마 포스터,SBS (MCSS) Drama Poster,SBS (엠씨에스에스),20,8000,60,100,176984,sbs drama;k-drama poster;korean wall art,0,domeggook-com;onchannel-co-kr
kdrama-goods,7,와디즈 K-드라마 펀딩 굿즈,Wadiz K-Drama Funding Goods,와디즈,50,20000,60,200,176984,wadiz k-drama;crowdfunding merch;korean exclusive,0,ownerclan-com;sellmoa-com
kdrama-goods,8,JTBC 드라마 엽서 세트,JTBC Drama Postcard Set,JTBC,15,6000,60,50,176984,jtbc drama;k-drama postcard;korean stationery,0,domeggook-com;supercat-co-kr
kdrama-goods,9,케이타운포유 K-드라마 앨범,Ktown4u K-Drama Album,케이타운포유,30,12000,60,300,176984,ktown4u;k-drama album;kpop store,0,ownerclan-com;dometopia-com
kdrama-goods,10,예스24 K-드라마 원작 소설,Yes24 K-Drama Original Novel,예스24,28,11000,61,400,176984,yes24 book;k-drama novel;korean literature,0,domeggook-com;onchannel-co-kr
kdrama-goods,11,교보문고 K-드라마 에세이,Kyobo Book Centre K-Drama Essay,교보문고,25,10000,60,350,176984,kyobo book;k-drama essay;korean book,0,ownerclan-com;sellmoa-com
kdrama-goods,12,브랜드웍스코리아 K-드라마 캐릭터 인형,Brandworks Korea K-Drama Character Doll,브랜드웍스코리아,35,15000,57,200,176984,k-drama doll;character plush;korean toy,0,domeggook-com;supercat-co-kr;store-kakaofriends-com
kdrama-goods,13,카카오프렌즈 K-드라마 콜라보 굿즈,Kakao Friends K-Drama Collaboration Goods,카카오프렌즈,20,8000,60,100,176984,kakao friends;k-drama collab;korean character,0,ownerclan-com;dometopia-com;store-kakaofriends-com
kdrama-goods,14,라인프렌즈 K-드라마 콜라보 굿즈,Line Friends K-Drama Collaboration Goods,라인프렌즈,20,8000,60,100,176984,line friends;k-drama collab;korean character,0,domeggook-com;onchannel-co-kr;store-linefriends-com
kdrama-goods,15,소원콘텐츠 K-드라마 OST LP,Sowon Contents K-Drama OST LP,소원콘텐츠,60,25000,58,800,176984,k-drama lp;ost vinyl;korean music,0,ownerclan-com;sellmoa-com
kdrama-goods,16,스튜디오드래곤 드라마 포토북,Studio Dragon Drama Photobook,스튜디오드래곤,30,12000,60,300,176984,k-drama photobook;studio dragon;korean celebrity,0,domeggook-com;ownerclan-com
kdrama-goods,17,CJ ENM (tvN) 드라마 머그컵,CJ ENM (tvN) Drama Mug Cup,CJ ENM (tvN),18,7000,61,300,176984,tvn drama;k-drama mug;korean souvenir,0,domeggook-com;supercat-co-kr;10x10-co-kr
kdrama-goods,18,위드뮤 K-드라마 스티커 세트,Withmu K-Drama Sticker Set,위드뮤,10,4000,60,20,176984,k-drama sticker;korean stationery;kpop merch,0,ownerclan-com;dometopia-com
kdrama-goods,19,마플샵 K-드라마 에코백,Marpple Shop K-Drama Eco Bag,마플샵,22,9000,59,150,176984,k-drama eco bag;korean fashion;custom bag,0,domeggook-com;sellmoa-com;10x10-co-kr
kdrama-goods,20,메이드바이 K-드라마 뱃지,Made By K-Drama Badge,메이드바이,8,3000,62,10,176984,k-drama badge;korean pin;character merch,0,ownerclan-com;supercat-co-kr;store-kakaofriends-com
kdrama-goods,21,SBS (엠씨에스에스) 드라마 OST CD,SBS (MCSS) Drama OST CD,SBS (엠씨에스에스),25,10000,60,150,176984,sbs drama;k-drama ost cd;korean music,0,domeggook-com;dometopia-com
kdrama-goods,22,와디즈 K-드라마 한정판 피규어,Wadiz K-Drama Limited Edition Figure,와디즈,80,35000,56,500,176984,wadiz k-drama;korean figure;limited edition,0,ownerclan-com;onchannel-co-kr
kdrama-goods,23,JTBC 드라마 포토카드,JTBC Drama Photocard,JTBC,12,5000,58,30,176984,jtbc drama;k-drama photocard;korean idol,0,domeggook-com;sellmoa-com
kdrama-goods,24,케이타운포유 K-드라마 포스터 세트,Ktown4u K-Drama Poster Set,케이타운포유,20,8000,60,100,176984,ktown4u;k-drama poster;kpop store,0,ownerclan-com;supercat-co-kr
kdrama-goods,25,예스24 K-드라마 OST LP,Yes24 K-Drama OST LP,예스24,55,23000,58,800,176984,yes24 lp;k-drama vinyl;korean music,0,domeggook-com;dometopia-com
kdrama-goods,26,교보문고 K-드라마 굿즈,Kyobo Book Centre K-Drama Goods,교보문고,15,6000,60,100,176984,kyobo book;k-drama merch;korean stationery,0,ownerclan-com;onchannel-co-kr
kdrama-goods,27,브랜드웍스코리아 K-드라마 팝업스토어 굿즈,Brandworks Korea K-Drama Pop-up Store Goods,브랜드웍스코리아,25,10000,60,150,176984,k-drama pop-up;korean exclusive;character merch,0,domeggook-com;sellmoa-com;store-kakaofriends-com
kdrama-goods,28,카카오프렌즈 K-드라마 캐릭터 키링,Kakao Friends K-Drama Character Keyring,카카오프렌즈,15,6000,60,50,176984,kakao friends;k-drama keyring;korean character,0,ownerclan-com;supercat-co-kr;store-kakaofriends-com
kdrama-goods,29,라인프렌즈 K-드라마 캐릭터 인형,Line Friends K-Drama Character Plush,라인프렌즈,30,12000,60,200,176984,line friends;k-drama plush;korean character,0,domeggook-com;dometopia-com;store-linefriends-com
kdrama-goods,30,소원콘텐츠 K-드라마 OST 카세트 테이프,Sowon Contents K-Drama OST Cassette Tape,소원콘텐츠,20,8000,60,100,176984,k-drama cassette;ost tape;korean music,0,ownerclan-com;onchannel-co-kr
pet-supplies,1,하림펫푸드 더리얼 그레인프리 사료,Harim Pet Food The Real Grain Free,하림펫푸드,40,17000,57,2000,1281,harim pet food;grain free dog food;korean pet,0,domeggook-com;ownerclan-com;petfriends-co-kr
pet-supplies,2,페스룸 릴렉스 샴푸,Petroom Relax Shampoo,페스룸,25,10000,60,500,1281,petroom shampoo;dog shampoo;korean pet care,0,domeggook-com;supercat-co-kr;petbox-kr
pet-supplies,3,바잇미 강아지 수제 간식,Biteme Handmade Dog Treats,바잇미,18,7000,61,150,1281,biteme treats;dog snacks;korean pet food,0,ownerclan-com;dometopia-com;dogdomae-com
pet-supplies,4,아르르 꿀잠 방석,Arrr Honey Sleep Cushion,아르르,50,21000,58,1000,1281,arrr cushion;dog bed;korean pet supplies,0,domeggook-com;sellmoa-com;petfriends-co-kr
pet-supplies,5,마이베프 영양제,Myvef Nutritional Supplement,마이베프,30,12000,60,200,1281,myvef supplement;pet vitamins;korean pet health,0,ownerclan-com;onchannel-co-kr;petbox-kr
pet-supplies,6,하이포닉 저자극 샴푸,Hyponiq Hypoallergenic Shampoo,하이포닉,28,11000,61,400,1281,hyponiq shampoo;hypoallergenic pet;korean pet care,3,domeggook-com;supercat-co-kr;dogdomae-com
pet-supplies,7,두부랑캣츠 두부모래,Duburang Cats Tofu Litter,두부랑캣츠,35,15000,57,6000,1281,duburang cats;tofu cat litter;korean cat supplies,0,ownerclan-com;dometopia-com;petfriends-co-kr
pet-supplies,8,넬로 펫 드라이룸,Nello Pet Dry Room,넬로,250,110000,56,10000,1281,nello dry room;pet dryer;korean pet appliance,0,domeggook-com;sellmoa-com;petbox-kr
pet-supplies,9,리카리카 강아지 옷,Ricarica Dog Clothes,리카리카,30,12000,60,100,1281,ricarica dog clothes;korean pet fashion;dog apparel,-1,ownerclan-com;onchannel-co-kr;dogdomae-com
pet-supplies,10,도그아이 강아지 장난감,Dog Eye Dog Toy,도그아이,15,6000,60,100,1281,dog eye toy;dog chew toy;korean pet toy,0,domeggook-com;supercat-co-kr;petfriends-co-kr
pet-supplies,11,강쥐님수라상 강아지 영양간식,Gangjunim Surasang Dog Nutritional Treats,강쥐님수라상,20,8000,60,150,1281,gangjunim surasang;dog health treats;korean pet food,0,ownerclan-com;dometopia-com;petbox-kr
pet-supplies,12,스몰스터프 고양이 스크래쳐,Small Stuff Cat Scratcher,스몰스터프,40,17000,57,1500,1281,small stuff;cat scratcher;korean cat supplies,0,domeggook-com;sellmoa-com;dogdomae-com
pet-supplies,13,어니스트밀 강아지 사료,Honest Meal Dog Food,어니스트밀,45,19000,58,2500,1281,honest meal;dog kibble;korean pet food,0,ownerclan-com;onchannel-co-kr;petfriends-co-kr
pet-supplies,14,바비숑 강아지 유모차,Bavichon Dog Stroller,바비숑,150,65000,57,5000,1281,bavichon stroller;pet stroller;korean pet gear,0,domeggook-com;supercat-co-kr;petbox-kr
pet-supplies,15,이리온 고양이 캔,Irion Cat Wet Food,이리온,10,4000,60,100,1281,irion cat food;wet cat food;korean pet food,0,ownerclan-com;dometopia-com;dogdomae-com
pet-supplies,16,하림펫푸드 오븐베이크 사료,Harim Pet Food Oven Baked,하림펫푸드,35,15000,57,1500,1281,harim pet food;oven baked dog food;korean pet,0,domeggook-com;ownerclan-com;petfriends-co-kr
pet-supplies,17,페스룸 치약 칫솔 세트,Petroom Toothpaste & Toothbrush Set,페스룸,20,8000,60,100,1281,petroom dental;dog toothpaste;korean pet care,0,domeggook-com;supercat-co-kr;petbox-kr
pet-supplies,18,바잇미 강아지 케이크,Biteme Dog Cake,바잇미,25,10000,60,300,1281,biteme cake;dog birthday;korean pet food,0,ownerclan-com;dometopia-com;dogdomae-com
pet-supplies,19,아르르 이동 가방,Arrr Pet Carrier Bag,아르르,60,25000,58,1000,1281,arrr carrier;pet travel bag;korean pet supplies,0,domeggook-com;sellmoa-com;petfriends-co-kr
pet-supplies,20,마이베프 관절 영양제,Myvef Joint Supplement,마이베프,35,15000,57,250,1281,myvef joint;pet joint care;korean pet health,0,ownerclan-com;onchannel-co-kr;petbox-kr
pet-supplies,21,하이포닉 미스트,Hyponiq Pet Mist,하이포닉,22,9000,59,200,1281,hyponiq mist;pet deodorizer;korean pet care,0,domeggook-com;supercat-co-kr;dogdomae-com
pet-supplies,22,두부랑캣츠 고양이 화장실,Duburang Cats Litter Box,두부랑캣츠,45,19000,58,2000,1281,duburang cats;cat litter box;korean cat supplies,0,ownerclan-com;dometopia-com;petfriends-co-kr
pet-supplies,23,넬로 급수기,Nello Pet Water Dispenser,넬로,50,21000,58,1000,1281,nello dispenser;pet water fountain;korean pet appliance,0,domeggook-com;sellmoa-com;petbox-kr
pet-supplies,24,리카리카 하네스,Ricarica Dog Harness,리카리카,28,11000,61,150,1281,ricarica harness;dog walking gear;korean pet fashion,0,ownerclan-com;onchannel-co-kr;dogdomae-com
pet-supplies,25,도그아이 노즈워크 장난감,Dog Eye Nose Work Toy,도그아이,20,8000,60,100,1281,dog eye toy;nose work mat;korean pet toy,0,domeggook-com;supercat-co-kr;petfriends-co-kr
pet-supplies,26,강쥐님수라상 강아지 영양제,Gangjunim Surasang Dog Supplement,강쥐님수라상,25,10000,60,150,1281,gangjunim surasang;dog vitamins;korean pet health,0,ownerclan-com;dometopia-com;petbox-kr
pet-supplies,27,스몰스터프 고양이 캣타워,Small Stuff Cat Tree,스몰스터프,80,35000,56,5000,1281,small stuff;cat tree;korean cat supplies,0,domeggook-com;sellmoa-com;dogdomae-com
pet-supplies,28,어니스트밀 고양이 사료,Honest Meal Cat Food,어니스트밀,40,17000,57,2000,1281,honest meal;cat kibble;korean pet food,0,ownerclan-com;onchannel-co-kr;petfriends-co-kr
pet-supplies,29,바비숑 강아지 카시트,Bavichon Dog Car Seat,바비숑,90,38000,58,2500,1281,bavichon car seat;pet car seat;korean pet gear,0,domeggook-com;supercat-co-kr;petbox-kr
pet-supplies,30,이리온 강아지 간식,Irion Dog Treats,이리온,12,5000,58,100,1281,irion dog treats;dog snacks;korean pet food,0,ownerclan-com;dometopia-com;dogdomae-com
esports-merch,1,T1 유니폼,T1 Esports Jersey,T1,80,35000,56,300,139973,t1 jersey;lol esports;korean esports,0,domeggook-com;ownerclan-com;kr-riotgamesmerch-com
esports-merch,2,Gen.G 후드티,Gen.G Hoodie,Gen.G,65,28000,57,600,139973,gen g hoodie;esports apparel;korean esports,0,domeggook-com;supercat-co-kr;shop-gen-g
esports-merch,3,DRX 마우스패드,DRX Mousepad,DRX,25,10000,60,150,139973,drx mousepad;gaming gear;korean esports,0,ownerclan-com;dometopia-com;onchannel-co-kr
esports-merch,4,LCK 공식 티셔츠,LCK Official T-Shirt,LCK,40,17000,57,200,139973,lck t-shirt;league of legends;korean esports,0,domeggook-com;sellmoa-com;kr-riotgamesmerch-com
esports-merch,5,한화생명e스포츠 응원봉,Hanwha Life Esports Lightstick,한화생명e스포츠,30,12000,60,100,139973,hanwha esports;lightstick;korean fan merch,0,ownerclan-com;onchannel-co-kr;domema-com
esports-merch,6,Dplus KIA 모자,Dplus KIA Cap,Dplus KIA,35,15000,57,100,139973,dplus kia;esports cap;korean esports,0,domeggook-com;supercat-co-kr;kr-riotgamesmerch-com
esports-merch,7,KT Rolster 키보드,KT Rolster Keyboard,KT Rolster,120,50000,58,1000,139973,kt rolster;gaming keyboard;korean esports,0,ownerclan-com;dometopia-com;sellmoa-com
esports-merch,8,농심 레드포스 머그컵,Nongshim RedForce Mug Cup,농심 레드포스,18,7000,61,300,139973,nongshim redforce;esports mug;korean fan merch,2,domeggook-com;onchannel-co-kr;domema-com
esports-merch,9,라이엇 스토어 리그 오브 레전드 피규어,Riot Store League of Legends Figure,라이엇 스토어,50,21000,58,300,139973,riot store;lol figure;gaming collectible,0,ownerclan-com;supercat-co-kr;kr-riotgamesmerch-com
esports-merch,10,PUBG Esports 티셔츠,PUBG Esports T-Shirt,PUBG Esports,38,16000,58,200,139973,pubg esports;battle royale;korean gaming,0,domeggook-com;dometopia-com;gear-blizzard-com
esports-merch,11,광동 프릭스 키링,Kwangdong Freecs Keyring,광동 프릭스,15,6000,60,30,139973,kwangdong freecs;esports keyring;korean fan merch,0,ownerclan-com;sellmoa-com;onchannel-co-kr
esports-merch,12,한국e스포츠협회 (KeSPA) 배지,Korea e-Sports Association (KeSPA) Badge,한국e스포츠협회 (KeSPA),10,4000,60,20,139973,kespa badge;korean esports;gaming pin,0,domeggook-com;domema-com;supercat-co-kr
esports-merch,13,골스튜디오 e스포츠 콜라보 티셔츠,Goalstudio Esports Collaboration T-Shirt,골스튜디오,45,19000,58,200,139973,goalstudio;esports fashion;korean apparel,0,ownerclan-com;dometopia-com;onchannel-co-kr
esports-merch,14,OK저축은행 브리온 유니폼,OKSavingsBank Brion Esports Jersey,OK저축은행 브리온,75,32000,57,300,139973,ok savingsbank;esports jersey;korean esports,0,domeggook-com;sellmoa-com;kr-riotgamesmerch-com
esports-merch,15,피어엑스 마우스,FearX Gaming Mouse,피어엑스,60,25000,58,150,139973,fearx mouse;gaming mouse;korean esports,0,ownerclan-com;supercat-co-kr;domema-com
esports-merch,16,T1 스냅백,T1 Snapback Cap,T1,30,12000,60,100,139973,t1 cap;esports hat;korean esports,0,domeggook-com;ownerclan-com;kr-riotgamesmerch-com
esports-merch,17,Gen.G 티셔츠,Gen.G T-Shirt,Gen.G,35,15000,57,200,139973,gen g t-shirt;esports apparel;korean esports,0,domeggook-com;supercat-co-kr;shop-gen-g
esports-merch,18,DRX 키캡,DRX Keycaps,DRX,20,8000,60,50,139973,drx keycaps;gaming keyboard;korean esports,0,ownerclan-com;dometopia-com;onchannel-co-kr
esports-merch,19,LCK 공식 후드티,LCK Official Hoodie,LCK,55,23000,58,500,139973,lck hoodie;league of legends;korean esports,0,domeggook-com;sellmoa-com;kr-riotgamesmerch-com
esports-merch,20,한화생명e스포츠 마우스패드,Hanwha Life Esports Mousepad,한화생명e스포츠,20,8000,60,100,139973,hanwha esports;gaming mousepad;korean fan merch,0,ownerclan-com;onchannel-co-kr;domema-com
esports-merch,21,Dplus KIA 티셔츠,Dplus KIA T-Shirt,Dplus KIA,38,16000,58,200,139973,dplus kia;esports t-shirt;korean esports,0,domeggook-com;supercat-co-kr;kr-riotgamesmerch-com
esports-merch,22,KT Rolster 마우스,KT Rolster Gaming Mouse,KT Rolster,70,30000,57,150,139973,kt rolster;gaming mouse;korean esports,0,ownerclan-com;dometopia-com;sellmoa-com
esports-merch,23,농심 레드포스 유니폼,Nongshim RedForce Jersey,농심 레드포스,70,30000,57,300,139973,nongshim redforce;esports jersey;korean fan merch,0,domeggook-com;onchannel-co-kr;domema-com
esports-merch,24,라이엇 스토어 리그 오브 레전드 티셔츠,Riot Store League of Legends T-Shirt,라이엇 스토어,40,17000,57,200,139973,riot store;lol t-shirt;gaming apparel,0,ownerclan-com;supercat-co-kr;kr-riotgamesmerch-com
esports-merch,25,PUBG Esports 후드티,PUBG Esports Hoodie,PUBG Esports,60,25000,58,500,139973,pubg esports;battle royale;korean gaming,0,domeggook-com;dometopia-com;gear-blizzard-com
esports-merch,26,광동 프릭스 유니폼,Kwangdong Freecs Jersey,광동 프릭스,70,30000,57,300,139973,kwangdong freecs;esports jersey;korean fan merch,0,ownerclan-com;sellmoa-com;onchannel-co-kr
esports-merch,27,한국e스포츠협회 (KeSPA) 티셔츠,Korea e-Sports Association (KeSPA) T-Shirt,한국e스포츠협회 (KeSPA),30,12000,60,200,139973,kespa t-shirt;korean esports;gaming apparel,0,domeggook-com;domema-com;supercat-co-kr
esports-merch,28,골스튜디오 e스포츠 콜라보 모자,Goalstudio Esports Collaboration Cap,골스튜디오,35,15000,57,100,139973,goalstudio;esports cap;korean fashion,0,ownerclan-com;dometopia-com;onchannel-co-kr
esports-merch,29,OK저축은행 브리온 마우스패드,OKSavingsBank Brion Esports Mousepad,OK저축은행 브리온,20,8000,60,100,139973,ok savingsbank;gaming mousepad;korean esports,0,domeggook-com;sellmoa-com;kr-riotgamesmerch-com
esports-merch,30,피어엑스 유니폼,FearX Esports Jersey,피어엑스,75,32000,57,300,139973,fearx jersey;esports apparel;korean esports,0,ownerclan-com;supercat-co-kr;domema-com
fishing-gear,1,바낙스 카이저 낚싯대,Banax Kaiser Fishing Rod,바낙스,85,38000,55,350,17994,fishing rod;banax;korean fishing,0,domeggook-com;nakssidomae-com;fishingnpeople-co-kr
fishing-gear,2,NS 블랙홀 낚시릴,NS Black Hole Fishing Reel,NS (엔에스),120,55000,54,400,17995,fishing reel;ns black hole;korean fishing gear,0,ownerclan-com;fishingnpeople-co-kr;badanaksi-co-kr
fishing-gear,3,은성실스타 스피닝 릴,Eunseong Silstar Spinning Reel,은성실스타,95,42000,56,380,17995,spinning reel;silstar;korean fishing,0,domeggook-com;nakssidomae-com;supercat-co-kr
fishing-gear,4,HDF 해동조구사 낚시줄,HDF Haedong Fishing Line,HDF (해동조구사),25,10000,60,100,17996,fishing line;hdf;korean fishing tackle,0,dometopia-com;fishingnpeople-co-kr;badanaksi-co-kr
fishing-gear,5,용성 낚시 바늘 세트,Yongsung Fishing Hook Set,용성,15,6000,60,50,17997,fishing hooks;yongsung;korean fishing accessories,0,sellmoa-com;nakssidomae-com;domema-com
fishing-gear,6,JS컴퍼니 루어 낚싯대,JS Company Lure Fishing Rod,JS컴퍼니,110,48000,56,300,17994,lure rod;js company;korean fishing,0,domeggook-com;fishingnpeople-co-kr;supercat-co-kr
fishing-gear,7,천류 민물 낚싯대,Cheonryu Freshwater Fishing Rod,천류,70,30000,57,280,17994,freshwater rod;cheonryu;korean fishing,0,ownerclan-com;nakssidomae-com;onchannel-co-kr
fishing-gear,8,유정피싱 바다 낚싯대,Yujeong Fishing Sea Fishing Rod,유정피싱,90,40000,56,450,17994,sea rod;yujeong fishing;korean fishing,0,dometopia-com;fishingnpeople-co-kr;badanaksi-co-kr
fishing-gear,9,아피스 낚시찌,Apis Fishing Float,아피스,12,5000,58,30,17998,fishing float;apis;korean fishing tackle,0,sellmoa-com;domema-com;nakssidomae-com
fishing-gear,10,기간산업 낚시 의자,Gigan Sanup Fishing Chair,기간산업,60,25000,58,1500,17999,fishing chair;gigan sanup;korean fishing equipment,0,domeggook-com;supercat-co-kr;onchannel-co-kr
fishing-gear,11,도요 피싱 릴 오일,Doyo Fishing Reel Oil,도요,20,8000,60,80,17999,reel oil;doyo fishing;fishing maintenance,0,ownerclan-com;fishingnpeople-co-kr;domema-com
fishing-gear,12,금호조침 낚시추,Geumhojochim Fishing Sinker,금호조침,10,4000,60,60,17997,fishing sinker;geumhojochim;fishing weights,0,dometopia-com;nakssidomae-com;sellmoa-com
fishing-gear,13,머모피 낚시복,Memopi Fishing Apparel,머모피,75,32000,57,600,17999,fishing apparel;memopi;korean fishing clothing,0,domeggook-com;supercat-co-kr;onchannel-co-kr
fishing-gear,14,씨호크 낚시 태클박스,Seahawk Fishing Tackle Box,씨호크,35,15000,57,400,17999,tackle box;seahawk;fishing storage,0,ownerclan-com;fishingnpeople-co-kr;domema-com
fishing-gear,15,금양 낚시 가방,Geumyang Fishing Bag,금양,45,19000,58,500,17999,fishing bag;geumyang;fishing gear bag,0,dometopia-com;nakssidomae-com;badanaksi-co-kr
fishing-gear,16,바낙스 낚시 모자,Banax Fishing Hat,바낙스,22,9000,59,100,17999,fishing hat;banax;korean fishing accessories,0,domeggook-com;sellmoa-com;supercat-co-kr
fishing-gear,17,NS 낚시 장갑,NS Fishing Gloves,NS (엔에스),28,12000,57,120,17999,fishing gloves;ns fishing;korean fishing gear,0,ownerclan-com;domema-com;fishingnpeople-co-kr
fishing-gear,18,은성실스타 낚시 미끼,Eunseong Silstar Fishing Bait,은성실스타,18,7500,58,150,17997,fishing bait;silstar;korean fishing lures,0,dometopia-com;nakssidomae-com;badanaksi-co-kr
fishing-gear,19,HDF 낚시 뜰채,HDF Fishing Net,HDF (해동조구사),50,21000,58,300,17999,fishing net;hdf;korean fishing equipment,0,sellmoa-com;supercat-co-kr;onchannel-co-kr
fishing-gear,20,용성 낚시용 칼,Yongsung Fishing Knife,용성,25,10000,60,100,17999,fishing knife;yongsung;fishing tools,0,domeggook-com;fishingnpeople-co-kr;domema-com
fishing-gear,21,JS컴퍼니 낚시 선글라스,JS Company Fishing Sunglasses,JS컴퍼니,40,17000,57,80,17999,fishing sunglasses;js company;polarized,0,ownerclan-com;nakssidomae-com;supercat-co-kr
fishing-gear,22,천류 낚시 받침대,Cheonryu Fishing Rod Holder,천류,30,12000,60,200,17999,rod holder;cheonryu;fishing accessories,0,dometopia-com;fishingnpeople-co-kr;onchannel-co-kr
fishing-gear,23,유정피싱 낚시 조끼,Yujeong Fishing Vest,유정피싱,65,28000,57,500,17999,fishing vest;yujeong fishing;korean fishing clothing,0,sellmoa-com;badanaksi-co-kr;domema-com
fishing-gear,24,아피스 낚시 랜턴,Apis Fishing Lantern,아피스,30,12000,60,180,17999,fishing lantern;apis;outdoor lighting,0,domeggook-com;supercat-co-kr;nakssidomae-com
fishing-gear,25,기간산업 낚시용 아이스박스,Gigan Sanup Fishing Cooler Box,기간산업,80,35000,56,1800,17999,fishing cooler;gigan sanup;outdoor cooler,0,ownerclan-com;fishingnpeople-co-kr;onchannel-co-kr
fishing-gear,26,도요 낚시 펜치,Doyo Fishing Pliers,도요,28,11000,61,150,17999,fishing pliers;doyo fishing;fishing tools,0,dometopia-com;domema-com;badanaksi-co-kr
fishing-gear,27,금호조침 낚시용 가위,Geumhojochim Fishing Scissors,금호조침,15,6000,60,70,17999,fishing scissors;geumhojochim;fishing tools,0,sellmoa-com;nakssidomae-com;domeggook-com
fishing-gear,28,머모피 낚시 신발,Memopi Fishing Shoes,머모피,70,30000,57,800,17999,fishing shoes;memopi;waterproof shoes,0,ownerclan-com;supercat-co-kr;fishingnpeople-co-kr
fishing-gear,29,씨호크 낚시 구명조끼,Seahawk Fishing Life Vest,씨호크,90,40000,56,1200,17999,life vest;seahawk;fishing safety,-18,dometopia-com;onchannel-co-kr;badanaksi-co-kr
fishing-gear,30,금양 낚시 쿨러,Geumyang Fishing Cooler,금양,55,23000,58,1000,17999,fishing cooler;geumyang;portable cooler,0,sellmoa-com;domema-com;nakssidomae-com
k-beauty-devices,1,메디큐브 에이지알 EMS 샷,Medicube Age-R EMS Shot Device,메디큐브 에이지알,250,110000,56,400,184337,medicube;ems device;k-beauty device,0,domeggook-com;beautynbeau-co-kr;beautydomae-com
k-beauty-devices,2,LG 프라엘 더마 LED 마스크,LG Pra.L Derma LED Mask,LG 프라엘,700,300000,57,800,184337,lg pra.l;led mask;skin care device,0,ownerclan-com;miyonggigi-com;onchannel-co-kr
k-beauty-devices,3,듀얼소닉 프로페셔널 홈케어,Dualsonic Professional Home Care Device,듀얼소닉,900,400000,55,700,184337,dualsonic;hifu device;anti-aging,0,dometopia-com;beautynbeau-co-kr;supercat-co-kr
k-beauty-devices,4,셀리턴 LED 마스크 프리미엄,Cellreturn LED Mask Premium,셀리턴,650,280000,57,750,184337,cellreturn;led therapy;skin rejuvenation,-1,sellmoa-com;beautydomae-com;domema-com
k-beauty-devices,5,바나브 UP5 멀티 디바이스,Vanav UP5 Multi Device,바나브,300,130000,57,350,184337,vanav;galvanic device;skin care,0,domeggook-com;miyonggigi-com;onchannel-co-kr
k-beauty-devices,6,메이크온 스킨 라이트 테라피,Makeon Skin Light Therapy,메이크온,180,75000,58,250,184337,makeon;light therapy;skin brightening,0,ownerclan-com;beautynbeau-co-kr;supercat-co-kr
k-beauty-devices,7,아띠베뷰티 홈 에스테틱,Attibeauty Home Aesthetic Device,아띠베뷰티,400,170000,57,500,184337,attibeauty;rf device;face lifting,0,dometopia-com;beautydomae-com;domema-com
k-beauty-devices,8,DPC 스킨 아이론,DPC Skin Iron,DPC,280,120000,57,380,184337,dpc;skin iron;wrinkle care,0,sellmoa-com;miyonggigi-com;onchannel-co-kr
k-beauty-devices,9,보미라이 LED 마스크,Bomirai LED Mask,보미라이,550,240000,56,600,184337,bomirai;led mask;skin therapy,0,domeggook-com;beautynbeau-co-kr;supercat-co-kr
k-beauty-devices,10,뉴스킨 갈바닉 스파,Nu Skin Galvanic Spa,뉴스킨 코리아,350,150000,57,300,184337,nu skin;galvanic;anti-aging device,-1,ownerclan-com;beautydomae-com;domema-com
k-beauty-devices,11,실큰 페이스타이트,Silk'n Facetite,실큰 코리아,220,95000,57,320,184337,silk'n;rf skin tightening;face care,0,dometopia-com;miyonggigi-com;onchannel-co-kr
k-beauty-devices,12,오아 괄사 마사지기,Oa Gua Sha Massager,오아,45,18000,60,150,184337,gua sha;oa beauty;facial massager,0,domeggook-com;beautynbeau-co-kr;supercat-co-kr
k-beauty-devices,13,엘리닉 인텐시브 LED 마스크,Elinic Intensive LED Mask,엘리닉,600,260000,57,700,184337,elinic;led mask;skin care device,0,ownerclan-com;beautydomae-com;domema-com
k-beauty-devices,14,닥터이비스 고주파 마사지기,Dr. Ibis RF Massager,닥터이비스,380,160000,58,450,184337,dr ibis;rf device;face lifting,0,dometopia-com;miyonggigi-com;onchannel-co-kr
k-beauty-devices,15,리클레어 갈바닉 이온 마사지기,Reclaire Galvanic Ion Massager,리클레어,120,50000,58,200,184337,reclaire;galvanic;ion therapy,-1,sellmoa-com;beautynbeau-co-kr;supercat-co-kr
k-beauty-devices,16,메디큐브 에이지알 더마샷,Medicube Age-R Dermashot,메디큐브 에이지알,280,120000,57,420,184337,medicube;dermashot;k-beauty device,0,domeggook-com;beautydomae-com;onchannel-co-kr
k-beauty-devices,17,LG 프라엘 아이케어,LG Pra.L Eye Care Device,LG 프라엘,350,150000,57,300,184337,lg pra.l;eye care;anti-aging,0,ownerclan-com;miyonggigi-com;domema-com
k-beauty-devices,18,듀얼소닉 갈바닉 디바이스,Dualsonic Galvanic Device,듀얼소닉,450,190000,58,500,184337,dualsonic;galvanic;skin care,0,dometopia-com;beautynbeau-co-kr;supercat-co-kr
k-beauty-devices,19,셀리턴 넥클레이,Cellreturn Necklay,셀리턴,400,170000,57,480,184337,cellreturn;neck care;led therapy,-1,sellmoa-com;beautydomae-com;onchannel-co-kr
k-beauty-devices,20,바나브 핫앤쿨 스킨핏,Vanav Hot&Cool Skinfit,바나브,200,85000,58,280,184337,vanav;hot & cool;skin care device,0,domeggook-com;miyonggigi-com;domema-com
k-beauty-devices,21,메이크온 진동 클렌저,Makeon Vibrating Cleanser,메이크온,100,40000,60,200,184337,makeon;facial cleanser;vibrating brush,0,ownerclan-com;beautynbeau-co-kr;supercat-co-kr
k-beauty-devices,22,아띠베뷰티 스킨 스크러버,Attibeauty Skin Scrubber,아띠베뷰티,150,65000,57,250,184337,attibeauty;skin scrubber;pore cleaner,0,dometopia-com;beautydomae-com;onchannel-co-kr
k-beauty-devices,23,DPC 페이스 리프팅 디바이스,DPC Face Lifting Device,DPC,320,140000,56,400,184337,dpc;face lifting;anti-aging,0,sellmoa-com;miyonggigi-com;domema-com
k-beauty-devices,24,보미라이 갈바닉 마사지기,Bomirai Galvanic Massager,보미라이,180,75000,58,280,184337,bomirai;galvanic;facial massager,0,domeggook-com;beautynbeau-co-kr;supercat-co-kr
k-beauty-devices,25,뉴스킨 코리아 에이지락 미,Nu Skin Korea AgeLOC Me,뉴스킨 코리아,800,350000,56,1000,184337,nu skin;ageloc;personalized skin care,0,ownerclan-com;beautydomae-com;onchannel-co-kr
k-beauty-devices,26,실큰 제모기,Silk'n Hair Removal Device,실큰 코리아,250,110000,56,500,184337,silk'n;hair removal;ipl device,0,dometopia-com;miyonggigi-com;domema-com
k-beauty-devices,27,오아 LED 미니 마스크,Oa LED Mini Mask,오아,90,38000,58,220,184337,oa beauty;mini led mask;skin therapy,0,sellmoa-com;beautynbeau-co-kr;supercat-co-kr
k-beauty-devices,28,엘리닉 괄사 마사지기,Elinic Gua Sha Massager,엘리닉,60,25000,58,180,184337,elinic;gua sha;facial massage,0,domeggook-com;beautydomae-com;onchannel-co-kr
k-beauty-devices,29,닥터이비스 LED 넥 마스크,Dr. Ibis LED Neck Mask,닥터이비스,300,130000,57,400,184337,dr ibis;led neck mask;neck care,0,ownerclan-com;miyonggigi-com;domema-com
k-beauty-devices,30,리클레어 초음파 클렌저,Reclaire Ultrasonic Cleanser,리클레어,80,33000,59,180,184337,reclaire;ultrasonic cleanser;pore care,0,dometopia-com;beautynbeau-co-kr;supercat-co-kr
home-decor,1,오늘의집 감성 무드등,Ohou Mood Lamp,오늘의집,35,15000,57,300,20710,mood lamp;korean home decor;aesthetic lighting,0,domeggook-com;ohou-se;dometopia-com
home-decor,2,자주 (JAJU) 미니멀리스트 화병,JAJU Minimalist Vase,자주 (JAJU),28,12000,57,400,20711,minimalist vase;jaju home;korean decor,3,ownerclan-com;casamia-com;onchannel-co-kr
home-decor,3,모던하우스 북유럽풍 액자,Modern House Nordic Style Photo Frame,모던하우스,22,9000,59,250,20712,photo frame;modern house;nordic decor,0,sellmoa-com;hanssem-com;supercat-co-kr
home-decor,4,데코뷰 플라워 패턴 커튼,Decoview Flower Pattern Curtain,데코뷰,60,25000,58,800,20713,flower curtain;decoview;korean home textile,3,domeggook-com;ohou-se;domema-com
home-decor,5,마켓비 스틸 선반 유닛,Market B Steel Shelf Unit,마켓비,90,38000,58,2500,20714,steel shelf;market b;industrial decor,0,ownerclan-com;casamia-com;onchannel-co-kr
home-decor,6,텐바이텐 디자인 벽시계,10x10 Design Wall Clock,텐바이텐 (10x10),40,17000,57,500,20715,wall clock;10x10 design;korean stationery,0,dometopia-com;ohou-se;supercat-co-kr
home-decor,7,룸앤홈 라탄 바구니,Room&Home Rattan Basket,룸앤홈,30,12000,60,350,20716,rattan basket;room&home;storage solution,0,sellmoa-com;hanssem-com;domema-com
home-decor,8,오이뮤 향초 세트,OIMU Scented Candle Set,오이뮤,45,19000,58,400,20717,scented candle;oimu;korean fragrance,0,domeggook-com;ohou-se;onchannel-co-kr
home-decor,9,오브젝트 세라믹 머그컵,Object Ceramic Mug Cup,오브젝트,20,8000,60,300,20718,ceramic mug;object store;korean pottery,0,ownerclan-com;casamia-com;supercat-co-kr
home-decor,10,포인트오브뷰 디자인 포스터,Point of View Design Poster,포인트오브뷰,25,10000,60,100,20719,design poster;point of view;art print,0,dometopia-com;ohou-se;domema-com
home-decor,11,29CM 인테리어 소품,29CM Interior Decor Item,29CM,30,12000,60,200,20720,interior decor;29cm;korean lifestyle,0,sellmoa-com;onchannel-co-kr;supercat-co-kr
home-decor,12,두닷 모듈형 책상,Dodot Modular Desk,두닷,150,65000,57,5000,20721,modular desk;dodot furniture;home office,0,domeggook-com;hanssem-com;casamia-com
home-decor,13,먼데이하우스 패브릭 포스터,Monday House Fabric Poster,먼데이하우스,30,12000,60,150,20719,fabric poster;monday house;wall decor,0,ownerclan-com;ohou-se;dometopia-com
home-decor,14,쁘리엘르 침구 세트,Prielle Bedding Set,쁘리엘르,80,35000,56,1500,20722,bedding set;prielle;korean bedding,0,sellmoa-com;domema-com;onchannel-co-kr
home-decor,15,라이브워크 다이어리,Livework Diary,라이브워크,18,7000,61,200,20723,korean diary;livework;stationery,0,domeggook-com;supercat-co-kr;ohou-se
home-decor,16,오늘의집 디자인 거울,Ohou Design Mirror,오늘의집,50,21000,58,700,20724,design mirror;korean home decor;wall mirror,0,ownerclan-com;ohou-se;casamia-com
home-decor,17,자주 (JAJU) 디퓨저,JAJU Diffuser,자주 (JAJU),32,13000,59,300,20717,diffuser;jaju home;home fragrance,0,dometopia-com;hanssem-com;onchannel-co-kr
home-decor,18,모던하우스 주방 수납장,Modern House Kitchen Storage Cabinet,모던하우스,120,50000,58,4000,20725,kitchen storage;modern house;home organization,0,sellmoa-com;domema-com;supercat-co-kr
home-decor,19,데코뷰 러그,Decoview Rug,데코뷰,70,30000,57,1000,20726,area rug;decoview;korean home textile,0,domeggook-com;ohou-se;casamia-com
home-decor,20,마켓비 테이블 램프,Market B Table Lamp,마켓비,45,19000,58,600,20710,table lamp;market b;desk lamp,0,ownerclan-com;hanssem-com;onchannel-co-kr
home-decor,21,텐바이텐 일러스트 엽서 세트,10x10 Illustration Postcard Set,텐바이텐 (10x10),15,6000,60,50,20727,postcard set;10x10;korean illustration,0,dometopia-com;ohou-se;supercat-co-kr
home-decor,22,룸앤홈 수납 박스,Room&Home Storage Box,룸앤홈,25,10000,60,250,20716,storage box;room&home;home organization,0,sellmoa-com;domema-com;casamia-com
home-decor,23,오이뮤 인센스 스틱,OIMU Incense Sticks,오이뮤,28,11000,61,100,20717,incense sticks;oimu;korean fragrance,0,domeggook-com;ohou-se;onchannel-co-kr
home-decor,24,오브젝트 디자인 컵받침,Object Design Coaster,오브젝트,12,5000,58,80,20718,design coaster;object store;table decor,0,ownerclan-com;supercat-co-kr;hanssem-com
home-decor,25,포인트오브뷰 노트,Point of View Notebook,포인트오브뷰,18,7000,61,150,20723,design notebook;point of view;stationery,0,dometopia-com;ohou-se;domema-com
home-decor,26,29CM 디자인 캔버스백,29CM Design Canvas Bag,29CM,35,14000,60,200,20728,canvas bag;29cm;korean fashion,0,sellmoa-com;onchannel-co-kr;supercat-co-kr
home-decor,27,두닷 사이드 테이블,Dodot Side Table,두닷,70,30000,57,2000,20729,side table;dodot furniture;living room,0,domeggook-com;casamia-com;hanssem-com
home-decor,28,먼데이하우스 인테리어 스탠드,Monday House Interior Stand,먼데이하우스,40,16000,60,400,20710,interior stand;monday house;home accent,0,ownerclan-com;ohou-se;dometopia-com
home-decor,29,쁘리엘르 쿠션 커버,Prielle Cushion Cover,쁘리엘르,20,8000,60,150,20730,cushion cover;prielle;home textile,0,sellmoa-com;domema-com;onchannel-co-kr
home-decor,30,라이브워크 펜슬 케이스,Livework Pencil Case,라이브워크,15,6000,60,80,20731,pencil case;livework;korean stationery,0,domeggook-com;supercat-co-kr;ohou-se
modern-hanbok,1,리슬 생활한복 원피스,Leesle Modern Hanbok Dress,리슬,120,50000,58,400,15724,leesle hanbok;modern hanbok;korean dress,0,domeggook-com;leesle-com;happly-co-kr
modern-hanbok,2,단하주단 철릭 원피스,Danha Cheollik One-Piece Dress,단하주단,150,65000,57,450,15724,danha hanbok;cheollik dress;korean fashion,0,ownerclan-com;happly-co-kr;tchaikim-co-kr
modern-hanbok,3,차이킴 모던 한복 저고리,Tchaikim Modern Hanbok Jeogori,차이킴,180,75000,58,300,15725,tchaikim;hanbok jeogori;korean top,0,dometopia-com;leesle-com;onchannel-co-kr
modern-hanbok,4,하플리 생활한복 치마,Happly Modern Hanbok Skirt,하플리,90,38000,58,350,15726,happly hanbok;hanbok skirt;korean fashion,0,sellmoa-com;happly-co-kr;domema-com
modern-hanbok,5,기로에 모던 한복 코트,Giroe Modern Hanbok Coat,기로에,200,85000,58,700,15727,giroe hanbok;hanbok coat;korean outerwear,0,domeggook-com;tchaikim-co-kr;supercat-co-kr
modern-hanbok,6,서리나래 생활한복 블라우스,Seorinarae Modern Hanbok Blouse,서리나래,80,33000,59,250,15725,seorinarae;hanbok blouse;korean top,0,ownerclan-com;leesle-com;onchannel-co-kr
modern-hanbok,7,한복린 웨딩 한복,Hanbok Lynn Wedding Hanbok,한복린,500,220000,56,1500,15728,hanbok lynn;wedding hanbok;korean wedding,0,dometopia-com;happly-co-kr;domema-com
modern-hanbok,8,꼬마크 아동 한복,Kkomak Children's Hanbok,꼬마크,70,30000,57,300,15729,kkomak;children hanbok;korean kids fashion,0,sellmoa-com;supercat-co-kr;onchannel-co-kr
modern-hanbok,9,웨이유 남성 생활한복,Wei Yu Men's Modern Hanbok,웨이유,110,45000,59,500,15730,wei yu;men hanbok;korean male fashion,0,domeggook-com;leesle-com;happly-co-kr
modern-hanbok,10,이노주단 전통 한복,Inojudan Traditional Hanbok,이노주단,300,130000,57,1000,15724,inojudan;traditional hanbok;korean culture,0,ownerclan-com;tchaikim-co-kr;domema-com
modern-hanbok,11,사임당 by 이혜미 모던 한복 드레스,Saimdang by Lee Hyemi Modern Hanbok Dress,사임당 by 이혜미,180,75000,58,500,15724,saimdang hanbok;modern hanbok dress;korean designer,0,dometopia-com;happly-co-kr;onchannel-co-kr
modern-hanbok,12,다래원 한복 노리개,Daraewon Hanbok Norigae,다래원,40,16000,60,80,15731,hanbok norigae;daraewon;korean accessory,0,sellmoa-com;supercat-co-kr;leesle-com
modern-hanbok,13,오늘하루한복 한복 대여,Oneulharu Hanbok Rental (Modern Style),오늘하루한복,100,40000,60,600,15724,hanbok rental;oneulharu;korean experience,0,domeggook-com;happly-co-kr;tchaikim-co-kr
modern-hanbok,14,더고은 생활한복 자켓,The Goeun Modern Hanbok Jacket,더고은 생활한복,130,55000,58,480,15727,the goeun;hanbok jacket;korean outerwear,0,ownerclan-com;onchannel-co-kr;domema-com
modern-hanbok,15,민주화한복 퓨전 한복,Minjuhwa Hanbok Fusion Hanbok,민주화한복,160,70000,56,550,15724,minjuhwa hanbok;fusion hanbok;korean modern,0,dometopia-com;leesle-com;happly-co-kr
modern-hanbok,16,리슬 생활한복 바지,Leesle Modern Hanbok Pants,리슬,95,40000,58,380,15730,leesle hanbok;hanbok pants;korean fashion,0,sellmoa-com;leesle-com;supercat-co-kr
modern-hanbok,17,단하주단 한복 허리치마,Danha Hanbok Wrap Skirt,단하주단,110,45000,59,420,15726,danha hanbok;wrap skirt;korean skirt,0,domeggook-com;happly-co-kr;tchaikim-co-kr
modern-hanbok,18,차이킴 한복 조끼,Tchaikim Hanbok Vest,차이킴,140,60000,57,300,15727,tchaikim;hanbok vest;korean outerwear,0,ownerclan-com;onchannel-co-kr;domema-com
modern-hanbok,19,하플리 한복 머리띠,Happly Hanbok Headband,하플리,30,12000,60,50,15731,hanbok headband;happly;korean accessory,0,dometopia-com;leesle-com;supercat-co-kr
modern-hanbok,20,기로에 한복 두루마기,Giroe Hanbok Durumagi,기로에,250,105000,58,800,15727,giroe hanbok;durumagi;korean coat,0,sellmoa-com;happly-co-kr;tchaikim-co-kr
modern-hanbok,21,서리나래 한복 브로치,Seorinarae Hanbok Brooch,서리나래,35,14000,60,40,15731,hanbok brooch;seorinarae;korean jewelry,0,domeggook-com;onchannel-co-kr;domema-com
modern-hanbok,22,한복린 아동 한복 드레스,Hanbok Lynn Children's Hanbok Dress,한복린,150,65000,57,400,15729,hanbok lynn;kids hanbok;korean dress,0,ownerclan-com;supercat-co-kr;leesle-com
modern-hanbok,23,꼬마크 한복 신발,Kkomak Hanbok Shoes,꼬마크,50,20000,60,300,15732,hanbok shoes;kkomak;korean footwear,0,dometopia-com;happly-co-kr;tchaikim-co-kr
modern-hanbok,24,웨이유 한복 셔츠,Wei Yu Hanbok Shirt,웨이유,85,35000,59,280,15730,hanbok shirt;wei yu;korean men's fashion,0,sellmoa-com;onchannel-co-kr;domema-com
modern-hanbok,25,이노주단 한복 장신구,Inojudan Hanbok Ornaments,이노주단,60,25000,58,100,15731,hanbok ornaments;inojudan;korean traditional,0,domeggook-com;supercat-co-kr;leesle-com
modern-hanbok,26,사임당 by 이혜미 한복 파우치,Saimdang by Lee Hyemi Hanbok Pouch,사임당 by 이혜미,40,16000,60,120,15731,hanbok pouch;saimdang;korean accessory,0,ownerclan-com;happly-co-kr;tchaikim-co-kr
modern-hanbok,27,다래원 한복 가방,Daraewon Hanbok Bag,다래원,70,28000,60,250,15731,hanbok bag;daraewon;korean fashion accessory,0,dometopia-com;onchannel-co-kr;domema-com
modern-hanbok,28,오늘하루한복 한복 속치마,Oneulharu Hanbok Petticoat,오늘하루한복,50,20000,60,200,15726,hanbok petticoat;oneulharu;hanbok innerwear,0,sellmoa-com;leesle-com;supercat-co-kr
modern-hanbok,29,더고은 생활한복 원피스,The Goeun Modern Hanbok Dress,더고은 생활한복,110,45000,59,400,15724,the goeun;modern hanbok dress;korean fashion,0,domeggook-com;happly-co-kr;tchaikim-co-kr
modern-hanbok,30,민주화한복 한복 헤어핀,Minjuhwa Hanbok Hairpin,민주화한복,25,10000,60,30,15731,hanbok hairpin;minjuhwa;korean hair accessory,0,ownerclan-com;onchannel-co-kr;domema-com
traditional-craft,1,국립박물관문화재단 뮷즈 자개함,Museum Shop Mother-of-Pearl Box,국립박물관문화재단 (뮷즈),80,35000,56,300,19200,mother of pearl;korean craft;museum goods,0,domeggook-com;museumshop-or-kr;kcdfshop-kr
traditional-craft,2,채율 전통 문양 손거울,Chaeyul Traditional Pattern Hand Mirror,채율,30,12000,60,100,19201,hand mirror;korean traditional;chaeyul craft,0,ownerclan-com;ssamziegil-com;onchannel-co-kr
traditional-craft,3,광주요 백자 달항아리,Kwangjuyo White Porcelain Moon Jar,광주요,250,110000,56,1500,19202,moon jar;kwangjuyo;korean pottery,-2,dometopia-com;kcdfshop-kr;domema-com
traditional-craft,4,이도도자기 청자 머그컵,Yido Pottery Celadon Mug,이도도자기,45,19000,58,350,19203,celadon mug;yido pottery;korean ceramics,0,sellmoa-com;museumshop-or-kr;supercat-co-kr
traditional-craft,5,놋담 유기 수저 세트,Notdam Yugi Brass Cutlery Set,놋담,120,50000,58,400,19204,yugi cutlery;notdam brass;korean tableware,-3,domeggook-com;kcdfshop-kr;ssamziegil-com
traditional-craft,6,한국민속촌 전통 부채,Korean Folk Village Traditional Fan,한국민속촌,25,10000,60,80,19205,traditional fan;korean folk;handicraft,0,ownerclan-com;museumshop-or-kr;onchannel-co-kr
traditional-craft,7,토림도예 분청사기 접시,Torim Pottery Buncheong Dish,토림도예,60,25000,58,500,19203,buncheong ware;torim pottery;korean ceramics,0,dometopia-com;kcdfshop-kr;domema-com
traditional-craft,8,청송백자 백자 다기 세트,Cheongsong Baekja White Porcelain Tea Set,청송백자,180,75000,58,1000,19206,white porcelain;cheongsong;korean tea set,0,sellmoa-com;museumshop-or-kr;supercat-co-kr
traditional-craft,9,각자장 (김각한) 목판화 작품,Gakjajang (Kim Gak-han) Woodblock Print,각자장 (김각한),90,38000,58,200,19207,woodblock print;gakjajang;korean art,0,domeggook-com;kcdfshop-kr;ssamziegil-com
traditional-craft,10,두석장 (김극천) 전통 자물쇠,Duseokjang (Kim Geuk-cheon) Traditional Lock,두석장 (김극천),70,30000,57,250,19208,traditional lock;duseokjang;korean metal craft,0,ownerclan-com;museumshop-or-kr;onchannel-co-kr
traditional-craft,11,화혜장 (황해봉) 전통 꽃신,Hwahyejang (Hwang Hae-bong) Traditional Flower Shoes,화혜장 (황해봉),150,65000,57,400,19209,flower shoes;hwahyejang;korean traditional shoes,0,dometopia-com;kcdfshop-kr;domema-com
traditional-craft,12,지승공예 한지 바구니,Jiseung Craft Hanji Basket,지승공예,50,20000,60,200,19210,hanji basket;jiseung craft;korean paper art,0,sellmoa-com;ssamziegil-com;supercat-co-kr
traditional-craft,13,오이뮤 전통 문양 연필,OIMU Traditional Pattern Pencil Set,오이뮤,20,8000,60,50,19211,korean pencil;oimu;traditional stationery,0,domeggook-com;museumshop-or-kr;kcdfshop-kr
traditional-craft,14,조선놋쇠 유기 그릇,Joseon Notsoe Yugi Bowl,조선놋쇠,85,35000,59,600,19204,yugi bowl;joseon notsoe;korean brassware,0,ownerclan-com;ssamziegil-com;onchannel-co-kr
traditional-craft,15,여명공예 전통 매듭 팔찌,Yeomyeong Craft Traditional Knot Bracelet,여명공예,35,14000,60,30,19212,knot bracelet;yeomyeong craft;korean jewelry,0,dometopia-com;kcdfshop-kr;domema-com
traditional-craft,16,국립박물관문화재단 뮷즈 전통 문양 컵받침,Museum Shop Traditional Pattern Coaster,국립박물관문화재단 (뮷즈),18,7000,61,60,19201,korean coaster;museum goods;traditional pattern,0,sellmoa-com;museumshop-or-kr;supercat-co-kr
traditional-craft,17,채율 전통 문양 책갈피,Chaeyul Traditional Pattern Bookmark,채율,15,6000,60,20,19211,korean bookmark;chaeyul craft;traditional design,0,domeggook-com;ssamziegil-com;kcdfshop-kr
traditional-craft,18,광주요 백자 소주잔,Kwangjuyo White Porcelain Soju Cup,광주요,30,12000,60,100,19203,soju cup;kwangjuyo;korean ceramics,0,ownerclan-com;domema-com;onchannel-co-kr
traditional-craft,19,이도도자기 청자 화병,Yido Pottery Celadon Vase,이도도자기,70,30000,57,700,19202,celadon vase;yido pottery;korean art pottery,0,dometopia-com;museumshop-or-kr;supercat-co-kr
traditional-craft,20,놋담 유기 컵,Notdam Yugi Brass Cup,놋담,60,25000,58,250,19204,yugi cup;notdam brass;korean traditional,0,sellmoa-com;kcdfshop-kr;ssamziegil-com
traditional-craft,21,한국민속촌 전통 탈,Korean Folk Village Traditional Mask,한국민속촌,40,16000,60,150,19213,korean mask;folk art;traditional souvenir,0,domeggook-com;museumshop-or-kr;onchannel-co-kr
traditional-craft,22,토림도예 분청사기 찻잔,Torim Pottery Buncheong Teacup,토림도예,35,14000,60,120,19206,buncheong teacup;torim pottery;korean tea ware,0,ownerclan-com;kcdfshop-kr;domema-com
traditional-craft,23,청송백자 백자 볼펜,Cheongsong Baekja White Porcelain Pen,청송백자,28,11000,61,50,19211,porcelain pen;cheongsong;korean stationery,0,dometopia-com;museumshop-or-kr;supercat-co-kr
traditional-craft,24,각자장 (김각한) 전통 문양 도장,Gakjajang (Kim Gak-han) Traditional Pattern Stamp,각자장 (김각한),55,22000,60,80,19207,korean stamp;gakjajang;traditional craft,0,sellmoa-com;ssamziegil-com;kcdfshop-kr
traditional-craft,25,두석장 (김극천) 전통 경첩,Duseokjang (Kim Geuk-cheon) Traditional Hinge,두석장 (김극천),45,18000,60,150,19208,korean hinge;duseokjang;metal craft,0,domeggook-com;museumshop-or-kr;onchannel-co-kr
traditional-craft,26,화혜장 (황해봉) 전통 버선,Hwahyejang (Hwang Hae-bong) Traditional Korean Socks,화혜장 (황해봉),30,12000,60,80,19209,korean socks;hwahyejang;traditional apparel,0,ownerclan-com;kcdfshop-kr;domema-com
traditional-craft,27,지승공예 한지 등,Jiseung Craft Hanji Lamp,지승공예,75,30000,60,400,19214,hanji lamp;jiseung craft;korean lighting,0,dometopia-com;ssamziegil-com;supercat-co-kr
traditional-craft,28,오이뮤 전통 문양 엽서,OIMU Traditional Pattern Postcard Set,오이뮤,15,6000,60,30,19211,korean postcard;oimu;traditional art,0,sellmoa-com;museumshop-or-kr;kcdfshop-kr
traditional-craft,29,조선놋쇠 유기 주전자,Joseon Notsoe Yugi Kettle,조선놋쇠,150,65000,57,800,19204,yugi kettle;joseon notsoe;korean brassware,0,domeggook-com;ssamziegil-com;onchannel-co-kr
traditional-craft,30,여명공예 전통 매듭 노리개,Yeomyeong Craft Traditional Knot Norigae,여명공예,50,20000,60,80,19212,knot norigae;yeomyeong craft;korean accessory,0,ownerclan-com;kcdfshop-kr;domema-com
